tree
version=v4
num_class=1
num_tree_per_iteration=1
label_index=0
max_feature_idx=12
objective=quantile
feature_names=Column_0 Column_1 Column_2 Column_3 Column_4 Column_5 Column_6 Column_7 Column_8 Column_9 Column_10 Column_11 Column_12
feature_infos=[0:1] [0:23.75] [0:1] [0:1] [0:0.18181818181818182] [19.303046432110836:46.514387027483046] [19.303046432110836:46.514387027483046] [27.418761854969791:84.014308517749271] [0:1] [0:0.75130242253100099] [0:1] [0:1] [0.40000000000000002:1.26]
tree_sizes=1486 1566 1560 1561 1560 1567 1558 1567 1571 1563 1575 1569 1567 1573 1580 1570 1571 1576 1578 1580 1577 1586 1577 1584 1572 1579 1567 1565 1583 1575 1571 1571 1572 1565 1569 1565 1560 1579 1562 1555 1573 1557 1555 1578 1586 1574 1575 1582 1574 1576 1570 1576 1573 1571 1580 1574 1568 1563 1569 1556 1574 1559 1582 1560 1561 1575 1573 1585 1556 1576 1565 1588 1582 1574 1585 1571 1560 1573 1577 1585 1570 1582 1557 1571 1556 1574 1544 1563 1579 1562 1589 1570 1574 1586 1595 1576 1565 1574 1574 1560 1585 1575 1578 1582 1589 1570 1561 1541 1551 1568 1527 1552 1534 1528 1566 1542 1542 1558 1535 1532

Tree=0
num_leaves=15
num_cat=0
split_feature=0 12 12 0 0 12 8 0 0 0 0 12 0 12
split_gain=4345.37 5579.82 1011.78 211.355 187.474 597.956 55.4931 50.6689 26.2251 21.3408 10.993 39.9816 10.4607 33.5093
threshold=0.2473684210526316 1.1300000000000001 0.82000000000000017 0.1736842105263158 0.32105263157894742 1.1300000000000001 0.046717464696057191 0.20526315789473687 0.11052631578947369 0.21578947368421056 0.36315789473684218 1.1300000000000001 0.98421052631578954 1.1300000000000001
decision_type=2 2 2 2 2 2 2 2 2 2 2 2 2 2
left_child=1 2 -1 8 5 -2 -7 -3 -4 -5 11 -6 -12 -14
right_child=4 7 3 9 10 6 -8 -9 -10 -11 12 -13 13 -15
leaf_value=0.27755627753560363 0.27171819739379272 0.26135439134319344 0.26548226943909342 0.2670632753387267 0.27472683722456409 0.26441110945798879 0.26586849897385145 0.26306432703302757 0.26608299736964108 0.26827726321316497 0.28139426567932091 0.2673611140397279 0.27411853290013843 0.26710313274637071
leaf_weight=19440 11340 10800 8910 3240 6480 1890 1890 2160 4860 2430 127440 2160 3240 1080
leaf_count=19440 11340 10800 8910 3240 6480 1890 1890 2160 4860 2430 127440 2160 3240 1080
internal_value=0.268161 0.248102 0.263255 0.25035 0.274847 0.266383 0.238827 0.202642 0.244997 0.26335 0.275759 0.272994 0.27594 0.272068
internal_weight=207360 51840 38880 19440 155520 15120 3780 12960 13770 5670 140400 8640 131760 4320
internal_count=207360 51840 38880 19440 155520 15120 3780 12960 13770 5670 140400 8640 131760 4320
is_linear=0
shrinkage=1


Tree=1
num_leaves=15
num_cat=0
split_feature=0 12 12 0 0 12 0 0 0 12 0 0 0 8
split_gain=3934.67 5257.68 885.331 174.806 163.778 507.513 67.4667 49.7355 24.9389 15.8647 52.6958 54.4359 15.7356 9.5936
threshold=0.2473684210526316 1.1300000000000001 0.82000000000000017 0.16315789473684214 0.32105263157894742 1.1300000000000001 0.19473684210526318 0.28947368421052638 0.20526315789473687 1.1300000000000001 0.96315789473684221 0.37368421052631584 0.10000000000000002 0.020367727331400264
decision_type=2 2 2 2 2 2 2 2 2 2 2 2 2 2
left_child=1 2 -1 12 5 -2 -3 13 -5 -6 11 -11 -4 -7
right_child=4 6 3 8 9 7 -8 -9 -10 10 -12 -13 -14 -15
leaf_value=0.008643848344153637 0.0032728146136876157 -0.0063071602575514654 -0.0024810700485272765 -0.0012485039419855625 0.014160618992288399 -0.0036680848287932964 -0.0047747432617910573 -0.002026681731362381 -5.9901640368193186e-05 -0.00072639301099697295 -0.00081553022314817232 0.0073346337277725663 -0.0020269435292902616 -0.0029980922321218642
leaf_weight=19440 11340 10260 8100 3240 105300 1224 2700 1620 3240 2700 2160 30240 4860 936
leaf_count=19440 11340 10260 8100 3240 105300 1224 2700 1620 3240 2700 2160 30240 4860 936
internal_value=0.000289352 -0.0187978 -0.00408848 -0.0161605 0.00665175 -0.00125926 -0.0629259 -0.0266455 -0.0054321 0.0075037 0.00603077 0.00682453 -0.0215247 -0.0345926
internal_weight=207360 51840 38880 19440 155520 15120 12960 3780 6480 140400 35100 32940 12960 2160
internal_count=207360 51840 38880 19440 155520 15120 12960 3780 6480 140400 35100 32940 12960 2160
is_linear=0
shrinkage=0.08


Tree=2
num_leaves=15
num_cat=0
split_feature=0 12 12 0 0 0 12 8 0 0 0 12 0 0
split_gain=3570.71 5000.18 756.997 179.889 108.289 103.832 323.22 36.009 22.659 16.3051 13.799 47.9941 13.4323 10.5292
threshold=0.25789473684210534 1.1300000000000001 0.82000000000000017 0.18421052631578952 0.18421052631578952 0.33157894736842114 1.1300000000000001 0.071311590035939162 0.1315789473684211 0.22631578947368422 0.9526315789473685 1.1300000000000001 0.22631578947368422 0.14210526315789476
decision_type=2 2 2 2 2 2 2 2 2 2 2 2 2 2
left_child=1 2 -1 8 13 6 -2 -8 -4 -6 -7 -12 -5 -3
right_child=5 4 3 12 9 10 7 -9 -10 -11 11 -13 -14 -15
leaf_value=0.0080524946305786035 0.0033858383345164835 -0.0060327310973548182 -0.0022255438788317196 -0.00066761400556193088 -0.0047471903430586172 0.011293026455445991 -0.0028174679080752532 -0.0016806253471910761 -0.0015490072903958385 -0.0038707320135681414 0.0053152859702977123 -0.0006735234057967343 0.00040612217688399218 -0.0053594975858002681
leaf_weight=20250 11340 7560 10530 3240 2160 127440 1824 1956 4050 1620 8100 2700 2430 2160
leaf_count=20250 11340 7560 10530 3240 2160 127440 1824 1956 4050 1620 8100 2700 2430 2160
internal_value=0.000620371 -0.0170711 -0.0030163 -0.0139536 -0.0592356 0.00684977 0.000555556 -0.0197037 -0.0186557 -0.047746 0.00753819 0.00479259 -0.00186243 -0.0637037
internal_weight=207360 54000 40500 20250 13500 153360 15120 3780 14580 3780 138240 10800 5670 9720
internal_count=207360 54000 40500 20250 13500 153360 15120 3780 14580 3780 138240 10800 5670 9720
is_linear=0
shrinkage=0.08


Tree=3
num_leaves=15
num_cat=0
split_feature=0 12 12 0 12 0 0 8 0 12 0 0 0 0
split_gain=3159 4388.27 684.549 134.006 417.677 119.85 89.2315 71.9984 15.8902 50.1337 13.1556 13.0695 11.7161 8.08254
threshold=0.2473684210526316 1.1300000000000001 0.82000000000000017 0.37368421052631584 1.1300000000000001 0.1736842105263158 0.1736842105263158 0.053244872690528862 0.93157894736842117 1.1300000000000001 0.10000000000000002 0.20526315789473687 0.21578947368421056 0.10000000000000002
decision_type=2 2 2 2 2 2 2 2 2 2 2 2 2 2
left_child=1 2 -1 4 -2 10 13 -6 -5 -10 -4 -7 -8 -3
right_child=3 6 5 8 7 11 12 -9 9 -11 -12 -13 -14 -15
leaf_value=0.0073081409061750563 0.0033497620400917954 -0.0056299515601335058 -0.0021045409343385568 0.013675488331691424 -0.0028824151226256168 -0.00096466800306616875 -0.0045289186950211177 -0.0015083570201397376 0.0054542482668613656 -0.00044039422851595186 -0.0016642590484341466 -2.3322341370111132e-05 -0.0037524884907992363 -0.0052130697363994543
leaf_weight=19440 19440 5400 8100 114480 1998 2430 2160 4482 11340 3780 5670 3240 1620 3780
leaf_count=19440 19440 5400 8100 114480 1998 2430 2160 4482 11340 3780 5670 3240 1620 3780
internal_value=0.000892747 -0.0162099 -0.0027716 0.00659362 0.00134259 -0.0133868 -0.0565247 -0.0162469 0.00764383 0.00520635 -0.0174176 -0.00359788 -0.0461799 -0.0607843
internal_weight=207360 51840 38880 155520 25920 19440 12960 6480 129600 15120 13770 5670 3780 9180
internal_count=207360 51840 38880 155520 25920 19440 12960 6480 129600 15120 13770 5670 3780 9180
is_linear=0
shrinkage=0.08


Tree=4
num_leaves=15
num_cat=0
split_feature=0 12 12 0 0 0 12 8 0 0 12 0 0 0
split_gain=2787.52 3909.43 600.852 119.808 109.857 94.268 282.704 34.7085 18.8771 16.1941 50.938 14.6679 9.68791 8.60119
threshold=0.25789473684210534 1.1300000000000001 0.82000000000000017 0.18421052631578952 0.1736842105263158 0.37368421052631584 1.1300000000000001 0.068529383742076885 0.22631578947368422 0.92105263157894746 1.1300000000000001 0.12105263157894738 0.12105263157894738 0.21578947368421056
decision_type=2 2 2 2 2 2 2 2 2 2 2 2 2 2
left_child=1 2 -1 11 12 6 -2 -8 -6 -7 -11 -4 -3 -5
right_child=5 4 3 13 8 9 7 -9 -10 10 -12 -13 -14 -15
leaf_value=0.0068241020272840781 0.003290976036688157 -0.00513737659265384 -0.0019147456252531759 -0.00068215606862672838 -0.0041175395503268084 0.013063976957766985 -0.0023704234543778474 -0.0013421740648637784 -0.0032927260047371253 0.0052951258306867819 -0.00034713786466329834 -0.0013750121337995638 -0.0047253742335517717 0.0001274738664813392
leaf_weight=20250 17820 6480 9720 2430 2700 112320 1776 4164 1620 12960 4320 4860 2700 3240
leaf_count=20250 17820 6480 9720 2430 2700 112320 1776 4164 1620 12960 4320 4860 2700 3240
internal_value=0.00124614 -0.0143852 -0.00195753 -0.0117017 -0.0516681 0.00675013 0.00211785 -0.0129966 -0.0411481 0.00759938 0.00531944 -0.0155391 -0.0566187 -0.00183421
internal_weight=207360 54000 40500 20250 13500 153360 23760 5940 4320 129600 17280 14580 9180 5670
internal_count=207360 54000 40500 20250 13500 153360 23760 5940 4320 129600 17280 14580 9180 5670
is_linear=0
shrinkage=0.08


Tree=5
num_leaves=15
num_cat=0
split_feature=0 12 12 0 12 8 0 0 0 12 0 2 4 2
split_gain=2454.47 3282.68 552.452 135.417 362.759 63.7813 62.4098 53.2678 17.9236 56.4748 10.9191 9.46872 8.54448 8.26435
threshold=0.23684210526315794 1.1300000000000001 0.82000000000000017 0.37368421052631584 1.1300000000000001 0.040042480749952973 0.15263157894736842 0.16315789473684214 0.90000000000000013 1.1300000000000001 0.19473684210526318 0.75000000000000011 1.0000000180025095e-35 1.0000000180025095e-35
decision_type=2 2 2 2 2 2 2 2 2 2 2 2 2 2
left_child=1 2 -1 4 -2 -6 -4 11 -5 -10 -8 12 -3 -9
right_child=3 7 6 8 5 -7 10 13 9 -11 -12 -13 -14 -15
leaf_value=0.0060838832772581331 0.002710690712135172 -0.0049412006422302228 -0.0017018684457099731 0.012931159332533353 -0.0025764473831846146 -0.001303794547129009 -0.0010187902267586647 -0.0042691746283449565 0.0053401853614514572 -0.00027353579465954931 -0.00031707663987707392 -0.0044397776403777645 -0.0045760859272170988 -0.003630440580503754
leaf_weight=18630 21060 2112 12150 108000 2238 4782 3240 546 16200 5400 3240 2400 4128 3234
leaf_count=18630 21060 2112 12150 108000 2238 4782 3240 546 16200 5400 3240 2400 4128 3234
internal_value=0.00155286 -0.0139533 -0.00208051 0.00643836 0.00140171 -0.0143476 -0.0118218 -0.0495717 0.00752963 0.00542593 -0.00548148 -0.053037 -0.0546795 -0.0416508
internal_weight=207360 49680 37260 157680 28080 7020 18630 12420 129600 21600 6480 8640 6240 3780
internal_count=207360 49680 37260 157680 28080 7020 18630 12420 129600 21600 6480 8640 6240 3780
is_linear=0
shrinkage=0.08


Tree=6
num_leaves=15
num_cat=0
split_feature=0 12 12 0 0 12 0 0 0 8 2 0 0 0
split_gain=2168.04 2970.45 479.488 140.655 91.1316 70.2016 168.288 63.3219 22.2619 14.6533 13.0142 9.18765 9.18 8.91975
threshold=0.268421052631579 1.1300000000000001 0.82000000000000017 0.20526315789473687 0.1736842105263158 1.1300000000000001 0.37368421052631584 0.88947368421052642 0.14210526315789476 0.082151990606600625 1.0000000180025095e-35 0.20526315789473687 0.12105263157894738 0.23684210526315794
decision_type=2 2 2 2 2 2 2 2 2 2 2 2 2 2
left_child=1 2 -1 8 12 -2 9 -8 10 -7 -3 -6 -4 -5
right_child=5 3 4 13 11 6 7 -9 -10 -11 -12 -13 -14 -15
leaf_value=0.0058934033848350833 0.008314829327957414 -0.004802054316740691 -0.0016254164995761246 -0.00318984061839121 -0.00074786216009518848 -0.0017019573497707493 0.0066679896428693073 -0.00024034199591375067 -0.0037385239969232099 -0.001088191180545667 -0.004159611475934087 -5.7911564630650505e-05 -0.0011937593507609745 -0.0025549322834433163
leaf_weight=21060 113400 1092 9720 1620 2430 1536 26460 5940 3240 3864 6468 4860 4050 1620
leaf_count=21060 113400 1092 9720 1620 2430 1536 26460 5940 3240 3864 6468 4860 4050 1620
internal_value=0.00183102 -0.0115912 -0.000968661 -0.0434587 -0.00950427 0.0068164 0.00383069 0.00600988 -0.0478444 -0.00924444 -0.0502222 -0.0022716 -0.0133333 -0.0288395
internal_weight=207360 56160 42120 14040 21060 151200 37800 32400 10800 5400 7560 7290 13770 3240
internal_count=207360 56160 42120 14040 21060 151200 37800 32400 10800 5400 7560 7290 13770 3240
is_linear=0
shrinkage=0.08


Tree=7
num_leaves=15
num_cat=0
split_feature=0 12 12 0 0 0 12 2 0 12 0 8 0 0
split_gain=1898.38 2558.03 428.431 134.367 76.0842 65.4568 135.21 21.3507 20.9357 54.0596 13.9784 12.6464 12.5334 9.5888
threshold=0.268421052631579 1.1300000000000001 0.82000000000000017 0.19473684210526318 0.18421052631578952 0.37368421052631584 1.1300000000000001 1.0000000180025095e-35 0.88947368421052642 1.1300000000000001 0.11052631578947369 0.083681718027789662 0.22631578947368422 0.11052631578947369
decision_type=2 2 2 2 2 2 2 2 2 2 2 2 2 2
left_child=1 2 -1 7 13 6 -2 -3 -7 -10 -9 -8 -5 -4
right_child=5 3 4 12 -6 8 11 10 9 -11 -12 -13 -14 -15
leaf_value=0.0054219311140482774 0.0023470000522557255 -0.0042871245398360056 -0.001502860544098516 -0.003044288566735439 -0.00021987773597284926 0.011768404085873549 -0.0015601155480994683 -0.0039053365323826225 0.0044549112932227289 -0.00022111463624064883 -0.0034371461398984299 -0.00099989092902170161 -0.002466565825741153 -0.0011057629549886699
leaf_weight=21060 16200 1482 8910 1620 6480 105840 1602 5082 17820 5940 3696 3798 2160 5670
leaf_count=21060 16200 1482 8910 1620 6480 105840 1602 5082 17820 5940 3696 3798 2160 5670
internal_value=0.00206404 -0.0104957 -0.000638176 -0.0400684 -0.00870655 0.0067291 0.00265185 -0.0448187 0.00740864 0.00526263 -0.0433192 -0.00831111 -0.0271746 -0.0119122
internal_weight=207360 56160 42120 14040 21060 151200 21600 10260 129600 23760 8778 5400 3780 14580
internal_count=207360 56160 42120 14040 21060 151200 21600 10260 129600 23760 8778 5400 3780 14580
is_linear=0
shrinkage=0.08


Tree=8
num_leaves=15
num_cat=0
split_feature=0 12 12 0 0 12 6 0 0 0 0 2 0 0
split_gain=1641.35 2144.03 389.206 157.638 67.3421 58.0127 119.678 28.558 19.9062 18.3938 17.5284 16.5562 9.84688 8.52198
threshold=0.27894736842105267 1.1300000000000001 0.82000000000000017 0.18421052631578952 0.19473684210526318 1.1300000000000001 30.015400967780213 0.39473684210526322 0.22631578947368422 0.40526315789473694 0.88947368421052642 1.0000000180025095e-35 0.14210526315789476 0.11052631578947369
decision_type=2 2 2 2 2 2 2 2 2 2 2 2 2 2
left_child=1 2 -1 11 12 -2 7 -7 -5 -8 -9 -3 -4 -13
right_child=5 3 4 8 -6 6 9 10 -10 -11 -12 13 -14 -15
leaf_value=0.0050788271440914872 0.0076489388483479909 -0.0039687497101359905 -0.0013429635267981777 -0.0028501425653527741 -0.00014738088225842006 -0.0011659654268791758 -0.00011281132983154141 0.0020795085395075175 -0.0021333851648776118 0.0057607889634077262 -0.00046083182190031493 -0.0035929096097920129 -0.0008258902757038569 -0.0031997830134748062
leaf_weight=21870 111780 1404 11340 2160 6480 4320 1962 2418 2700 24282 4278 5082 4050 3234
leaf_count=21870 111780 1404 11340 2160 6480 4320 1962 2418 2700 24282 4278 5082 4050 3234
internal_value=0.00231366 -0.00906447 -0.000208504 -0.0356324 -0.00775491 0.00676597 0.00403221 -0.00296587 -0.0238683 0.00696967 0.000305855 -0.0415144 -0.0106355 -0.0401578
internal_weight=207360 58320 43740 14580 21870 149040 37260 11016 4860 26244 6696 9720 15390 8316
internal_count=207360 58320 43740 14580 21870 149040 37260 11016 4860 26244 6696 9720 15390 8316
is_linear=0
shrinkage=0.08


Tree=9
num_leaves=15
num_cat=0
split_feature=0 12 12 0 0 6 12 0 0 0 0 12 0 2
split_gain=1413.83 1805.21 356.447 163.863 57.5318 50.9564 91.0042 23.6017 15.1579 14.1502 12.5319 10.6276 9.95487 9.22878
threshold=0.28947368421052638 1.1300000000000001 0.82000000000000017 0.18421052631578952 0.16315789473684214 29.792536269536985 1.1300000000000001 0.23684210526315794 0.39473684210526322 0.1315789473684211 0.88947368421052642 0.82000000000000017 0.99473684210526325 1.0000000180025095e-35
decision_type=2 2 2 2 2 2 2 2 2 2 2 2 2 2
left_child=1 2 -1 9 -4 6 11 -5 -8 13 -10 -2 -13 -3
right_child=5 3 4 7 -6 -7 8 -9 10 -11 -12 12 -14 -15
leaf_value=0.0047664004903825094 0.017916387038009844 -0.0037982966842115928 -0.0012055839054965567 -0.00257263435215991 -0.00030578212183209578 0.008563165523572171 -0.001024410861503596 -0.0018578533084271393 0.0017588204693713295 -0.0030021533118884274 -0.00042780663238283596 0.0016705333728399658 -0.00055460195256089144 -0.0032703662660257512
leaf_weight=22680 14544 1014 12960 2700 9720 108096 3630 2700 1962 2700 4104 13770 774 6006
leaf_count=22680 14544 1014 12960 2700 9720 108096 3630 2700 1962 2700 4104 13770 774 6006
internal_value=0.00248225 -0.00781217 0.000167549 -0.0317513 -0.00692416 0.00672113 0.0042335 -0.0205778 -0.00247855 -0.0379588 -3.16515e-05 0.00647085 0.00494169 -0.0398519
internal_weight=207360 60480 45360 15120 22680 146880 38784 5400 9696 9720 6066 29088 14544 7020
internal_count=207360 60480 45360 15120 22680 146880 38784 5400 9696 9720 6066 29088 14544 7020
is_linear=0
shrinkage=0.08


Tree=10
num_leaves=15
num_cat=0
split_feature=0 12 12 0 12 0 0 12 12 0 8 0 5 0
split_gain=1190.14 1401.95 307.703 121.049 154.531 47.8176 37.6035 68.9547 35.5283 24.7667 17.4091 7.77532 7.29525 7.23089
threshold=0.23684210526315794 1.1300000000000001 0.82000000000000017 0.37368421052631584 1.1300000000000001 0.15263157894736842 0.88947368421052642 1.1300000000000001 0.82000000000000017 0.15263157894736842 0.010113988494202433 0.078947368421052641 25.424311443374247 0.41578947368421054
decision_type=2 2 2 2 2 2 2 2 2 2 2 2 2 2
left_child=1 2 -1 4 8 11 13 -8 -2 -4 -6 -3 -13 -5
right_child=3 5 9 6 10 -7 7 -9 -10 -11 -12 12 -14 -15
leaf_value=0.0039043276444088982 0.013071047594591212 -0.0031875830243343747 -0.0011272585927389112 0.0027210019151045935 -0.0019061360537322774 -0.0024666695681698492 0.003289050303806692 -0.00049652745168317163 0.00024212874874877789 -0.00045319511734615448 -0.0010817436060135991 -0.0029604088967940677 -0.0031077991098669667 0.011233997197695893
leaf_weight=18630 10530 4320 12150 8640 1344 4320 17820 5940 10530 6480 5676 2736 1044 97200
leaf_count=18630 10530 4320 12150 8640 1344 4320 17820 5940 10530 6480 5676 2736 1044 97200
internal_value=0.00264776 -0.00814976 -0.000390767 0.00604972 0.00128775 -0.0314267 0.00708148 0.00420539 0.00471415 -0.00766076 -0.00899145 -0.0350519 -0.0324021 0.00772714
internal_weight=207360 49680 37260 157680 28080 12420 129600 23760 21060 18630 7020 8100 3780 105840
internal_count=207360 49680 37260 157680 28080 12420 129600 23760 21060 18630 7020 8100 3780 105840
is_linear=0
shrinkage=0.08


Tree=11
num_leaves=15
num_cat=0
split_feature=0 12 12 0 12 6 0 0 0 0 0 12 0 12
split_gain=1023.09 1144.29 286.986 106.881 63.3159 93.1985 42.1004 32.2278 40.4294 15.4365 13.2769 16.5959 12.8068 15.3485
threshold=0.28947368421052638 1.1300000000000001 0.82000000000000017 0.20526315789473687 1.1300000000000001 32.129481771379169 0.19473684210526318 0.40526315789473694 0.88947368421052642 0.1315789473684211 0.97368421052631593 0.82000000000000017 0.37368421052631584 0.82000000000000017
decision_type=2 2 2 2 2 2 2 2 2 2 2 2 2 2
left_child=1 2 -1 9 10 7 -4 -6 -9 -3 12 -12 13 -2
right_child=4 3 6 -5 5 -7 -8 8 -10 -11 11 -13 -14 -15
leaf_value=0.0040607376177462266 0.013679491937622168 -0.0028733059120739173 -0.0009618868199753796 -0.0017431277514459616 -0.0010144423796999685 0.0052475334370307497 -0.00013694050105375575 0.0022230246451056617 -0.00050473105982390594 -0.002508481444917051 0.014090747781595589 -0.0001810629948114162 0.011361656550672242 0.00045836168910704959
leaf_weight=22680 6480 7020 15390 4320 5256 19554 7290 6462 5448 3780 2430 2430 92340 6480
leaf_count=22680 6480 7020 15390 4320 5256 19554 7290 6462 5448 3780 2430 2430 92340 6480
internal_value=0.00284838 -0.00590873 0.000444445 -0.0249683 0.00645425 0.00357734 -0.00591887 -0.000724222 0.00157851 -0.0292222 0.00741322 0.0033251 0.0076019 0.00524691
internal_weight=207360 60480 45360 15120 146880 36720 22680 17166 11910 10800 110160 4860 105300 12960
internal_count=207360 60480 45360 15120 146880 36720 22680 17166 11910 10800 110160 4860 105300 12960
is_linear=0
shrinkage=0.08


Tree=12
num_leaves=15
num_cat=0
split_feature=0 12 12 0 12 6 0 0 0 0 12 0 0 12
split_gain=898.173 925.237 260.749 103.144 57.9054 78.9119 39.569 24.8613 42.2157 14.2016 18.1557 13.4717 9.73295 11.8127
threshold=0.30000000000000004 1.1300000000000001 0.82000000000000017 0.21578947368421056 1.1300000000000001 32.287921370497749 0.1736842105263158 0.42631578947368426 0.88947368421052642 0.96315789473684221 0.82000000000000017 0.15263157894736842 0.37368421052631584 0.82000000000000017
decision_type=2 2 2 2 2 2 2 2 2 2 2 2 2 2
left_child=1 2 -1 11 9 7 -4 -6 -9 12 -11 -3 13 -2
right_child=4 3 6 -5 5 -7 -8 8 -10 10 -12 -13 -14 -15
leaf_value=0.0038330977226040995 0.012882318147227153 -0.0026312102254734764 -0.0009283922569797838 -0.001508016533399472 -0.0009110811022796239 0.0049898444741183169 -0.0001976199200888107 0.002600956830511203 -0.00046718561117124139 0.013524330544780907 -6.4591346010140453e-05 -0.002256490185393313 0.010921172688287019 0.00053479885019548212
leaf_weight=23490 5670 8100 13770 4320 5364 19140 9720 6186 5490 3240 3240 3240 90720 5670
leaf_count=23490 5670 8100 13770 4320 5364 19140 9720 6186 5490 3240 3240 3240 90720 5670
internal_value=0.00300926 -0.00499361 0.000619839 -0.021834 0.00647319 0.00370149 -0.00534014 -0.000258216 0.00181295 0.00739709 0.00376543 -0.0258413 0.00762767 0.00541799
internal_weight=207360 62640 46980 15660 144720 36180 23490 17040 11676 108540 6480 11340 102060 11340
internal_count=207360 62640 46980 15660 144720 36180 23490 17040 11676 108540 6480 11340 102060 11340
is_linear=0
shrinkage=0.08


Tree=13
num_leaves=15
num_cat=0
split_feature=0 12 12 0 12 6 0 0 0 0 12 8 0 12
split_gain=790.041 755.847 232.082 84.2841 57.9978 71.7332 34.5254 27.4742 44.6984 14.8593 20.4646 10.3101 10.2864 12.5334
threshold=0.30000000000000004 1.1300000000000001 0.82000000000000017 0.19473684210526318 1.1300000000000001 32.910862467217676 0.16315789473684214 0.42631578947368426 0.87894736842105281 0.94210526315789489 0.82000000000000017 0.0072146443053183748 0.37368421052631584 0.82000000000000017
decision_type=2 2 2 2 2 2 2 2 2 2 2 2 2 2
left_child=1 2 -1 -3 9 7 -4 -6 -9 12 -11 -5 13 -2
right_child=4 3 6 11 5 -7 -8 8 -10 10 -12 -13 -14 -15
leaf_value=0.0035264499047957722 0.011851732695448978 -0.0023510446499944988 -0.00087014773208454006 -0.0017124238649304921 -0.00084192874657133452 0.0053942799783054229 -0.00021385837983528054 0.0027773149147293425 -0.000418216334629008 0.013529581515365721 0.00012227982794604743 -0.0011090186796164712 0.010994297951559462 0.00049201494217984427
leaf_weight=23490 5670 10260 12960 3402 5664 17310 10530 7146 6060 4860 4860 1998 87480 5670
leaf_count=23490 5670 10260 12960 3402 5664 17310 10530 7146 6060 4860 4860 1998 87480 5670
internal_value=0.00314043 -0.00436526 0.000708387 -0.0195862 0.00638917 0.00361526 -0.00491443 0.000203498 0.00220264 0.0073138 0.00432922 -0.0114963 0.00760737 0.00534039
internal_weight=207360 62640 46980 15660 144720 36180 23490 18870 13206 108540 9720 5400 98820 11340
internal_count=207360 62640 46980 15660 144720 36180 23490 18870 13206 108540 9720 5400 98820 11340
is_linear=0
shrinkage=0.08


Tree=14
num_leaves=15
num_cat=0
split_feature=0 12 12 12 0 0 5 12 0 0 8 10 12 8
split_gain=703.297 568.94 181.307 93.9781 134.898 76.3972 26.6081 46.6885 17.6035 10.7686 9.34354 9.34225 8.86206 6.79898
threshold=0.22631578947368422 1.1300000000000001 0.82000000000000017 1.1300000000000001 0.42631578947368426 0.87894736842105281 29.788650492795529 0.82000000000000017 0.15263157894736842 0.14210526315789476 0.010113988494202433 1.0000000180025095e-35 0.52000000000000013 0.19754886410199077
decision_type=2 2 2 2 2 2 2 2 2 2 2 2 2 2
left_child=1 2 12 6 10 -6 7 -2 -3 -4 -5 13 -1 -9
right_child=3 8 9 4 5 -7 -8 11 -10 -11 -12 -13 -14 -15
leaf_value=0.017396114160216261 0.011274616564158726 -0.0022326298354360392 -0.00082806490007230954 -0.0014369333004074919 0.0046055472712768549 -0.00036785205682095842 0.010613306632197412 0.00014658172084073623 -0.0018301735542963582 -0.00039035056488707611 -0.00076854600656521609 0.0031382485831152663 0.0016370390375864297 0.0014197475624018361
leaf_weight=5940 19287 8100 11340 1884 23220 6480 81306 13032 3780 6480 8376 2880 11880 3375
leaf_count=5940 19287 8100 11340 1884 23220 6480 81306 13032 3780 6480 8376 2880 11880 3375
internal_value=0.00326196 -0.00528283 -0.000228956 0.0058023 0.00244244 0.00517441 0.00692226 0.00519189 -0.0204444 -0.0059349 -0.00546589 0.00240867 0.00547699 0.00167099
internal_weight=207360 47520 35640 159840 39960 29700 119880 38574 11880 17820 10260 19287 17820 16407
internal_count=207360 47520 35640 159840 39960 29700 119880 38574 11880 17820 10260 19287 17820 16407
is_linear=0
shrinkage=0.08


Tree=15
num_leaves=15
num_cat=0
split_feature=0 12 12 0 5 12 12 0 0 0 0 12 0 0
split_gain=607.99 495.311 187.582 55.8465 55.7128 76.5382 25.9958 23.4661 14.693 18.1885 12.1124 18.911 11.2796 26.4423
threshold=0.30000000000000004 0.82000000000000017 1.1300000000000001 0.1736842105263158 31.498867291051361 0.82000000000000017 1.1300000000000001 0.15263157894736842 0.9526315789473685 0.37368421052631584 0.40526315789473694 1.1300000000000001 0.44736842105263164 0.86842105263157909
decision_type=2 2 2 2 2 2 2 2 2 2 2 2 2 2
left_child=1 -1 7 -4 5 -2 8 -3 9 -7 11 -6 -8 -14
right_child=4 2 3 -5 10 6 12 -9 -10 -11 -12 -13 13 -15
leaf_value=0.0030778467358969185 0.013952311019762466 -0.00075113045075997592 -0.0020247626472763435 -0.0013224572796390903 0.0031927111695409945 9.1169934754178962e-05 -0.00071824151042234154 -0.00022937188862964312 -8.5977612245505494e-05 0.0027802544990727959 0.009279941132521197 -0.00076740005161387442 0.0024336846945247717 -0.00033845104809418481
leaf_weight=23490 22491 12150 9180 6480 3798 4887 4956 11340 4014 13590 79680 1266 4002 6036
leaf_count=23490 22491 12150 9180 6480 3798 4887 4956 11340 4014 13590 79680 1266 4002 6036
internal_value=0.00332639 -0.00325798 -0.00876833 -0.0155504 0.00617634 0.00431052 0.00209684 -0.00424691 0.00381699 0.00477004 0.00749684 0.003703 -0.000483393 0.00105838
internal_weight=207360 62640 39150 15660 144720 59976 37485 23490 22491 18477 84744 5064 14994 10038
internal_count=207360 62640 39150 15660 144720 59976 37485 23490 22491 18477 84744 5064 14994 10038
is_linear=0
shrinkage=0.08


Tree=16
num_leaves=15
num_cat=0
split_feature=0 12 12 12 6 0 0 0 0 12 0 12 0 12
split_gain=527.839 416.483 140.116 60.5684 65.8918 41.8558 24.0563 46.9177 20.4284 32.749 20.9243 24.2131 20.0811 9.87146
threshold=0.30000000000000004 0.82000000000000017 1.1300000000000001 1.1300000000000001 33.80058569148936 0.20526315789473687 0.44736842105263164 0.86842105263157909 0.91052631578947374 0.82000000000000017 0.37368421052631584 0.82000000000000017 0.19473684210526318 0.52000000000000013
decision_type=2 2 2 2 2 2 2 2 2 2 2 2 2 2
left_child=1 13 12 8 6 -4 -5 -8 10 -10 11 -2 -3 -1
right_child=3 2 5 4 -6 -7 7 -9 9 -11 -12 -13 -14 -15
leaf_value=0.016870665106576435 0.0088930833715412921 -0.00064504315233293141 -0.0018175453307733916 -0.0006733954807336556 0.005216871221963534 -0.0011251766856572554 0.0027189476371649395 -0.00038796137320680035 0.011804234851728618 7.4613073499666028e-05 0.010329492542904686 8.4298126802455361e-05 -9.5441338129261281e-05 0.0017949721747073217
leaf_weight=7830 5670 15390 10800 6738 14856 4860 7908 6678 7290 7290 82620 5670 8100 15660
leaf_count=7830 5670 15390 10800 6738 14856 4860 7908 6678 7290 7290 82620 5670 8100 15660
internal_value=0.00339429 -0.00274074 -0.00779361 0.00604975 0.00321504 -0.0136552 0.00036541 0.00219169 0.00699466 0.00420851 0.00742699 0.00420459 -0.00388591 0.00568072
internal_weight=207360 62640 39150 144720 36180 15660 21324 14586 108540 14580 93960 11340 23490 23490
internal_count=207360 62640 39150 144720 36180 15660 21324 14586 108540 14580 93960 11340 23490 23490
is_linear=0
shrinkage=0.08


Tree=17
num_leaves=15
num_cat=0
split_feature=0 12 12 12 6 0 0 12 0 12 0 0 0 12
split_gain=462.406 355.6 104.901 59.2061 59.7034 32.8243 23.2674 38.1019 22.0499 23.7532 21.8304 43.5176 17.7792 11.2192
threshold=0.30000000000000004 0.82000000000000017 1.1300000000000001 1.1300000000000001 33.870230742879407 0.20526315789473687 0.88947368421052642 0.82000000000000017 0.37368421052631584 0.82000000000000017 0.44736842105263164 0.85789473684210538 0.14210526315789476 0.52000000000000013
decision_type=2 2 2 2 2 2 2 2 2 2 2 2 2 2
left_child=1 13 12 6 10 -4 8 -8 9 -2 -5 -12 -3 -1
right_child=3 2 5 4 -6 -7 7 -9 -10 -11 11 -13 -14 -15
leaf_value=0.015521011898050321 0.0081816367018179917 -0.00065012581981909183 -0.0016721417043115208 -0.00062034376393808757 0.0048998690515204089 -0.0010351625508046747 0.011711949321684125 0.00010168007650749101 0.010303292652284531 7.7554276658260154e-05 0.0027468981793807813 -0.00033897086865324294 -0.00020065930216915513 0.0016513744007307369
leaf_weight=7830 5670 11340 10800 6762 14652 4860 8910 8910 79380 5670 7680 7086 12150 15660
leaf_count=7830 5670 11340 10800 6762 14652 4860 8910 8910 79380 5670 7680 7086 12150 15660
internal_value=0.00348804 -0.00225415 -0.00692312 0.00597347 0.00317081 -0.0119949 0.00690768 0.00426487 0.00742681 0.00412698 0.000489781 0.00221373 -0.00354193 0.00552746
internal_weight=207360 62640 39150 144720 36180 15660 108540 17820 90720 11340 21528 14766 23490 23490
internal_count=207360 62640 39150 144720 36180 15660 108540 17820 90720 11340 21528 14766 23490 23490
is_linear=0
shrinkage=0.08


Tree=18
num_leaves=15
num_cat=0
split_feature=0 12 12 0 12 0 0 12 0 0 12 0 6 0
split_gain=414.863 354.469 81.5587 71.547 67.3681 52.4086 25.6393 16.1749 37.805 14.4134 17.0379 10.2299 8.75852 8.36102
threshold=0.3842105263157895 0.82000000000000017 1.1300000000000001 0.88947368421052642 0.82000000000000017 0.22631578947368422 0.19473684210526318 1.1300000000000001 0.4578947368421053 0.1736842105263158 0.52000000000000013 0.83684210526315794 29.893552987076848 0.99473684210526325
decision_type=2 2 2 2 2 2 2 2 2 2 2 2 2 2
left_child=1 9 6 7 -5 -4 -3 -2 -9 10 -1 -10 13 -6
right_child=3 2 5 4 12 -7 -8 8 11 -11 -12 -13 -14 -15
leaf_value=0.012586335306701089 0.0098527087067306115 -0.00055219713400380863 -0.0015141129614104263 0.010774993375949395 0.00024185904443439895 -0.0006769257416241965 -7.2105041217183016e-06 -0.00045807178179856913 0.0049187260471639134 0.0063801560052140138 0.00067110751924182477 0.0004714508790721935 -0.00052656751586839599 -0.00076625102198545568
leaf_weight=4590 77760 15390 11880 8910 9210 8100 14580 3780 19440 16200 9180 2700 4350 1290
leaf_count=4590 77760 15390 11880 8910 9210 8100 14580 3780 19440 16200 9180 2700 4350 1290
internal_value=0.00356366 -0.000954955 -0.00508188 0.00639736 0.00243771 -0.00904104 -0.00244244 0.00730478 0.00557407 0.00592326 0.00402033 0.0068365 -0.000861953 0.000388572
internal_weight=207360 79920 49950 127440 23760 19980 29970 103680 25920 29970 13770 22140 14850 10500
internal_count=207360 79920 49950 127440 23760 19980 29970 103680 25920 29970 13770 22140 14850 10500
is_linear=0
shrinkage=0.08


Tree=19
num_leaves=15
num_cat=0
split_feature=0 12 0 12 12 0 0 12 0 0 12 0 6 12
split_gain=376.156 317.746 70.3328 65.4571 62.299 40.3701 22.7568 14.6459 27.6418 14.3457 17.9759 10.377 7.11215 8.26176
threshold=0.39473684210526322 0.82000000000000017 0.88947368421052642 0.82000000000000017 1.1300000000000001 0.21578947368421056 0.1315789473684211 1.1300000000000001 0.4578947368421053 0.18421052631578952 0.52000000000000013 0.82631578947368434 29.792536269536985 1.1300000000000001
decision_type=2 2 2 2 2 2 2 2 2 2 2 2 2 2
left_child=1 9 7 -4 6 -6 -3 -2 -9 10 -1 -10 -5 -14
right_child=2 4 3 12 5 -7 -8 8 11 -11 -12 -13 13 -15
leaf_value=0.011657442385659458 0.0094552478824730911 -0.0005739400748619594 0.0099129939058734441 7.3165849314727347e-05 -0.0014062761223838066 -0.00065005246499999492 -8.6744971488772086e-05 -0.00032516048431395793 0.0047484732787861673 0.0063144287316115912 0.0006428891657819111 0.00055118451129604579 -0.00011315349738647175 -0.0008708327635731267
leaf_weight=4860 76140 10530 8910 10260 11340 9180 20250 3240 18900 16200 9720 3240 2754 1836
leaf_count=4860 76140 10530 8910 10260 11340 9180 20250 3240 18900 16200 9720 3240 2754 1836
internal_value=0.00363156 -0.000577972 0.00638953 0.00247138 -0.00443353 -0.00784795 -0.00215724 0.00730654 0.00564224 0.00584795 0.00402744 0.00665221 -0.000781144 -0.00339869
internal_weight=207360 82080 125280 23760 51300 20520 30780 101520 25380 30780 14580 22140 14850 4590
internal_count=207360 82080 125280 23760 51300 20520 30780 101520 25380 30780 14580 22140 14850 4590
is_linear=0
shrinkage=0.08


Tree=20
num_leaves=15
num_cat=0
split_feature=0 12 0 12 0 12 0 12 12 0 12 0 12 6
split_gain=339.21 288.133 68.0314 64.0552 52.0075 38.3175 14.5259 18.7654 14.1536 22.4934 11.9144 11.4243 6.11273 8.22833
threshold=0.40526315789473694 0.82000000000000017 0.88947368421052642 0.82000000000000017 0.21578947368421056 1.1300000000000001 0.19473684210526318 0.52000000000000013 1.1300000000000001 0.46842105263157902 1.1300000000000001 0.81578947368421062 1.1300000000000001 31.645305019443899
decision_type=2 2 2 2 2 2 2 2 2 2 2 2 2 2
left_child=1 6 8 -4 5 -3 7 -1 -2 -10 -6 -11 -5 -14
right_child=2 4 3 12 10 -7 -8 -9 9 11 -12 -13 13 -15
leaf_value=0.010827912977270327 0.0090940377057564768 -0.00044725451585710287 0.0091199543934035662 0.00010287949018739599 5.1501793688418021e-05 -0.001293774032593102 0.0062553826000183912 0.00062724372202635601 -0.00019696380149794826 0.004910102567511121 -0.00058903296445762105 0.00059227992978037858 -0.00023962382952484086 -0.0010737644761450243
leaf_weight=5130 74520 17010 8910 8910 14580 11340 16200 10260 3240 17820 9720 3780 5256 684
leaf_count=5130 74520 17010 8910 8910 14580 11340 16200 10260 3240 17820 9720 3780 5256 684
internal_value=0.00368094 -0.000230769 0.00635738 0.00251178 -0.00385489 -0.00618272 0.00580943 0.00404938 0.00727697 0.00562319 -0.00113909 0.00655556 -0.000705724 -0.0026936
internal_weight=207360 84240 123120 23760 52650 28350 31590 15390 99360 24840 24300 21600 14850 5940
internal_count=207360 84240 123120 23760 52650 28350 31590 15390 99360 24840 24300 21600 14850 5940
is_linear=0
shrinkage=0.08


Tree=21
num_leaves=15
num_cat=0
split_feature=0 12 0 12 0 12 0 12 12 12 0 0 2 0
split_gain=311.719 267.088 66.6018 61.402 42.5095 26.1606 14.9511 18.9709 14.4018 13.3496 15.5361 12.0514 7.14534 5.53972
threshold=0.41578947368421054 0.82000000000000017 0.88947368421052642 0.82000000000000017 0.18421052631578952 1.1300000000000001 0.20526315789473687 0.52000000000000013 1.1300000000000001 1.1300000000000001 0.47894736842105268 0.81578947368421062 1.0000000180025095e-35 0.99473684210526325
decision_type=2 2 2 2 2 2 2 2 2 2 2 2 2 2
left_child=1 6 9 -4 5 -3 7 -1 -6 -2 -11 -12 -10 -5
right_child=2 4 3 13 8 -7 -8 -9 12 10 11 -13 -14 -15
leaf_value=0.010101450034973251 0.0087119678345947745 -0.00043811715675601672 0.0083903580419312802 -2.4066756230429304e-05 1.3038255286441888e-05 -0.0012372821479076813 0.006178817145273973 0.00061108368157878788 -0.0010374855131626366 0.00011659031807089637 0.0047338964590466943 0.00054489753539794714 -0.00049308887431261138 -0.0007561964056434123
leaf_weight=5400 72900 14580 8910 13500 17820 9720 16200 10800 1716 3240 17280 3780 10164 1350
leaf_count=5400 72900 14580 8910 13500 17820 9720 16200 10800 1716 3240 17280 3780 10164 1350
internal_value=0.00370062 3.05559e-05 0.00632209 0.00252525 -0.00341481 -0.0058963 0.00577284 0.00405432 -0.00138451 0.00725021 0.00562634 0.00641975 -0.00354209 -0.000624916
internal_weight=207360 86400 120960 23760 54000 24300 32400 16200 29700 97200 24300 21060 11880 14850
internal_count=207360 86400 120960 23760 54000 24300 32400 16200 29700 97200 24300 21060 11880 14850
is_linear=0
shrinkage=0.08


Tree=22
num_leaves=15
num_cat=0
split_feature=0 12 0 12 0 12 0 12 12 5 12 0 0 2
split_gain=288.295 244.743 68.2835 61.5023 33.7923 21.8983 14.784 19.0484 11.2944 13.8047 8.978 7.8448 9.10753 6.76022
threshold=0.42631578947368426 0.82000000000000017 0.87894736842105281 0.82000000000000017 0.21578947368421056 1.1300000000000001 0.21578947368421056 0.52000000000000013 1.1300000000000001 33.798266606553156 1.1300000000000001 0.50000000000000011 0.77368421052631586 1.0000000180025095e-35
decision_type=2 2 2 2 2 2 2 2 2 2 2 2 2 2
left_child=1 6 8 -4 5 -3 7 -1 -2 11 -6 -10 -13 -7
right_child=2 4 3 -5 10 13 -8 -9 9 -11 -12 12 -14 -15
leaf_value=0.0094869894457817062 0.0086848256524373578 -0.00038396872245348229 0.0081092386678571094 -6.1282516597769486e-05 3.8329549469175134e-05 -0.001482817129112122 0.0062090698926043917 0.00059627868015821317 -0.00040793699949946439 0.0045740952721068998 -0.0005050601366462967 0.0031922134715157663 0.00037659558828356674 -0.00098913154136945911
leaf_weight=5670 69660 17010 9720 16200 16200 1638 16200 11340 1884 14082 10800 3972 3282 9702
leaf_count=5670 69660 17010 9720 16200 16200 1638 16200 11340 1884 14082 10800 3972 3282 9702
internal_value=0.00370332 0.000248419 0.00627879 0.00264815 -0.00300921 -0.00493827 0.00567781 0.00403057 0.00729199 0.005764 -0.000983703 0.00334253 0.00453708 -0.00766138
internal_weight=207360 88560 118800 25920 55350 28350 33210 17010 92880 23220 27000 9138 7254 11340
internal_count=207360 88560 118800 25920 55350 28350 33210 17010 92880 23220 27000 9138 7254 11340
is_linear=0
shrinkage=0.08


Tree=23
num_leaves=15
num_cat=0
split_feature=0 12 0 12 0 0 12 12 12 12 5 5 12 2
split_gain=271.282 228.848 69.6387 61.0278 29.1333 16.2042 21.2053 14.5246 11.3344 9.30135 11.721 7.19508 6.78086 6.30992
threshold=0.43684210526315798 0.82000000000000017 0.86842105263157909 0.82000000000000017 0.16315789473684214 0.2473684210526316 0.52000000000000013 1.1300000000000001 1.1300000000000001 1.1300000000000001 33.182608346990676 33.509410884584824 1.1300000000000001 1.0000000180025095e-35
decision_type=2 2 2 2 2 2 2 2 2 2 2 2 2 2
left_child=1 5 9 -4 7 6 -1 -3 11 -2 -11 -6 -5 -10
right_child=2 4 3 12 8 -7 -8 -9 13 10 -12 -13 -14 -15
leaf_value=0.0092203470136340959 0.008682486755710591 -0.00039231271478880895 0.0077881576912746057 0.00020440764212959907 -8.9135922640012127e-05 0.0069190182672866094 0.00063787621589184325 -0.0010805458051454876 -0.00095340578534184 0.0011521739141556627 0.0041137805926615293 0.0014437578849077774 -0.00028989764314308442 -0.00043667966675768334
leaf_weight=6480 66420 12960 10530 10530 19521 14580 12960 8640 2028 7164 14976 1539 7020 12012
leaf_count=6480 66420 12960 10530 10530 19521 14580 12960 8640 2028 7164 14976 1539 7020 12012
internal_value=0.00367168 0.000390653 0.00622359 0.00275214 -0.00272169 0.0055779 0.00406584 -0.00503333 -0.00129914 0.0073243 0.00590425 -0.000125356 -0.000136752 -0.00305983
internal_weight=207360 90720 116640 28080 56700 34020 19440 21600 35100 88560 22140 21060 17550 14040
internal_count=207360 90720 116640 28080 56700 34020 19440 21600 35100 88560 22140 21060 17550 14040
is_linear=0
shrinkage=0.08


Tree=24
num_leaves=15
num_cat=0
split_feature=0 12 0 12 0 0 12 12 12 5 2 5 5 6
split_gain=245.495 209.589 71.1177 60.926 24.9256 17.6038 20.7871 12.9818 8.69074 10.7205 7.64889 9.97813 9.2066 8.83286
threshold=0.44736842105263164 0.82000000000000017 0.85789473684210538 0.82000000000000017 0.21578947368421056 0.2473684210526316 0.52000000000000013 1.1300000000000001 1.1300000000000001 34.917547438186382 1.0000000180025095e-35 26.65748667999593 26.35785977305029 24.295965354409994
decision_type=2 2 2 2 2 2 2 2 2 2 2 2 2 2
left_child=1 5 8 -4 7 6 -1 -3 -2 -10 12 13 -9 -12
right_child=2 4 3 -5 -6 -7 -8 10 9 -11 11 -13 -14 -15
leaf_value=0.0084827192525433678 0.0086794954304735359 -0.00032594762247250186 0.0075237973201153531 6.8782460909826689e-06 -0.00014193581258653771 0.0065740729996406934 0.00058684611862049594 -0.00088969578952458723 0.0014261369745738773 0.0052555804478894652 -0.00051231326563996697 -2.9380834370707193e-05 -0.0020000764437207571 -0.0013996252679497878
leaf_weight=6480 63180 17010 11340 18900 29700 15390 12960 1230 9636 11424 4338 1914 408 3450
leaf_count=6480 63180 17010 11340 18900 29700 15390 12960 1230 9636 11424 4338 1914 408 3450
internal_value=0.00365548 0.000599483 0.00613487 0.00280688 -0.00234419 0.0055056 0.00390535 -0.00404092 0.00732953 0.00592213 -0.00613757 -0.00528386 -0.0111941 -0.00655573
internal_weight=207360 92880 114480 30240 58050 34830 19440 28350 84240 21060 11340 9702 1638 7788
internal_count=207360 92880 114480 30240 58050 34830 19440 28350 84240 21060 11340 9702 1638 7788
is_linear=0
shrinkage=0.08


Tree=25
num_leaves=15
num_cat=0
split_feature=0 12 0 12 0 0 12 0 12 12 12 4 6 12
split_gain=227.659 184.032 68.1097 59.1144 20.9191 16.3937 20.3272 11.097 10.3253 10.24 6.89074 6.44596 6.39273 6.35593
threshold=0.43684210526315798 0.82000000000000017 0.84736842105263166 0.82000000000000017 0.12105263157894738 0.2473684210526316 0.52000000000000013 0.47894736842105268 1.1300000000000001 0.82000000000000017 1.1300000000000001 1.0000000180025095e-35 33.518074875020311 1.1300000000000001
decision_type=2 2 2 2 2 2 2 2 2 2 2 2 2 2
left_child=1 5 7 -4 13 6 -1 9 12 -2 -5 -10 -6 -3
right_child=2 4 3 10 8 -7 -8 -9 11 -11 -12 -13 -14 -15
leaf_value=0.0078041017123398997 0.02558340801459599 -0.00038260629573232618 0.0072713002095412069 0.00029236500357794349 -7.2918409543671419e-05 0.005839570965932424 0.00053989842913085783 0.0062453950097514479 -0.00087735966661261849 0.0007712051607914231 -0.00023029319528728001 -0.000330470688373692 0.0015518055490720962 -0.00096986066086494698
leaf_weight=6480 3240 9720 12150 12150 23085 14580 12960 75600 5400 5400 8100 10800 1215 6480
leaf_count=6480 3240 9720 12150 12150 23085 14580 12960 75600 5400 5400 8100 10800 1215 6480
internal_value=0.00362384 0.000618166 0.00596159 0.00284444 -0.00217284 0.00526984 0.00374897 0.00716049 -0.00120099 0.00444444 0.000197531 -0.00276543 -0.000158024 -0.00460247
internal_weight=207360 90720 116640 32400 56700 34020 19440 84240 40500 8640 20250 16200 24300 16200
internal_count=207360 90720 116640 32400 56700 34020 19440 84240 40500 8640 20250 16200 24300 16200
is_linear=0
shrinkage=0.08


Tree=26
num_leaves=15
num_cat=0
split_feature=5 12 0 12 0 0 0 12 12 12 12 2 5 5
split_gain=210.605 185.299 30.7055 32.484 29.4176 19.2823 18.333 19.6112 16.9368 8.55906 7.40897 7.08192 7.19726 7.2135
threshold=30.769859431460102 0.82000000000000017 0.4578947368421053 0.82000000000000017 0.22631578947368422 0.84736842105263166 0.2473684210526316 0.52000000000000013 0.82000000000000017 1.1300000000000001 1.1300000000000001 1.0000000180025095e-35 26.65748667999593 24.308296661500126
decision_type=2 2 2 2 2 2 2 2 2 2 2 2 2 2
left_child=1 6 3 -2 9 -4 7 -1 -7 -3 -6 -11 13 -13
right_child=2 4 5 -5 10 8 -8 -9 -10 11 -12 12 -14 -15
leaf_value=0.0071789825024954589 0.013866748479475341 -0.00026834319471295999 0.0061412134418537059 2.212828465369872e-05 0.00017284799494454253 0.016312923866672449 0.0054194154629102209 0.00049665321591268259 0.00010318865392527291 -0.0011148881711442753 -0.00021013811088267643 -0.00041920423600604008 5.3771236474898552e-05 -0.0012149858320357882
leaf_weight=6477 5598 17820 71256 9330 24453 3168 22842 12954 5280 1716 16302 4608 2022 3534
leaf_count=6477 5598 17820 71256 9330 24453 3168 22842 12954 5280 1716 16302 4608 2022 3534
internal_value=0.00355787 0.00122191 0.00634052 0.00301072 -0.00129047 0.00696417 0.00540922 0.0036029 0.00335038 -0.00320539 0.000105018 -0.00486869 -0.00406612 -0.005127
internal_weight=207360 112728 94632 14928 70455 79704 42273 19431 8448 29700 40755 11880 10164 8142
internal_count=207360 112728 94632 14928 70455 79704 42273 19431 8448 29700 40755 11880 10164 8142
is_linear=0
shrinkage=0.08


Tree=27
num_leaves=15
num_cat=0
split_feature=5 12 0 0 12 6 0 12 0 0 0 0 0 12
split_gain=200.934 190.083 32.8842 24.2853 23.0537 25.1113 21.2175 19.1556 11.9049 8.90581 6.49058 6.00078 11.9018 5.96327
threshold=32.039477502374993 0.82000000000000017 0.47894736842105268 0.7947368421052633 1.1300000000000001 35.00177475663768 0.2473684210526316 0.52000000000000013 0.08947368421052633 0.98421052631578954 0.99473684210526325 0.48947368421052634 0.7947368421052633 0.52000000000000013
decision_type=2 2 2 2 2 2 2 2 2 2 2 2 2 2
left_child=1 6 8 -4 -2 11 7 -1 -3 -8 -5 -6 -13 -11
right_child=4 2 3 10 5 -7 9 -9 -10 13 -12 12 -14 -15
leaf_value=0.0066054549751530713 0.006856005178063119 -0.00050127360535067757 0.0025045892648808831 6.7310940209773255e-05 -0.00048617278971553195 0.0033934018085046815 0.006399212425351946 0.00045697429752737217 -0.00023339773045690638 0.021649514241943155 -0.00070944780492838218 0.0018946705915550129 -0.00048865542872546925 -0.00049645090067182093
leaf_weight=6480 59328 12150 6915 18165 2478 12000 27036 12960 41580 540 1350 3540 1758 1080
leaf_count=6480 59328 12150 6915 18165 2478 12000 27036 12960 41580 540 1350 3540 1758 1080
internal_value=0.00349306 0.0015373 -0.000848303 0.00146198 0.00666404 0.00429854 0.00551331 0.00347325 -0.00198474 0.00689726 1.84476e-05 0.000757202 0.00227709 0.0011358
internal_weight=207360 128256 80160 26430 79104 19776 48096 19440 53730 28656 19515 7776 5298 1620
internal_count=207360 128256 80160 26430 79104 19776 48096 19440 53730 28656 19515 7776 5298 1620
is_linear=0
shrinkage=0.08


Tree=28
num_leaves=15
num_cat=0
split_feature=0 12 0 12 12 8 12 5 0 0 12 0 8 12
split_gain=190.165 143.349 69.4018 58.5531 18.7218 16.6509 16.451 16.2403 10.1735 8.84712 6.94513 6.14399 8.47239 5.93476
threshold=0.44736842105263164 0.82000000000000017 0.82631578947368434 0.82000000000000017 0.52000000000000013 0.0057218503089115835 1.1300000000000001 34.998069903465364 0.08947368421052633 0.97368421052631593 1.1300000000000001 0.51052631578947383 0.0085837501699646459 1.1300000000000001
decision_type=2 2 2 2 2 2 2 2 2 2 2 2 2 2
left_child=1 4 6 9 -1 -6 -2 11 -3 -4 -10 -8 -13 -5
right_child=2 8 3 13 5 -7 7 -9 10 -11 -12 12 -14 -15
leaf_value=0.0086730578571077906 0.0076715098355275456 -0.00046117171692262296 0.0094783141426321368 0.00025998497669447345 0.00046078626015941818 0.003417393447629472 -0.00065495674631652393 0.0040241386229437912 -5.8501796921909276e-05 0.00083538899468813986 -0.00042831761325166841 -0.00017160008231510753 0.002329475444661013 -0.00020044356589843043
leaf_weight=11610 58320 12150 11340 13770 13560 9660 1842 10890 27540 2430 18360 2298 4410 9180
leaf_count=11610 58320 12150 11340 13770 13560 9660 1842 10890 27540 2430 18360 2298 4410 9180
internal_value=0.00340972 0.000720069 0.00559189 0.00272549 0.00477749 0.00346598 0.00694547 0.00493004 -0.00171438 0.00684967 -0.0011695 0.00232047 0.00344425 0.000250981
internal_weight=207360 92880 114480 36720 34830 23220 77760 19440 58050 13770 45900 8550 6708 22950
internal_count=207360 92880 114480 36720 34830 23220 77760 19440 58050 13770 45900 8550 6708 22950
is_linear=0
shrinkage=0.08


Tree=29
num_leaves=15
num_cat=0
split_feature=5 12 0 0 12 0 0 12 12 0 12 0 0 0
split_gain=183.442 170.032 25.6468 24.5761 24.7737 24.2189 21.0824 13.2483 11.6986 17.086 8.4093 10.7935 13.5307 7.52775
threshold=32.362720402585801 0.82000000000000017 0.48947368421052634 0.46842105263157902 0.82000000000000017 0.76315789473684215 0.16315789473684214 0.52000000000000013 1.1300000000000001 0.78421052631578958 0.52000000000000013 0.98421052631578954 0.37368421052631584 0.068421052631578952
decision_type=2 2 2 2 2 2 2 2 2 2 2 2 2 2
left_child=1 6 13 4 -2 -4 7 -1 -5 -10 -8 12 -12 -3
right_child=3 2 5 8 -6 -7 10 -9 9 -11 11 -13 -14 -15
leaf_value=0.004267473746216055 0.018207650824052748 -0.00046384941485811933 0.0025672791781438282 0.0079961242798648521 -7.081127180153374e-08 4.5332496400046601e-06 0.017950959213346693 0.00012123253312335436 0.0035704269081989893 -1.0890353936177451e-05 0.0014795002430288754 -0.00052356594819312539 0.0078755618260663504 -0.00021781800088522559
leaf_weight=4320 4077 9450 6195 48726 6795 21255 12120 8640 13116 3126 10512 1080 12648 45300
leaf_count=4320 4077 9450 6195 48726 6795 21255 12120 8640 13116 3126 10512 1080 12648 45300
internal_value=0.00333912 0.00153224 -0.000695863 0.00647257 0.00295217 0.00129982 0.00524574 0.00247531 0.00706169 0.00520232 0.00623322 0.00537294 0.00573748 -0.00169644
internal_weight=207360 131520 82200 75840 10872 27450 49320 12960 64968 16242 36360 24240 23160 54750
internal_count=207360 131520 82200 75840 10872 27450 49320 12960 64968 16242 36360 24240 23160 54750
is_linear=0
shrinkage=0.08


Tree=30
num_leaves=15
num_cat=0
split_feature=5 12 0 0 0 12 12 0 0 0 12 0 0 12
split_gain=179.048 177.647 28.1797 31.8749 25.3976 22.7931 14.4826 18.7496 12.481 10.6807 7.8125 6.37786 6.30167 6.11255
threshold=33.440432470988021 0.82000000000000017 0.48947368421052634 0.7947368421052633 0.35263157894736846 0.52000000000000013 1.1300000000000001 0.48947368421052634 0.96315789473684221 0.77368421052631586 0.52000000000000013 0.068421052631578952 0.12105263157894738 1.1300000000000001
decision_type=2 2 2 2 2 2 2 2 2 2 2 2 2 2
left_child=1 4 11 13 5 -1 -2 -8 -6 -9 -10 -3 -7 -4
right_child=6 2 3 -5 8 12 7 9 10 -11 -12 -13 -14 -15
leaf_value=0.0064611762404523532 0.0071735403709422222 -0.00042674146166947062 0.0034429648791737704 -6.5667164509294594e-05 0.011404610794163919 -3.1607907776454167e-07 -0.00024528587004322663 0.0043036656870232403 0.020280725043771878 0.00024491556790820458 -4.9234165932563815e-05 -0.00021020860718465502 0.0012114435170315181 0.0009806744324717192
leaf_weight=9156 47682 9450 6309 22260 23211 6480 2544 10806 1080 2544 2160 47640 11832 4206
leaf_count=9156 47682 9450 6309 22260 23211 6480 2544 10806 1080 2544 2160 47640 11832 4206
internal_value=0.00325926 0.0016961 -0.000482056 0.00138764 0.00532636 0.00362254 0.00679451 0.00470316 0.00709569 0.00590262 0.00244444 -0.00155544 0.00199301 0.00501759
internal_weight=207360 143784 89865 32775 53919 27468 63576 15894 26451 13350 3240 57090 18312 10515
internal_count=207360 143784 89865 32775 53919 27468 63576 15894 26451 13350 3240 57090 18312 10515
is_linear=0
shrinkage=0.08


Tree=31
num_leaves=15
num_cat=0
split_feature=5 12 0 0 0 12 0 12 0 12 12 4 6 2
split_gain=166.236 172.729 29.1236 34.3311 28.6251 22.6423 13.4867 13.1722 12.749 7.74321 6.19206 7.58573 7.29035 10.7373
threshold=33.863134265069917 0.82000000000000017 0.48947368421052634 0.78421052631578958 0.37368421052631584 0.52000000000000013 0.48947368421052634 0.82000000000000017 0.96315789473684221 0.52000000000000013 1.1300000000000001 1.0000000180025095e-35 24.368608976150043 0.41666666666666669
decision_type=2 2 2 2 2 2 2 2 2 2 2 2 2 2
left_child=1 4 10 -4 5 -1 7 -2 -6 -10 -3 12 -12 -14
right_child=6 2 3 -5 8 -7 -8 -9 9 -11 11 -13 13 -15
leaf_value=0.0062147624233147795 0.021938293236986844 -0.00012440427198402785 0.0022685887198602393 -5.078087814658284e-05 0.012586928055319671 0.00058658666188345662 0.0059120146795750466 0.00037446745844016503 0.01865826704027013 -4.5295432657955008e-05 -0.00012722076712928454 -0.0002682184697778307 -0.0012159843529528146 -0.00076688881127707663
leaf_weight=9684 3267 34803 11295 23625 23463 19368 49968 5445 1080 2160 2094 15738 2466 2904
leaf_count=9684 3267 34803 11295 23625 23463 19368 49968 5445 1080 2160 2094 15738 2466 2904
internal_value=0.00318519 0.00176217 -0.000349959 0.00147537 0.0052824 0.00354454 0.00679073 0.00388613 0.00717313 0.00246914 -0.00144884 -0.00246117 -0.00456163 -0.0061229
internal_weight=207360 148680 92925 34920 55755 29052 58680 8712 26703 3240 58005 23202 7464 5370
internal_count=207360 148680 92925 34920 55755 29052 58680 8712 26703 3240 58005 23202 7464 5370
is_linear=0
shrinkage=0.08


Tree=32
num_leaves=15
num_cat=0
split_feature=12 5 6 0 0 12 0 12 0 0 12 4 6 2
split_gain=156.556 158.042 50.1036 32.0072 42.7758 23.5078 11.9194 9.70859 8.37113 5.84425 5.51234 5.89117 5.70779 8.56382
threshold=0.82000000000000017 34.998069903465364 29.131602776403678 0.48947368421052634 0.78421052631578958 0.52000000000000013 0.50000000000000011 1.1300000000000001 0.11052631578947369 0.99473684210526325 1.1300000000000001 1.0000000180025095e-35 23.881874673965296 0.41666666666666669
decision_type=2 2 2 2 2 2 2 2 2 2 2 2 2 2
left_child=2 3 5 10 7 -1 -3 -5 -7 -10 -2 12 -12 -14
right_child=1 6 -4 4 -6 8 -8 -9 9 -11 11 -13 13 -15
leaf_value=0.0064182082251534036 -0.00011119362241663688 0.00090553338378423392 0.01598763580101022 0.003499442023939584 -6.4598268866244841e-05 -8.5044992801845963e-05 0.0048443398001743448 0.00087261883231969279 0.0012176953149693717 -0.0010571523067327959 1.647324170798127e-05 -0.00024767818769688406 -0.001119018631555642 -0.00067291408519392726
leaf_weight=11238 35811 4410 44046 8775 25245 5808 25635 5850 16170 498 1674 16176 2736 3288
leaf_count=11238 35811 4410 44046 8775 25245 5808 25635 5850 16170 498 1674 16176 2736 3288
internal_value=0.00310764 0.00140494 0.00594547 -0.000129777 0.00162528 0.00362437 0.00649026 0.00506803 0.00213063 0.003042 -0.00130217 -0.00224378 -0.00406547 -0.00521381
internal_weight=207360 129600 77760 99555 39870 33714 30045 14625 22476 16668 59685 23874 7698 6024
internal_count=207360 129600 77760 99555 39870 33714 30045 14625 22476 16668 59685 23874 7698 6024
is_linear=0
shrinkage=0.08


Tree=33
num_leaves=15
num_cat=0
split_feature=5 12 0 0 0 12 12 5 0 12 8 0 12 0
split_gain=149.653 144.534 35.2399 23.6106 31.0526 22.7398 17.7004 17.7847 17.0116 10.7438 9.98086 15.9045 8.4766 5.69201
threshold=34.124046368516623 0.82000000000000017 0.37368421052631584 0.48947368421052634 0.80526315789473701 0.52000000000000013 1.1300000000000001 37.187606278581413 0.9526315789473685 0.52000000000000013 5.2757456100049187e-25 0.51052631578947383 1.1300000000000001 0.11052631578947369
decision_type=2 2 2 2 2 2 2 2 2 2 2 2 2 2
left_child=1 2 5 -3 12 -1 -2 10 -4 -10 -8 -12 -5 -7
right_child=6 3 8 4 -6 13 7 -9 9 -11 11 -13 -14 -15
leaf_value=0.0051989486214273481 0.0069548570946574052 -0.00019569982351289381 0.011995260145298163 0.0027859096275059071 -6.277877119225696e-05 -0.00012441898074698975 -0.00064725838053961138 0.0036447514396430766 0.017260563578448341 -0.00014726629174862546 -0.00067885497381801093 0.002275858207591784 0.00066605289361432651 0.00079655070174585536
leaf_weight=9693 42174 58485 23544 8010 22620 5940 1518 7548 1350 2700 1608 3384 5340 13446
leaf_count=9693 42174 58485 23544 8010 22620 5940 1518 7548 1350 2700 1608 3384 5340 13446
internal_value=0.00303125 0.00172029 0.00491423 -0.000196072 0.00141674 0.00297094 0.00655456 0.00409617 0.00696209 0.00217284 0.00103226 0.00275962 0.0044764 0.00138904
internal_weight=207360 151128 56673 94455 35970 29079 56232 14058 27594 4050 6510 4992 13350 19386
internal_count=207360 151128 56673 94455 35970 29079 56232 14058 27594 4050 6510 4992 13350 19386
is_linear=0
shrinkage=0.08


Tree=34
num_leaves=15
num_cat=0
split_feature=12 5 0 0 0 12 0 12 0 12 0 0 12 0
split_gain=142.418 133.573 57.4648 32.6604 50.3601 20.7853 20.2891 11.7535 8.14239 7.87339 6.48102 5.43026 5.29671 4.95682
threshold=0.82000000000000017 35.937867084967699 0.37368421052631584 0.50000000000000011 0.77368421052631586 0.52000000000000013 0.94210526315789489 0.52000000000000013 0.47894736842105268 1.1300000000000001 0.80526315789473701 0.1736842105263158 1.1300000000000001 0.12105263157894738
decision_type=2 2 2 2 2 2 2 2 2 2 2 2 2 2
left_child=2 3 5 -2 9 11 -4 -8 -3 -5 -10 -1 -6 -7
right_child=1 8 6 4 12 13 7 -9 10 -11 -12 -13 -14 -15
leaf_value=0.0020488965847140772 -0.00018444545729156072 0.0005074435436741452 0.016688409300894873 0.0036444715512811954 0.00010708035887499756 -9.4946414278842536e-05 0.016468855116260141 -4.7953180485187654e-05 0.005345663929399779 0.0010616359415049289 0.00030999008881043145 0.010866146531409248 -0.00028457160425580323 0.00076223569644712924
leaf_weight=4590 61605 2160 43740 9702 16119 6480 1620 3240 21360 6468 1440 5130 10746 12960
leaf_count=4590 61605 2160 43740 9702 16119 6480 1620 3240 21360 6468 1440 5130 10746 12960
internal_value=0.00294869 0.00132469 0.00565535 7.03367e-05 0.00176136 0.00284774 0.00733992 0.00243621 0.00658333 0.00528881 0.00702807 0.00586831 -0.000361809 0.00133745
internal_weight=207360 129600 77760 104640 43035 29160 48600 4860 24960 16170 22800 9720 26865 19440
internal_count=207360 129600 77760 104640 43035 29160 48600 4860 24960 16170 22800 9720 26865 19440
is_linear=0
shrinkage=0.08


Tree=35
num_leaves=15
num_cat=0
split_feature=12 5 0 0 0 0 12 12 0 12 0 0 12 0
split_gain=136.777 125.635 57.7459 28.7603 46.5408 20.8513 20.0371 12.5316 8.00505 7.0628 6.34196 6.0251 5.28165 4.90304
threshold=0.82000000000000017 35.937867084967699 0.37368421052631584 0.50000000000000011 0.76315789473684215 0.92105263157894746 0.52000000000000013 0.52000000000000013 0.48947368421052634 1.1300000000000001 0.80526315789473701 0.18421052631578952 1.1300000000000001 0.81578947368421062
decision_type=2 2 2 2 2 2 2 2 2 2 2 2 2 2
left_child=2 3 6 -2 9 -4 11 -7 -3 -5 -10 -1 13 -6
right_child=1 8 5 4 12 7 -8 -9 10 -11 -12 -13 -14 -15
leaf_value=0.0019508971173137813 -0.00016968982070823504 0.00063268668619488979 0.017065079012841235 0.0035550013655867808 0.00097265875920337697 0.016640684696004059 0.00034232238766999381 0.0001783359541870691 0.0050768628926024387 0.0010911311426504151 0.00028519088170559617 0.010962949604055796 -0.00026962590237830967 9.3134006904135429e-06
leaf_weight=4860 61605 2670 42120 9198 2682 2160 19440 4320 20850 6132 1440 4860 11082 13941
leaf_count=4860 61605 2670 42120 9198 2682 2160 19440 4320 20850 6132 1440 4860 11082 13941
internal_value=0.00290818 0.00131667 0.0055607 0.000100153 0.001687 0.00724938 0.00274623 0.00302469 0.00641667 0.00522374 0.00691252 0.00571193 -0.000269987 0.000631896
internal_weight=207360 129600 77760 104640 43035 48600 29160 6480 24960 15330 22290 9720 27705 16623
internal_count=207360 129600 77760 104640 43035 48600 29160 6480 24960 15330 22290 9720 27705 16623
is_linear=0
shrinkage=0.08


Tree=36
num_leaves=15
num_cat=0
split_feature=5 12 0 0 12 0 0 12 12 5 12 0 8 0
split_gain=132.397 129.452 37.9791 19.8097 19.6863 19.1982 30.8164 14.6795 14.1946 12.2889 8.46774 8.03765 14.5322 6.31619
threshold=34.998069903465364 0.82000000000000017 0.37368421052631584 0.90000000000000013 0.52000000000000013 0.48947368421052634 0.78421052631578958 1.1300000000000001 0.52000000000000013 38.626911563733323 1.1300000000000001 0.52105263157894754 0.013012016303263147 0.19473684210526318
decision_type=2 2 2 2 2 2 2 2 2 2 2 2 2 2
left_child=1 2 4 -4 13 -3 10 -2 -5 11 -7 -9 -13 -1
right_child=7 5 3 8 -6 6 -8 9 -10 -11 -12 12 -14 -15
leaf_value=0.0018351342662929226 0.0068979217386079218 -0.00015398939719742821 0.013511353761511304 0.016195367346606232 0.00031190911006068656 0.0024964697487189652 -5.9118716776250325e-05 -0.00054483297876826975 0.00029609700260822542 0.0038236336842895767 0.00062583956151982954 -0.00054725998246211234 0.0025005772217749078 0.010941441663953159
leaf_weight=5130 36054 59685 22518 2694 19422 8775 25245 1596 5388 5526 5850 1488 3408 4581
leaf_count=5130 36054 59685 22518 2694 19422 8775 25245 1596 5388 5526 5850 1488 3408 4581
internal_value=0.00285417 0.00174366 0.00468793 0.00665621 0.00262053 -2.29016e-05 0.00133634 0.00653387 0.0032586 0.0041125 0.00425846 0.00175231 0.00335948 0.00556153
internal_weight=207360 159288 59733 30600 29133 99555 39870 48072 8082 12018 14625 6492 4896 9711
internal_count=207360 159288 59733 30600 29133 99555 39870 48072 8082 12018 14625 6492 4896 9711
is_linear=0
shrinkage=0.08


Tree=37
num_leaves=15
num_cat=0
split_feature=12 5 6 12 0 8 0 0 0 0 12 0 12 2
split_gain=131.615 107.93 63.7567 25.5074 23.6582 42.512 11.4941 10.6389 9.15017 6.86287 6.27312 4.9305 4.67502 5.75559
threshold=0.82000000000000017 35.937867084967699 29.893552987076848 0.52000000000000013 0.51052631578947383 1.1252651467425375e-24 0.50000000000000011 0.7947368421052633 0.20526315789473687 0.12105263157894738 1.1300000000000001 0.97368421052631593 1.1300000000000001 1.0000000180025095e-35
decision_type=2 2 2 2 2 2 2 2 2 2 2 2 2 2
left_child=2 4 3 8 12 -6 -3 -8 -1 -5 -7 -11 -2 -14
right_child=1 6 -4 9 5 10 7 -9 -10 11 -12 -13 13 -15
leaf_value=0.0017602201226526494 -5.2621102217507512e-05 0.00039768410492631604 0.014265547661527697 -0.00012890506620627295 -4.157856536540506e-05 0.0034062789898497048 0.0046550751488214134 0.00014398057267870311 0.012483998546535377 0.00093593784015407497 0.0011541033580979255 -0.00040569551519090683 -0.00069401718167067406 -0.00026009018094760286
leaf_weight=5388 37440 3195 40050 6456 28275 8379 19905 1860 7182 17172 5586 1512 3558 21402
leaf_count=5388 37440 3195 40050 6456 28275 8379 19905 1860 7182 17172 5586 1512 3558 21402
internal_value=0.00277971 0.00121852 0.00538169 0.00302095 9.09789e-05 0.00155303 0.00594551 0.00660326 0.00596341 0.00154972 0.00516434 0.0023267 -0.000898718 -0.00174679
internal_weight=207360 129600 77760 37710 104640 42240 24960 21765 12570 25140 13965 18684 62400 24960
internal_count=207360 129600 77760 37710 104640 42240 24960 21765 12570 25140 13965 18684 62400 24960
is_linear=0
shrinkage=0.08


Tree=38
num_leaves=15
num_cat=0
split_feature=12 5 0 0 0 8 12 12 0 0 0 12 2 6
split_gain=122.364 100.514 64.1037 29.3418 23.688 43.561 19.7416 18.1684 8.2123 6.98931 6.94427 6.2498 5.09368 4.91746
threshold=0.82000000000000017 36.44244315342565 0.37368421052631584 0.88947368421052642 0.51052631578947383 1.1252651467425375e-24 0.52000000000000013 0.52000000000000013 0.4578947368421053 0.21578947368421056 0.78421052631578958 1.1300000000000001 0.75000000000000011 27.487593310147776
decision_type=2 2 2 2 2 2 2 2 2 2 2 2 2 2
left_child=2 4 6 -4 -2 -6 9 -5 -3 -1 -10 -7 -8 -14
right_child=1 8 3 7 5 11 12 -9 10 -11 -12 -13 13 -15
leaf_value=0.0016708155506124811 -0.00013792780228727677 -0.00019584694589374404 0.016162395638284824 0.014364625068675627 -4.3464705541433432e-05 0.0033438815174047227 0.00044191630857191161 7.5117223524479964e-05 0.0041798297550232465 0.01095470674318033 0.00032325864947629765 0.0011327340354900411 2.7104957051014011e-05 -0.0017588753136424575
leaf_weight=5670 62880 1080 39690 2970 28785 9315 14040 5940 19395 4050 1935 6210 3966 1434
leaf_count=5670 62880 1080 39690 2970 28785 9315 14040 5940 19395 4050 1935 6210 3966 1434
internal_value=0.00269792 0.00119259 0.00520679 0.00698601 0.000173897 0.00159061 0.00224143 0.00283726 0.00606515 0.00518519 0.00640975 0.00500612 0.000769548 -0.00131852
internal_weight=207360 129600 77760 48600 107190 44310 29160 8910 22410 9720 21330 15525 19440 5400
internal_count=207360 129600 77760 48600 107190 44310 29160 8910 22410 9720 21330 15525 19440 5400
is_linear=0
shrinkage=0.08


Tree=39
num_leaves=15
num_cat=0
split_feature=12 6 0 0 0 8 12 12 0 0 0 12 2 6
split_gain=119.211 91.8385 65.67 29.1622 19.2687 32.5 18.4391 17.7241 13.2465 10.6758 7.63828 5.57924 4.5016 4.39404
threshold=0.82000000000000017 35.947628745267238 0.37368421052631584 0.88947368421052642 0.51052631578947383 0.014731364822073923 0.52000000000000013 0.52000000000000013 0.78421052631578958 0.50000000000000011 0.21578947368421056 1.1300000000000001 0.75000000000000011 27.487593310147776
decision_type=2 2 2 2 2 2 2 2 2 2 2 2 2 2
left_child=2 4 6 -4 -2 -6 10 -5 9 -3 -1 -7 -8 -14
right_child=1 8 3 7 5 11 12 -9 -10 -11 -12 -13 13 -15
leaf_value=0.0015371503065634861 -0.00012695201692477739 0.00037528223226824262 0.014869403987222038 0.013215455063181576 -1.299780729554668e-05 0.0030936239679960655 0.000406563003886157 6.9107845642520758e-05 7.4780526526148702e-05 0.0041349063691021497 0.010078330203725902 0.0010175130167708948 2.4936560486934489e-05 -0.0016181652885510615
leaf_weight=5670 62970 2655 39690 2970 28410 7974 14040 5940 2835 19440 4050 5316 3966 1434
leaf_count=5670 62970 2655 39690 2970 28410 7974 14040 5940 2835 19440 4050 5316 3966 1434
internal_value=0.00265123 0.00116543 0.00512757 0.0069284 0.000126111 0.00145995 0.0021262 0.00279237 0.00552908 0.00618964 0.00497119 0.00472536 0.000703704 -0.00125926
internal_weight=207360 129600 77760 48600 104670 41700 29160 8910 24930 22095 9720 13290 19440 5400
internal_count=207360 129600 77760 48600 104670 41700 29160 8910 24930 22095 9720 13290 19440 5400
is_linear=0
shrinkage=0.08


Tree=40
num_leaves=15
num_cat=0
split_feature=12 5 5 12 0 8 0 0 12 0 0 0 12 0
split_gain=117.496 87.1408 66.4077 24.1296 23.1084 42.3433 11.2085 10.9065 6.83127 7.15963 6.16151 6.11766 6.00385 5.65797
threshold=0.82000000000000017 37.292136596540487 29.952643623461316 0.52000000000000013 0.52105263157894754 0.038479269914400004 0.22631578947368422 0.37368421052631584 1.1300000000000001 0.81578947368421062 0.51052631578947383 0.078947368421052641 0.52000000000000013 0.88947368421052642
decision_type=2 2 2 2 2 2 2 2 2 2 2 2 2 2
left_child=2 4 3 6 -2 8 -1 12 9 -6 -3 -5 -4 -9
right_child=1 10 7 11 5 -7 -8 13 -10 -11 -12 -13 -14 -15
leaf_value=0.0015020794603616318 -0.00011687786445038068 0.00076846979292999871 0.014387543942929642 -0.00024452442165493203 0.0010177726254268651 0.0025638624163562785 0.011199652294046561 0.015920714248478334 -0.00025645544800065637 3.7846452465255841e-06 0.0041328754953406082 0.00056011323972364588 -0.0003777789416783044 0.0016109404195634967
leaf_weight=5931 64590 2475 693 4302 4554 15165 6732 35604 12594 14337 15885 21024 1386 2088
leaf_count=5931 64590 2475 693 4302 4554 15165 6732 35604 12594 14337 15885 21024 1386 2088
internal_value=0.00258681 0.00111173 0.00504527 0.00265319 0.000268968 0.00162572 0.00550454 0.00733017 -4.70062e-05 0.000915145 0.00621787 0.00122751 0.00168927 0.0076413
internal_weight=207360 129600 77760 37989 111240 46650 12663 39771 31485 18891 18360 25326 2079 37692
internal_count=207360 129600 77760 37989 111240 46650 12663 39771 31485 18891 18360 25326 2079 37692
is_linear=0
shrinkage=0.08


Tree=41
num_leaves=15
num_cat=0
split_feature=12 5 6 12 0 8 0 12 0 0 0 0 0 12
split_gain=114.467 79.3198 66.4985 24.7479 20.6394 38.515 12.4003 7.90756 6.76217 6.86259 6.40556 5.56209 6.9068 5.82678
threshold=0.82000000000000017 37.551528120246189 30.375736718112943 0.52000000000000013 0.52105263157894754 0.014731364822073923 0.23684210526315794 1.1300000000000001 0.88947368421052642 0.39473684210526322 0.1315789473684211 0.77368421052631586 0.51052631578947383 1.1300000000000001
decision_type=2 2 2 2 2 2 2 2 2 2 2 2 2 2
left_child=2 4 3 6 -2 -6 -1 -7 9 -4 -5 12 -3 -13
right_child=1 11 8 10 5 7 -8 -9 -10 -11 -12 13 -14 -15
leaf_value=0.0014289465872479592 -0.00010590755315575901 0.00075266130671448569 0.0014702187438314501 -0.00013183509918126865 -2.6029495931256955e-05 0.0033192419769022086 0.011299986727349392 0.0010447375302698591 0.0013953429917755882 0.016145598314002356 0.00069349136595381192 0.0019729942059490734 0.0049819154523606368 -0.00046097762912108211
leaf_weight=6210 64755 2310 2124 7020 30795 10017 7179 6678 2115 33354 19758 900 13545 600
leaf_count=6210 64755 2310 2124 7020 30795 10017 7179 6678 2115 33354 19758 900 13545 600
internal_value=0.0025189 0.00106296 0.00494547 0.0026822 0.000284735 0.00155148 0.00549048 0.0046457 0.00736371 0.00762568 0.00127806 0.00609623 0.00653674 0.00144
internal_weight=207360 129600 77760 40167 112245 47490 13389 16695 37593 35478 26778 17355 15855 1500
internal_count=207360 129600 77760 40167 112245 47490 13389 16695 37593 35478 26778 17355 15855 1500
is_linear=0
shrinkage=0.08


Tree=42
num_leaves=15
num_cat=0
split_feature=12 5 5 12 0 8 0 0 12 12 12 0 0 0
split_gain=110.272 72.9588 67.504 22.5868 18.2848 34.9138 12.3793 11.9668 7.62124 7.01442 6.82463 8.97627 7.21531 6.6347
threshold=0.82000000000000017 37.551528120246189 29.952643623461316 0.52000000000000013 0.52105263157894754 0.038479269914400004 0.40526315789473694 0.23684210526315794 0.52000000000000013 1.1300000000000001 1.1300000000000001 0.76315789473684215 0.52105263157894754 0.88947368421052642
decision_type=2 2 2 2 2 2 2 2 2 2 2 2 2 2
left_child=2 4 3 7 -2 -6 8 -1 -4 -7 -3 12 -12 -8
right_child=1 10 6 -5 5 9 13 -9 -10 -11 11 -13 -14 -15
leaf_value=0.0013179323271280568 -9.7434948903298238e-05 0.0051072400568999048 0.015076964648359286 0.00028786850205151217 -1.1509349706464969e-05 0.0032064115222503005 0.015020368438798018 0.01009351402974965 7.1396217040878575e-05 0.0010869768852194168 -0.0002308823475283841 -0.00041589360407558472 0.0029699970753615723 0.0013748659135673794
leaf_weight=6201 64755 10413 1218 25326 31785 9423 34029 6462 2436 6282 1098 762 5082 2088
leaf_count=6201 64755 10413 1218 25326 31785 9423 34029 6462 2436 6282 1098 762 5082 2088
internal_value=0.0024537 0.00102469 0.00483539 0.00242365 0.00027832 0.00147063 0.00713907 0.00518234 0.0027017 0.00455651 0.00585192 0.00390896 0.00491909 0.00758801
internal_weight=207360 129600 77760 37989 112245 47490 39771 12663 3654 15705 17355 6942 6180 36117
internal_count=207360 129600 77760 37989 112245 47490 39771 12663 3654 15705 17355 6942 6180 36117
is_linear=0
shrinkage=0.08


Tree=43
num_leaves=15
num_cat=0
split_feature=12 5 5 12 0 8 0 10 0 8 12 12 0 8
split_gain=105.223 68.7226 68.0564 27.2996 17.8399 34.2457 15.5079 8.59657 8.09698 8.02353 7.37537 7.32461 6.87156 5.33891
threshold=0.82000000000000017 38.158051999768823 31.498867291051361 0.52000000000000013 0.52105263157894754 0.043557250879050859 0.2473684210526316 1.0000000180025095e-35 0.88947368421052642 0.34967450091932278 1.1300000000000001 1.1300000000000001 0.81578947368421062 5.2757456100049187e-25
decision_type=2 2 2 2 2 2 2 2 2 2 2 2 2 2
left_child=2 4 3 6 -2 10 -1 9 -9 -5 12 -7 -6 -3
right_child=1 13 -4 7 5 11 -8 8 -10 -11 -12 -13 -14 -15
leaf_value=0.001250261582730543 -9.1334580438602527e-05 0.00035974009425336298 0.012649064867597147 0.00012181495381136715 0.0009330969208384875 0.0030170685520494651 0.011419588615046786 0.0057882215078986742 -3.6859640553394968e-05 0.0025463132062984481 -0.00025849312647381378 0.0010429062661556977 6.9423804056704636e-06 0.0040552160025109016
leaf_weight=6480 65235 1620 31806 24396 5121 9864 8838 2418 1242 2580 13038 6576 14436 13710
leaf_count=6480 65235 1620 31806 24396 5121 9864 8838 2418 1242 2580 13038 6576 14436 13710
internal_value=0.0023885 0.000992593 0.00471502 0.00274605 0.000317844 0.00147079 0.00550359 0.00136728 0.00500546 0.000873666 -3.06793e-05 0.00444769 0.000951885 0.00602218
internal_weight=207360 129600 77760 45954 114270 49035 15318 30636 3660 26976 32595 16440 19557 15330
internal_count=207360 129600 77760 45954 114270 49035 15318 30636 3660 26976 32595 16440 19557 15330
is_linear=0
shrinkage=0.08


Tree=44
num_leaves=15
num_cat=0
split_feature=5 12 12 5 0 12 0 0 12 0 0 12 4 5
split_gain=101.461 69.0741 50.2559 18.0967 17.5471 16.8369 20.5724 18.4982 15.3952 14.2854 27.1468 22.6749 8.44971 7.98647
threshold=33.440432470988021 0.52000000000000013 1.1300000000000001 40.473799786730019 0.2473684210526316 0.82000000000000017 0.46842105263157902 0.7947368421052633 1.1300000000000001 0.4578947368421053 0.88947368421052642 0.82000000000000017 1.0000000180025095e-35 29.845416472790575
decision_type=2 2 2 2 2 2 2 2 2 2 2 2 2 2
left_child=1 4 5 -4 -1 -2 -7 -8 9 13 11 -11 -10 -3
right_child=2 8 3 -5 -6 6 7 -9 12 10 -12 -13 -14 -15
leaf_value=0.0011502406561120981 0.016878079662042217 0.00012000323948625211 -6.2175073188658252e-05 0.0033102393659848418 0.011798356385278454 -0.00031885821194378239 0.0035597281659240703 -6.3084639877917099e-05 -0.00054562056985796011 0.0074045266404800135 -6.7133664912104145e-05 0.00053542543589582732 -2.2209249956859366e-05 -0.00040134701192831113
leaf_weight=6480 23841 47550 12366 3528 11493 2826 18171 2844 10998 7956 14520 11934 24948 7905
leaf_count=6480 23841 47550 12366 3528 11493 2826 18171 2844 10998 7956 14520 11934 24948 7905
internal_value=0.00229861 0.00112191 0.00495986 0.00106405 0.00576109 0.00625846 0.00475517 0.00561694 0.000459165 0.00101886 0.00229933 0.00421921 -0.000940076 0.000224326
internal_weight=207360 143784 63576 15894 17973 47682 23841 21015 125811 89865 34410 19890 35946 55455
internal_count=207360 143784 63576 15894 17973 47682 23841 21015 125811 89865 34410 19890 35946 55455
is_linear=0
shrinkage=0.08


Tree=45
num_leaves=15
num_cat=0
split_feature=6 12 12 0 5 0 0 12 12 0 0 8 0 6
split_gain=96.7113 67.8135 51.16 18.6419 17.2128 15.4203 20.4489 36.9605 14.5763 15.0004 14.8575 8.29967 12.5397 6.65436
threshold=33.80058569148936 0.52000000000000013 1.1300000000000001 0.2473684210526316 40.665243647325205 0.4578947368421053 0.88947368421052642 0.82000000000000017 0.82000000000000017 0.7947368421052633 0.50000000000000011 1.1252651467425375e-24 0.54210526315789487 29.688635523226925
decision_type=2 2 2 2 2 2 2 2 2 2 2 2 2 2
left_child=1 3 8 -1 11 -3 7 -7 -2 10 -10 -4 -13 -8
right_child=2 5 4 -5 -6 6 13 -9 9 -11 -12 12 -14 -15
leaf_value=0.0010582214036231276 0.017026960152652912 -3.7278512500944397e-05 -0.00053564075627388877 0.011077988744266598 0.0032741876386987822 0.0070908629043376289 0.00011910561293197303 0.00033074176640801036 0.00023002324382448867 -7.887029078192959e-05 0.0037382969232921228 -0.00070076168082540402 0.0011571913821508744 -0.00043421328756074732
leaf_weight=6480 22284 79569 3048 12012 3330 8454 14028 21135 3321 2898 16065 3156 5322 6258
leaf_count=6480 22284 79569 3048 12012 3330 8454 14028 21135 3321 2898 16065 3156 5322 6258
internal_value=0.00223148 0.00113649 0.00495746 0.00566818 0.000891761 0.000489108 0.00159198 0.00293325 0.00631269 0.00486591 0.00566842 -0.000571924 0.000715263 -0.000364389
internal_weight=207360 147936 59424 18492 14856 129444 49875 29589 44568 22284 19386 11526 8478 20286
internal_count=207360 147936 59424 18492 14856 129444 49875 29589 44568 22284 19386 11526 8478 20286
is_linear=0
shrinkage=0.08


Tree=46
num_leaves=15
num_cat=0
split_feature=6 12 12 0 0 12 0 8 0 12 0 0 0 0
split_gain=93.2815 69.762 35.7773 20.058 19.5297 24.9485 39.4714 14.3642 16.9572 10.0636 10.4491 9.68374 6.51378 6.17511
threshold=34.928699026208996 0.52000000000000013 1.1300000000000001 0.25789473684210534 0.46842105263157902 0.82000000000000017 0.87894736842105281 0.013855276375641915 0.54210526315789487 0.82000000000000017 0.77368421052631586 0.47894736842105268 0.80526315789473701 0.05789473684210527
decision_type=2 2 2 2 2 2 2 2 2 2 2 2 2 2
left_child=1 3 9 -1 13 6 -6 -4 -9 -2 11 -11 -7 -3
right_child=2 4 7 -5 5 12 -8 8 -10 10 -12 -13 -14 -15
leaf_value=0.001052789445361757 0.018783886449865232 -0.00025663069294176613 -0.00048601428449314746 0.011322649482264269 0.0079310123792505384 0.00063193748320581103 -0.0001176958925650356 -0.00054925661420096583 0.0019129261876504242 -2.9344224079114366e-06 0.00018611503400617794 0.00394156967669714 -2.9142339035664499e-05 1.4505584288781809e-05
leaf_weight=6750 18306 11340 2670 13068 9780 17475 6402 2730 6804 1566 2727 14013 22980 70749
leaf_count=6750 18306 11340 2670 13068 9780 17475 6402 2730 6804 1566 2727 14013 22980 70749
internal_value=0.00216435 0.00122283 0.00522222 0.00566273 0.000588556 0.00173131 0.00438611 0.00147099 0.00292343 0.00647263 0.00514629 0.00594595 0.000669386 -0.00019988
internal_weight=207360 158544 48816 19818 138726 56637 16182 12204 9534 36612 18306 15579 40455 82089
internal_count=207360 158544 48816 19818 138726 56637 16182 12204 9534 36612 18306 15579 40455 82089
is_linear=0
shrinkage=0.08


Tree=47
num_leaves=15
num_cat=0
split_feature=5 12 12 0 12 0 0 5 0 12 8 12 4 8
split_gain=88.9043 64.672 35.4754 19.866 18.116 22.8426 35.7578 12.6433 11.2468 8.29739 8.78466 6.7849 8.86826 6.28077
threshold=34.917547438186382 0.52000000000000013 1.1300000000000001 0.25789473684210534 0.82000000000000017 0.44736842105263164 0.87894736842105281 41.043891785353843 0.4578947368421053 0.82000000000000017 9.1402108196140339e-25 1.1300000000000001 1.0000000180025095e-35 0.065732656260521008
decision_type=2 2 2 2 2 2 2 2 2 2 2 2 2 2
left_child=1 3 8 -1 5 -3 -7 13 -2 -10 -11 -6 -13 -4
right_child=2 4 7 -5 11 6 -8 -9 9 10 -12 12 -14 -15
leaf_value=0.00096856628973281296 0.00040522983624414235 0.00010840418710557236 -0.000460953564895292 0.010411688827336478 9.9184535737648354e-05 0.0066536801470229862 -0.00011108833027869163 0.0032157162488661052 0.019902835234756416 0.00051456161708796685 0.0035209703725410891 -0.00050188237784581837 -4.8154697496404367e-06 0.00030869291823527667
leaf_weight=6750 2556 22548 2736 13059 59427 10626 6444 2934 17055 2970 14085 12108 27510 6552
leaf_count=6750 2556 22548 2736 13059 59427 10626 6444 2934 17055 2970 14085 12108 27510 6552
internal_value=0.00209992 0.00117987 0.00508231 0.0054557 0.000569035 0.00201484 0.00422261 0.0013497 0.00632652 0.00671006 0.00546233 -9.28841e-06 -0.000820233 -9.64683e-05
internal_weight=207360 158472 48888 19809 138663 39618 17070 12222 36666 34110 17055 99045 39618 9288
internal_count=207360 158472 48888 19809 138663 39618 17070 12222 36666 34110 17055 99045 39618 9288
is_linear=0
shrinkage=0.08


Tree=48
num_leaves=15
num_cat=0
split_feature=5 12 12 0 12 0 5 5 0 0 12 5 0 0
split_gain=87.8109 63.9717 26.6944 21.3129 27.1563 39.124 20.2803 9.82877 9.65345 9.54493 7.86395 7.48672 5.77222 5.02894
threshold=35.76726248231909 0.52000000000000013 1.1300000000000001 0.47894736842105268 0.82000000000000017 0.86842105263157909 25.541512170599137 41.043891785353843 0.73157894736842122 0.54210526315789487 0.82000000000000017 38.780387115444604 0.11052631578947369 0.05789473684210527
decision_type=2 2 2 2 2 2 2 2 2 2 2 2 2 2
left_child=1 6 10 13 5 -5 -1 -4 9 -6 -2 -12 -8 -3
right_child=2 3 7 4 8 -7 12 -9 -10 -11 11 -13 -14 -15
leaf_value=0.00052903329448141358 0.017643582318110623 -0.00024250562727412973 5.9842642968011434e-05 0.0079915540723419255 -0.00017404968655171835 -5.4520777495609845e-05 0.00088064106551018814 0.0029584589489568191 -2.0601976071188201e-05 0.0017501137005173054 0.0012730133406027766 0.0047156502662298498 0.0088069192184454387 7.3071617704687363e-06
leaf_weight=4968 15579 11340 7452 10596 4470 6978 1128 2934 29565 9900 7596 7983 14631 72240
leaf_count=4968 15579 11340 7452 10596 4470 6978 1128 2934 29565 9900 7596 7983 14631 72240
internal_value=0.00203819 0.00121417 0.00532717 0.000620254 0.00175051 0.00440833 0.00537154 0.00181475 0.000687379 0.00238831 0.00649798 0.00522704 0.00677657 -0.000211534
internal_weight=207360 165816 41544 145089 61509 17574 20727 10386 43935 14370 31158 15579 15759 83580
internal_count=207360 165816 41544 145089 61509 17574 20727 10386 43935 14370 31158 15579 15759 83580
is_linear=0
shrinkage=0.08


Tree=49
num_leaves=15
num_cat=0
split_feature=6 12 12 0 0 0 0 0 12 0 0 6 0 12
split_gain=82.3146 54.5956 32.9104 20.7732 20.6805 28.5547 16.0936 22.0932 32.651 10.2426 7.57849 6.73923 5.85852 5.73825
threshold=34.928699026208996 0.52000000000000013 0.82000000000000017 0.268421052631579 0.74210526315789482 0.53157894736842115 0.47894736842105268 0.83684210526315794 0.82000000000000017 0.98421052631578954 0.99473684210526325 29.688635523226925 0.42631578947368426 1.1300000000000001
decision_type=2 2 2 2 2 2 2 2 2 2 2 2 2 2
left_child=1 3 12 -1 5 -4 -3 8 -8 -5 11 -9 -2 -10
right_child=2 6 4 9 -6 -7 7 10 13 -11 -12 -13 -14 -15
leaf_value=0.00070105617202101151 -0.00073059238591882323 -3.503026307987842e-05 -0.00012489565802094324 0.011094595367305556 -0.00010529431204451882 0.0028800357904988135 0.0087096650156748018 0.00032450108559584176 0.00077039965545608866 -0.0013763849940354809 -0.00077654876269684704 -0.00016305896485538672 0.015432728238864967 -0.00010945411248906358
leaf_weight=7020 351 83286 6015 12258 6855 17640 7698 14343 11547 540 1890 12264 17955 7698
leaf_count=7020 351 83286 6015 12258 6855 17640 7698 14343 11547 540 1890 12264 17955 7698
internal_value=0.00196952 0.00108507 0.00484202 0.00501282 0.00323304 0.00435426 0.000523968 0.00158009 0.00322251 0.00693108 2.72312e-05 0.000374939 0.00752365 0.00146116
internal_weight=207360 158544 48816 19818 30510 23655 138726 55440 26943 12798 28497 26607 18306 19245
internal_count=207360 158544 48816 19818 30510 23655 138726 55440 26943 12798 28497 26607 18306 19245
is_linear=0
shrinkage=0.08


Tree=50
num_leaves=15
num_cat=0
split_feature=6 12 12 5 0 0 12 8 0 12 12 5 0 6
split_gain=78.6804 56.6737 27.5897 21.8836 19.7429 25.3831 33.4886 10.0694 12.9413 7.83046 7.26078 7.07591 5.92864 5.15726
threshold=35.947628745267238 0.52000000000000013 1.1300000000000001 27.134569072684013 0.47894736842105268 0.81578947368421062 0.82000000000000017 0.068529383742076885 0.55263157894736847 0.82000000000000017 1.1300000000000001 39.115168820953372 0.99473684210526325 29.688635523226925
decision_type=2 2 2 2 2 2 2 2 2 2 2 2 2 2
left_child=1 3 9 -1 -3 6 -6 -4 -9 -2 -8 -11 13 -7
right_child=2 4 7 -5 5 12 10 8 -10 11 -12 -13 -14 -15
leaf_value=0.00093823450735909476 0.015702596491673132 -3.9680737485589043e-05 -0.0004250207231863408 0.0090069549396629613 0.0093838955460507287 0.00031725705488963108 0.00085859469409780751 -0.00051674463284177895 0.0019425420949940497 0.0012041147767814398 -4.9336148671446712e-05 0.0046132969687050981 -0.00071442486168110002 -0.00011780340902313799
leaf_weight=7641 14958 84546 2736 13293 8568 14805 12852 2268 4968 7569 8568 7389 1890 15309
leaf_count=7641 14958 84546 2736 13293 8568 14805 12852 2268 4968 7569 8568 7389 1890 15309
internal_value=0.00191281 0.00115229 0.0051059 0.00504595 0.00059605 0.00168048 0.00335281 0.00146169 0.00302488 0.00632063 0.001662 0.00502634 0.000113486 0.000386266
internal_weight=207360 167472 39888 20934 146538 61992 29988 9972 7236 29916 21420 14958 32004 30114
internal_count=207360 167472 39888 20934 146538 61992 29988 9972 7236 29916 21420 14958 32004 30114
is_linear=0
shrinkage=0.08


Tree=51
num_leaves=15
num_cat=0
split_feature=0 12 0 0 0 12 8 12 0 5 12 5 0 2
split_gain=76.4228 73.4472 44.7789 37.9184 23.8321 22.2402 14.8685 11.494 10.2808 8.71168 8.28626 5.0566 7.66607 5.47964
threshold=0.47894736842105268 0.82000000000000017 0.86842105263157909 0.73157894736842122 0.54210526315789487 0.52000000000000013 0.045077682827133862 0.52000000000000013 0.98421052631578954 40.665243647325205 1.1300000000000001 29.845416472790575 0.15263157894736842 0.58333333333333337
decision_type=2 2 2 2 2 2 2 2 2 2 2 2 2 2
left_child=5 2 -2 4 -3 6 -1 8 -4 10 -6 12 -7 -13
right_child=1 3 7 -5 9 11 -8 -9 -10 -11 -12 13 -14 -15
leaf_value=0.00053797445986963064 0.010974118561631574 -1.0464866053059955e-05 0.0084551472965355267 -2.0237943853184069e-05 0.0024685431264041338 -0.00013601544501670832 0.0077127669415802385 -7.3843225546151259e-05 -0.0016827372417311016 0.0050883135408691339 0.00081110261637594579 -2.6546009741611221e-05 0.00018709108584369024 -0.00059584947394727603
leaf_weight=7398 29970 8100 2970 35100 10800 28287 5022 7020 540 6300 7200 11172 38619 8862
leaf_count=7398 29970 8100 2970 35100 10800 28287 5022 7020 540 6300 7200 11172 38619 8862
internal_value=0.00184838 0.00332148 0.00601481 0.00170548 0.00367901 0.000247182 0.00341385 0.00152707 0.00526496 0.00493169 0.00403556 -0.000205199 0.000128658 -0.00132016
internal_weight=207360 108000 40500 67500 32400 99360 12420 10530 3510 24300 18000 86940 66906 20034
internal_count=207360 108000 40500 67500 32400 99360 12420 10530 3510 24300 18000 86940 66906 20034
is_linear=0
shrinkage=0.08


Tree=52
num_leaves=15
num_cat=0
split_feature=5 12 12 5 0 0 0 8 0 12 12 0 0 0
split_gain=73.6176 51.4044 34.3293 24.5113 17.9763 16.7337 11.777 22.1643 11.4478 10.6674 9.05662 6.37354 6.58056 10.3201
threshold=33.111734186728668 0.82000000000000017 0.52000000000000013 40.473799786730019 0.31052631578947371 0.4578947368421053 0.53157894736842115 0.065732656260521008 0.97368421052631593 0.52000000000000013 1.1300000000000001 0.99473684210526325 0.46842105263157902 0.84736842105263166
decision_type=2 2 2 2 2 2 2 2 2 2 2 2 2 2
left_child=2 5 4 6 -1 9 -3 -8 -6 -2 11 12 -4 -14
right_child=1 3 10 -5 8 -7 7 -9 -10 -11 -12 -13 13 -15
leaf_value=0.00062563982578145438 0.023399199589141131 -0.00022484153924764343 5.1282706046720365e-05 0.0035849890240627776 0.010779929819992833 0.011664618147608115 -9.2166973454443625e-05 0.0018217372639929598 -0.00076144575594732007 -0.0009573974587385463 -0.00016310700667465547 -0.0008149727453201131 0.0013049003706763977 8.5773328841237315e-05
leaf_weight=8100 915 10050 55380 8820 8655 22320 10545 12360 810 1830 35130 1350 13995 17100
leaf_count=8100 915 10050 55380 8820 8655 22320 10545 12360 810 1830 35130 1350 13995 17100
internal_value=0.00179167 0.00397726 0.000752064 0.00225877 0.00406035 0.00684141 0.00125626 0.00225802 0.00642789 0.000947177 0.000279452 0.000713692 0.000798844 0.00173018
internal_weight=207360 66840 140520 41775 17565 25065 32955 22905 9465 2745 122955 87825 86475 31095
internal_count=207360 66840 140520 41775 17565 25065 32955 22905 9465 2745 122955 87825 86475 31095
is_linear=0
shrinkage=0.08


Tree=53
num_leaves=15
num_cat=0
split_feature=5 12 12 0 12 0 0 0 0 5 12 8 2 0
split_gain=69.7694 48.1115 29.1251 24.0917 15.9444 17.8341 30.2639 12.9373 11.4305 9.07285 7.26275 5.55326 5.35708 5.02263
threshold=35.937867084967699 0.52000000000000013 1.1300000000000001 0.32105263157894742 0.82000000000000017 0.42631578947368426 0.84736842105263166 0.46842105263157902 0.97368421052631593 42.202470853007874 0.82000000000000017 1.1252651467425375e-24 0.58333333333333337 0.48947368421052634
decision_type=2 2 2 2 2 2 2 2 2 2 2 2 2 2
left_child=1 3 7 -1 5 -3 13 -2 -5 12 -9 -12 -4 -7
right_child=2 4 9 8 -6 6 -8 10 -10 -11 11 -13 -14 -15
leaf_value=0.00061082454005992022 -3.8905963496136784e-05 7.7767643831307972e-05 0.00042314124023321812 0.012744775047521429 -3.9515039609503279e-06 0.0014078212826877587 -7.0478202432306105e-05 0.014760713327339898 -0.000700530095471538 0.002721333530354073 0.00052794675517388637 0.0032327944916539352 -0.0006268436029431111 0.0063693221906407568
leaf_weight=8370 2070 21978 4380 11748 104640 2334 7980 13941 810 1944 2295 11646 3660 9564
leaf_count=8370 2070 21978 4380 11748 104640 2334 7980 13941 810 1944 2295 11646 3660 9564
internal_value=0.00173418 0.00101749 0.00473878 0.0046055 0.000504915 0.00182454 0.00356092 0.00598611 0.00682147 0.000996795 0.00643914 0.00514798 -0.000189054 0.00611733
internal_weight=207360 167424 39936 20928 146496 41856 19878 29952 12558 9984 27882 13941 8040 11898
internal_count=207360 167424 39936 20928 146496 41856 19878 29952 12558 9984 27882 13941 8040 11898
is_linear=0
shrinkage=0.08


Tree=54
num_leaves=15
num_cat=0
split_feature=5 12 12 5 0 0 0 12 0 8 12 0 0 4
split_gain=66.8288 50.7051 30.3074 21.141 18.297 15.5309 10.9114 10.6524 9.20759 19.0326 7.30024 6.62919 6.42985 5.92772
threshold=33.111734186728668 0.82000000000000017 0.52000000000000013 39.438497622546237 0.3421052631578948 0.46842105263157902 0.96315789473684221 0.52000000000000013 0.53157894736842115 0.089822269023065074 1.1300000000000001 0.84736842105263166 0.52105263157894754 1.0000000180025095e-35
decision_type=2 2 2 2 2 2 2 2 2 2 2 2 2 2
left_child=2 5 4 8 -1 7 -6 -2 -3 -10 -4 -7 -5 -12
right_child=1 3 10 12 6 11 -8 -9 9 -11 13 -13 -14 -15
leaf_value=0.00064383718263565375 0.022041692050073131 -0.00023702626007303257 0.00013767370823420535 -8.7974803335936897e-05 0.012581300565617915 0.011651823000528949 -0.00034146034674911377 -0.00066710209058973367 -0.00012725840006076779 0.0015845082580129752 -0.00045559071840182118 0.00044222828578131308 0.0030500896933029625 -4.289336802556471e-06
leaf_weight=8898 1074 9450 87825 1215 7587 20763 1080 2148 10290 10710 10728 1080 10110 24402
leaf_count=8898 1074 9450 87825 1215 7587 20763 1080 2148 10290 10710 10728 1080 10110 24402
internal_value=0.00167824 0.00376062 0.000687732 0.00205386 0.00379619 0.00660523 0.00641237 0.00142024 0.000956322 0.00188952 0.000243667 0.00737005 0.00500486 -0.000730999
internal_weight=207360 66840 140520 41775 17565 25065 8667 3222 30450 21000 122955 21843 11325 35130
internal_count=207360 66840 140520 41775 17565 25065 8667 3222 30450 21000 122955 21843 11325 35130
is_linear=0
shrinkage=0.08


Tree=55
num_leaves=15
num_cat=0
split_feature=12 0 0 5 12 0 0 0 0 0 12 0 12 12
split_gain=64.7455 62.8723 40.8396 35.6634 12.8593 8.88359 23.5771 8.55906 7.52913 6.97943 6.76049 7.01043 6.53708 5.7787
threshold=0.82000000000000017 0.42631578947368426 0.84736842105263166 39.115168820953372 0.52000000000000013 0.54210526315789487 0.71052631578947378 0.96315789473684221 0.08947368421052633 0.48947368421052634 0.52000000000000013 0.30000000000000004 1.1300000000000001 0.52000000000000013
decision_type=2 2 2 2 2 2 2 2 2 2 2 2 2 2
left_child=1 8 9 5 7 -2 -7 -4 -1 13 -10 -12 -5 -3
right_child=3 2 4 12 -6 6 -8 -9 10 -11 11 -13 -14 -15
leaf_value=-0.00036209046796673527 -8.7584362384038108e-05 0.028068192068241373 0.009915979922736547 0.0035633956491089159 -9.9155066118146245e-05 0.0014598829827781976 -3.6972118899605701e-05 -0.00031414351900918661 0.0020205990389723961 0.0096026970203043401 0.00054553916375484079 -0.00039658303686153135 0.00081798160006068697 0.00096925436625333898
leaf_weight=7290 67920 1620 2970 7389 8100 14295 35070 1080 8640 27540 10800 6480 4926 3240
leaf_count=7290 67920 1620 2970 7389 8100 14295 35070 1080 8640 27540 10800 6480 4926 3240
internal_value=0.00162153 0.0034465 0.00541055 0.000526543 0.00145514 9.65173e-05 0.000913198 0.0051358 0.000811804 0.00689383 0.00145062 0.000537037 0.00462201 0.00409877
internal_weight=207360 77760 44550 129600 12150 117285 49365 4050 33210 32400 25920 17280 12315 4860
internal_count=207360 77760 44550 129600 12150 117285 49365 4050 33210 32400 25920 17280 12315 4860
is_linear=0
shrinkage=0.08


Tree=56
num_leaves=15
num_cat=0
split_feature=12 5 6 0 12 0 0 12 0 0 0 12 0 0
split_gain=61.36 62.3457 31.8895 16.9632 13.7053 12.1285 10.9078 9.90328 8.04023 21.7271 7.64156 7.46062 6.20713 9.97329
threshold=0.82000000000000017 31.498867291051361 39.115168820953372 0.46842105263157902 0.52000000000000013 0.14210526315789476 0.83684210526315794 0.52000000000000013 0.54210526315789487 0.70000000000000007 0.74210526315789482 0.52000000000000013 0.37368421052631584 0.96315789473684221
decision_type=2 2 2 2 2 2 2 2 2 2 2 2 2 2
left_child=1 5 8 4 -3 -1 -5 12 -2 -10 -4 -8 -7 -14
right_child=2 3 10 6 -6 7 11 -9 9 -11 -12 -13 13 -15
leaf_value=-0.00018555978974151569 -8.0577613139219299e-05 0.014651437106467059 0.0026854788740928994 0.0097785085774436866 -0.00036648755473751724 0.0014998124401573688 0.021015551754990282 0.00044574952950977338 0.0014546930435233754 -2.7566569797804253e-05 -3.459178899475221e-05 -0.00021471075636467663 0.011940153568879619 -0.00029162789504793635
leaf_weight=11340 68310 1701 10380 23859 3402 5670 948 23076 13440 35535 1935 1896 4794 1074
leaf_count=11340 68310 1701 10380 23859 3402 5670 948 23076 13440 35535 1935 1896 4794 1074
internal_value=0.0015814 0.00335802 0.000515432 0.00608087 0.0018546 0.00147347 0.00688851 0.00221737 0.000108795 0.000891067 0.00438814 0.00220534 0.00413105 0.00595501
internal_weight=207360 77760 129600 31806 5103 45954 26703 34614 117285 48975 12315 2844 11538 5868
internal_count=207360 77760 129600 31806 5103 45954 26703 34614 117285 48975 12315 2844 11538 5868
is_linear=0
shrinkage=0.08


Tree=57
num_leaves=15
num_cat=0
split_feature=5 12 0 12 0 0 12 0 12 0 0 0 6 12
split_gain=57.2707 48.2533 32.4861 18.1093 16.3652 30.3303 31.2079 11.6365 9.02003 4.8649 7.21836 4.7053 4.67096 4.06888
threshold=38.302941641563699 0.52000000000000013 0.36315789473684218 1.1300000000000001 0.50000000000000011 0.77368421052631586 0.82000000000000017 0.9526315789473685 1.1300000000000001 0.52105263157894754 0.7210526315789475 0.55263157894736847 24.500531633455537 0.82000000000000017
decision_type=2 2 2 2 2 2 2 2 2 2 2 2 2 2
left_child=1 2 -1 13 12 6 -6 -4 11 -5 -11 -8 -3 -2
right_child=3 4 7 9 5 -7 8 -9 -10 10 -12 -13 -14 -15
leaf_value=0.00051857128378824096 0.014257605135950582 0.00012709877543197782 0.017451731975496459 -0.00071853474969720552 0.0076863680223205767 -3.489381447871985e-06 4.7332741091993145e-05 -1.6134886429423616e-05 -9.167844467119647e-05 0.0015779772312538693 -0.00048389282066306917 0.0013327895380994927 -0.0001049452750723634 0.0027846011708505918
leaf_weight=9450 8892 22533 12156 852 9090 40047 2799 1350 9090 3870 1206 10836 66297 8892
leaf_count=9450 8892 22533 12156 852 9090 40047 2799 1350 9090 3870 1206 10836 66297 8892
internal_value=0.00151659 0.00103886 0.00446977 0.0052166 0.000548727 0.00144633 0.00329027 0.00698712 0.00170561 0.00138731 0.00232624 0.00300697 -0.000177417 0.00649303
internal_weight=207360 183648 22956 23712 160692 71862 31815 13506 22725 5928 5076 13635 88830 17784
internal_count=207360 183648 22956 23712 160692 71862 31815 13506 22725 5928 5076 13635 88830 17784
is_linear=0
shrinkage=0.08


Tree=58
num_leaves=15
num_cat=0
split_feature=12 5 6 0 12 0 0 12 0 12 12 0 0 0
split_gain=55.8065 58.4263 28.3031 17.7088 14.6077 12.9594 10.4164 9.79813 9.34168 8.18287 8.13921 10.2531 7.43301 17.6653
threshold=0.82000000000000017 31.36608248338133 40.460899352160169 0.47894736842105268 0.52000000000000013 0.80526315789473701 0.14210526315789476 0.52000000000000013 0.97368421052631593 1.1300000000000001 0.52000000000000013 0.37368421052631584 0.53157894736842115 0.7210526315789475
decision_type=2 2 2 2 2 2 2 2 2 2 2 2 2 2
left_child=1 6 9 4 -3 -5 -1 -7 10 12 11 -8 -2 -14
right_child=2 3 -4 5 -6 7 8 -9 -10 -11 -12 -13 13 -15
leaf_value=-0.00017899702184677948 -4.9087793769340368e-06 0.013205201217615883 0.0024265761131072915 0.0096615786638882799 -0.0003582704200275286 0.021206815647648418 0.0012896544369417301 0.00012270226385109343 -0.00071108996380913616 -0.00014253155240486772 0.00052263922886237619 0.0083630385737910526 0.0017075316594173482 5.263852091701143e-05
leaf_weight=11340 40896 1965 8835 21807 3930 1572 5646 3144 2421 48306 21054 4881 10665 20898
leaf_count=11340 40896 1965 8835 21807 3930 1572 5646 3144 2421 48306 21054 4881 10665 20898
internal_value=0.00147647 0.00317078 0.000459877 0.00576421 0.00179813 0.0066457 0.00131657 0.00284309 0.00201682 0.000140107 0.00238397 0.00420025 0.00067779 0.0016001
internal_weight=207360 77760 129600 32418 5895 26523 45342 4716 34002 120765 31581 10527 72459 31563
internal_count=207360 77760 129600 32418 5895 26523 45342 4716 34002 120765 31581 10527 72459 31563
is_linear=0
shrinkage=0.08


Tree=59
num_leaves=15
num_cat=0
split_feature=12 0 0 5 0 12 12 0 12 5 0 0 8 2
split_gain=52.6008 56.0681 33.4315 25.4092 14.6285 15.2324 12.7687 8.75963 8.11002 9.23858 6.46689 7.93552 5.27729 5.32779
threshold=0.82000000000000017 0.3842105263157895 0.82631578947368434 41.468794929014358 0.50000000000000011 0.52000000000000013 0.52000000000000013 0.94210526315789489 1.1300000000000001 35.110213769505684 0.53157894736842115 0.7210526315789475 0.50013065314354221 0.41666666666666669
decision_type=2 2 2 2 2 2 2 2 2 2 2 2 2 2
left_child=1 -1 4 8 5 -3 7 -4 9 -2 -11 -12 13 -7
right_child=3 2 6 -5 -6 12 -8 -9 -10 10 11 -13 -14 -15
leaf_value=0.00010882036696856638 5.1753310511170857e-05 0.01942424594159978 0.010212525077660265 0.0029341411898302599 0.0082238407313947656 0.0010798543203880393 -8.3562535279945867e-05 0.00010079101715089856 -0.00013373784603395007 -7.4233673464960698e-05 0.0023558311710924467 0.00020634249231603441 0.0016560407306544839 -0.00121639935444286
leaf_weight=29970 60039 2970 2970 6345 25110 1320 9180 1620 49302 3636 6309 3969 3162 1458
leaf_count=29970 60039 2970 2970 6345 25110 1320 9180 1620 49302 3636 6309 3969 3162 1458
internal_value=0.00141474 0.00305967 0.00476083 0.000427778 0.006107 0.00332211 0.001435 0.00488017 0.000173624 0.000703474 0.00256087 0.00358669 0.000983165 -0.00156083
internal_weight=207360 77760 47790 129600 34020 8910 13770 4590 123255 73953 13914 10278 5940 2778
internal_count=207360 77760 47790 129600 34020 8910 13770 4590 123255 73953 13914 10278 5940 2778
is_linear=0
shrinkage=0.08


Tree=60
num_leaves=15
num_cat=0
split_feature=12 6 0 12 0 0 12 0 0 0 0 0 6 0
split_gain=51.1314 43.7644 38.5009 14.6818 14.5827 34.0043 17.0626 13.5007 5.10947 5.2266 4.62534 4.10253 3.97212 3.9337
threshold=0.52000000000000013 39.115168820953372 0.37368421052631584 1.1300000000000001 0.53157894736842115 0.7210526315789475 0.82000000000000017 0.94210526315789489 0.7210526315789475 0.53157894736842115 0.56315789473684219 0.99473684210526325 24.500531633455537 0.19473684210526318
decision_type=2 2 2 2 2 2 2 2 2 2 2 2 2 2
left_child=2 4 -1 -3 12 6 -6 -4 9 -5 -8 -7 -2 -14
right_child=1 3 7 8 5 11 10 -9 -10 -11 -12 -13 13 -15
leaf_value=0.00039813747129410082 0.00011571824427811628 0.0040713268255887875 0.019633255653885302 -0.0011266477691118601 0.0078538925596459471 6.1291741922340099e-05 -8.0694445904173838e-05 9.2727735778828091e-05 -0.00063416919508837305 0.0014195334822556544 0.0011682812582538575 -0.0005899692087800001 -0.00026373934090425169 -2.1077872341679305e-05
leaf_weight=9720 22533 12315 14580 606 6492 45318 2880 1620 1092 3228 13350 1890 19173 52563
leaf_count=9720 22533 12315 14580 606 6492 45318 2880 1620 1092 3228 13350 1890 19173 52563
internal_value=0.00136458 0.000889771 0.00468827 0.00472409 0.000487165 0.00136251 0.00390529 0.00707654 0.00103289 0.00240793 0.00251879 0.000138621 -0.000162174 -0.000453217
internal_weight=207360 181440 25920 17241 164199 69930 22722 16200 4926 3834 16230 47208 94269 71736
internal_count=207360 181440 25920 17241 164199 69930 22722 16200 4926 3834 16230 47208 94269 71736
is_linear=0
shrinkage=0.08


Tree=61
num_leaves=15
num_cat=0
split_feature=12 6 5 0 12 0 12 0 0 12 12 5 8 2
split_gain=50.5003 53.1072 20.9026 13.7865 13.5808 13.3727 11.0545 10.3046 15.6342 11.6248 6.99853 6.82804 5.62649 7.08827
threshold=0.82000000000000017 32.043580703428447 41.468794929014358 0.48947368421052634 0.52000000000000013 0.7947368421052633 0.52000000000000013 0.37368421052631584 0.91052631578947374 0.52000000000000013 1.1300000000000001 35.110213769505684 0.49653912923858357 0.25000000000000006
decision_type=2 2 2 2 2 2 2 2 2 2 2 2 2 2
left_child=1 7 10 4 -3 -5 -7 -1 9 -9 11 -2 13 -6
right_child=2 3 -4 5 12 6 -8 8 -10 -11 -12 -13 -14 -15
leaf_value=0.00010597113292603893 4.6402398036584081e-05 0.015239386230496513 0.002490888204791522 0.0088419726680188503 0.0012158102472048776 0.018930565554795324 2.3076939869234544e-05 0.01519282768589145 -8.8172219665592013e-05 0.0013732597054689636 -0.00012682043231979656 0.00067332113813712332 0.00097959697286005109 -0.0020579454681555541
leaf_weight=28827 60039 1671 6345 19548 540 1692 3384 4119 6939 8238 49302 13914 1758 1044
leaf_count=28827 60039 1671 6345 19548 540 1692 3384 4119 6939 8238 49302 13914 1758 1044
internal_value=0.00132446 0.00293621 0.000357408 0.0056003 0.00177618 0.00637882 0.00272025 0.00129551 0.00272637 0.00443279 0.000126892 0.000619096 -0.00116816 -0.00462626
internal_weight=207360 77760 129600 29637 5013 24624 5076 48123 19296 12357 123255 73953 3342 1584
internal_count=207360 77760 129600 29637 5013 24624 5076 48123 19296 12357 123255 73953 3342 1584
is_linear=0
shrinkage=0.08


Tree=62
num_leaves=15
num_cat=0
split_feature=12 0 6 12 0 0 0 12 2 0 6 2 0 0
split_gain=50.1509 38.6603 37.7105 14.1333 14.0919 12.7634 31.3399 14.7441 5.42857 4.52399 3.92447 5.7404 5.48204 3.60157
threshold=0.52000000000000013 0.37368421052631584 39.115168820953372 1.1300000000000001 0.93157894736842117 0.53157894736842115 0.71052631578947378 0.82000000000000017 0.41666666666666669 0.56315789473684219 29.73350195717769 0.58333333333333337 0.15263157894736842 0.99473684210526325
decision_type=2 2 2 2 2 2 2 2 2 2 2 2 2 2
left_child=1 -1 5 -4 -3 10 7 -7 -5 -9 12 -12 -2 -8
right_child=2 4 3 8 -6 6 13 9 -10 -11 11 -13 -14 -15
leaf_value=0.00034290867247418626 -0.00010702676684280097 0.018321980518466504 0.003600626600982574 0.0013369901003487843 0.00018763987417529359 0.0068624119533600503 5.5078195442148864e-05 -7.3031647324471301e-05 -0.00038440575479301963 0.0011940321400779961 4.8340953080480839e-06 -0.00052047537873794927 0.00016811402321931536 -0.00054306464142721115
leaf_weight=9720 28224 14310 12315 1986 1890 6126 46599 2880 2940 12435 14721 11319 40005 1890
leaf_count=9720 28224 14310 12315 1986 1890 6126 46599 2880 2940 12435 14721 11319 40005 1890
internal_value=0.00127315 0.00456482 0.00080291 0.00436216 0.00695802 0.000429187 0.00124811 0.00379497 0.000740561 0.00246817 -0.000178298 -0.00101382 0.000140586 0.000121925
internal_weight=207360 25920 181440 17241 16200 164199 69930 21441 4926 15315 94269 26040 68229 48489
internal_count=207360 25920 181440 17241 16200 164199 69930 21441 4926 15315 94269 26040 68229 48489
is_linear=0
shrinkage=0.08


Tree=63
num_leaves=15
num_cat=0
split_feature=12 6 5 0 0 12 12 12 0 0 0 0 6 6
split_gain=48.5417 37.9029 33.9148 13.232 31.8439 20.9415 10.5988 5.53327 5.3042 4.89075 6.22769 3.96597 3.70769 3.53327
threshold=0.52000000000000013 29.846277160675733 40.473799786730019 0.53157894736842115 0.74210526315789482 0.82000000000000017 1.1300000000000001 1.1300000000000001 0.1315789473684211 0.71052631578947378 0.55263157894736847 0.37368421052631584 24.76946517152891 29.893552987076848
decision_type=2 2 2 2 2 2 2 2 2 2 2 2 2 2
left_child=1 8 3 12 5 -5 -4 -7 -1 10 -8 -3 -2 -6
right_child=2 11 6 4 13 7 9 -9 -10 -11 -12 -13 -14 -15
leaf_value=-0.00056942517920274935 0.00010186152718778192 0.00061090343146492823 0.0045531218890490993 0.006219414923293946 0.00017891577771958286 0.0011184726615509496 -0.0011410496336156221 0.00016219023967767998 0.0013834142436705038 -0.0011146091325201673 0.001656716853504072 0.018650795489006115 -9.6598491101652765e-05 -0.00012618463473066332
leaf_weight=3498 25242 576 8820 7944 18312 11916 624 7944 8970 642 2262 12876 69804 27930
leaf_count=3498 25242 576 8820 7944 18312 11916 624 7944 8970 642 2262 12876 69804 27930
internal_value=0.00122762 0.00446605 0.000764991 0.000469425 0.00127121 0.00341073 0.00481244 0.00202216 0.00128842 0.00110658 0.00251143 0.00741124 -0.000155209 -1.5224e-05
internal_weight=207360 25920 181440 169092 74046 27804 12348 19860 12468 3528 2886 13452 95046 46242
internal_count=207360 25920 181440 169092 74046 27804 12348 19860 12468 3528 2886 13452 95046 46242
is_linear=0
shrinkage=0.08


Tree=64
num_leaves=15
num_cat=0
split_feature=12 5 5 0 12 0 12 8 0 0 12 0 0 12
split_gain=47.0167 50.7531 17.4829 14.362 12.3868 10.6236 9.3885 8.87059 5.86497 6.29209 5.75771 5.22673 17.5687 4.8877
threshold=0.82000000000000017 32.039477502374993 42.42564285169162 0.48947368421052634 0.52000000000000013 0.78421052631578958 0.52000000000000013 0.32405627685579819 0.11052631578947369 0.99473684210526325 1.1300000000000001 0.55263157894736847 0.70000000000000007 0.52000000000000013
decision_type=2 2 2 2 2 2 2 2 2 2 2 2 2 2
left_child=1 7 10 4 -3 -5 -7 8 -1 13 11 -2 -13 -10
right_child=2 3 -4 5 -6 6 -8 -9 9 -11 -12 12 -14 -15
leaf_value=-0.00024622978628063407 -9.455281566805321e-06 0.010735747061323431 0.0027059205088089643 0.0079893629402350372 -0.0002583425971265233 0.018696938529375345 0.00023069782438180222 0.0026235283404545512 0.0017014500263746513 -0.0014360441774786726 -0.0001272186206995502 0.0016732439691450301 1.9965532453399584e-05 0.00021932925549804404
leaf_weight=8910 42687 1872 4365 18963 3744 1695 3390 5256 11040 810 50094 9333 23121 22080
leaf_count=8910 42687 1872 4365 18963 3744 1695 3390 5256 11040 810 50094 9333 23121 22080
internal_value=0.00118866 0.00274383 0.000255556 0.00534628 0.0017037 0.00619694 0.00294985 0.00113872 0.00075817 0.00123784 8.2086e-05 0.000524987 0.0012902 0.00140821
internal_weight=207360 77760 129600 29664 5616 24048 5085 48096 42840 33930 125235 75141 32454 33120
internal_count=207360 77760 129600 29664 5616 24048 5085 48096 42840 33930 125235 75141 32454 33120
is_linear=0
shrinkage=0.08


Tree=65
num_leaves=15
num_cat=0
split_feature=12 5 5 12 8 0 12 0 5 0 2 0 2 0
split_gain=45.402 38.5544 29.6852 11.0947 9.78973 25.8822 18.4427 6.23155 5.86727 5.83898 5.57937 4.33333 4.28698 4.02906
threshold=0.52000000000000013 29.888415179087833 39.839695575557776 1.1300000000000001 1.0000000180025095e-35 0.55263157894736847 0.82000000000000017 0.37368421052631584 29.731121905649399 0.68947368421052646 0.41666666666666669 0.1736842105263158 0.58333333333333337 0.53157894736842115
decision_type=2 2 2 2 2 2 2 2 2 2 2 2 2 2
left_child=1 11 4 13 -2 8 -7 -3 -6 -8 -5 -1 -10 -4
right_child=2 7 3 10 5 6 9 -9 12 -11 -12 -13 -14 -15
leaf_value=-0.00033755209491948435 -3.1702482389029806e-05 1.0386726087914271e-05 0.00056003212835222611 0.0014327752252694672 0.0002350840862644005 0.0049816946779911008 0.0010979075742568931 0.017689053735661868 3.1053771477436326e-05 -3.0632643745443237e-05 -0.00052611166473437085 0.0013346789011440918 -0.00043706271606920507 0.0042629884787917819
leaf_weight=4581 89985 705 1335 1722 19341 7704 12105 12654 17535 7155 2412 7980 13146 9000
leaf_count=4581 89985 705 1335 1722 19341 7704 12105 12654 17535 7155 2412 7980 13146 9000
internal_value=0.00113966 0.00427161 0.00069224 0.00416836 0.000391014 0.00105328 0.00305118 0.00726342 -2.36693e-05 0.00172793 0.000665699 0.00108972 -0.00071158 0.00556942
internal_weight=207360 25920 181440 14469 166971 76986 26964 13359 50022 19260 4134 12561 30681 10335
internal_count=207360 25920 181440 14469 166971 76986 26964 13359 50022 19260 4134 12561 30681 10335
is_linear=0
shrinkage=0.08


Tree=66
num_leaves=15
num_cat=0
split_feature=12 5 5 8 0 12 12 0 0 6 10 8 2 12
split_gain=44.1799 37.7868 26.9967 9.86761 24.8421 18.3989 9.25462 5.64656 5.17757 4.62635 4.48479 5.0345 4.42639 3.51022
threshold=0.52000000000000013 30.006379679511063 40.473799786730019 1.0000000180025095e-35 0.55263157894736847 0.82000000000000017 1.1300000000000001 0.67894736842105274 0.37368421052631584 28.910200617966371 1.0000000180025095e-35 0.21070522757795399 0.41666666666666669 0.82000000000000017
decision_type=2 2 2 2 2 2 2 2 2 2 2 2 2 2
left_child=1 10 3 -2 9 -6 13 -7 -3 -5 11 -1 -8 -4
right_child=2 8 6 4 5 7 12 -9 -10 -11 -12 -13 -14 -15
leaf_value=2.8913018333059421e-05 -3.0679327033597992e-05 0.00018180865105965895 0.011916709959473923 0.00024397615150184657 0.0047195059333168046 0.00108302385798453 0.0014961517202574735 2.5844236240361625e-05 0.016489360383555501 -0.00012999458520843076 0.0061553145616101103 0.0039581657639447708 -0.00045728053504880573 0.0020803130094193636
leaf_weight=10461 90300 669 3528 16443 8016 11625 1500 8415 12486 34293 1086 1218 2028 5292
leaf_count=10461 90300 669 3528 16443 8016 11625 1500 8415 12486 34293 1086 1218 2028 5292
internal_value=0.00110494 0.00419444 0.000663581 0.000399877 0.00105412 0.00296436 0.0042747 0.00166866 0.00720334 -2.20721e-06 0.00109362 0.000636356 0.000811792 0.00565986
internal_weight=207360 25920 181440 169092 78792 28056 12348 20040 13155 50736 12765 11679 3528 8820
internal_count=207360 25920 181440 169092 78792 28056 12348 20040 13155 50736 12765 11679 3528 8820
is_linear=0
shrinkage=0.08


Tree=67
num_leaves=15
num_cat=0
split_feature=12 5 5 12 0 0 12 0 0 12 0 0 6 4
split_gain=42.1407 36.503 25.9688 11.8959 8.94259 11.8275 8.69797 8.99345 23.3453 11.0437 6.8708 6.52678 5.59356 5.57233
threshold=0.52000000000000013 29.845416472790575 39.650856901844683 0.82000000000000017 0.54210526315789487 0.71052631578947378 1.1300000000000001 0.51052631578947383 0.77368421052631586 0.82000000000000017 0.88947368421052642 0.37368421052631584 29.073574355030313 1.0000000180025095e-35
decision_type=2 2 2 2 2 2 2 2 2 2 2 2 2 2
left_child=1 -1 6 -4 -5 -6 7 12 9 -9 11 -3 -2 -8
right_child=2 10 3 4 5 -7 13 8 -10 -11 -12 -13 -14 -15
leaf_value=0.00053386490488396929 0.00010595012582156936 4.6165596140432723e-05 0.0095864497424939191 -0.00072842501633665977 0.0022351947384602177 -0.00040968764746670503 -0.00035340309146183113 0.0036678488937883819 -6.6534743372340499e-06 0.00058923729124418735 -0.00013932548721574909 0.019146389046404404 -0.00024995438730250901 8.4726811865412739e-06
leaf_weight=12459 45675 723 4332 1800 6795 2235 14976 9660 29310 14490 744 11994 19635 32532
leaf_count=12459 45675 723 4332 1800 6795 2235 14976 9660 29310 14490 744 11994 19635 32532
internal_value=0.00107215 0.00408951 0.000641094 0.00381058 0.00239335 0.00341971 0.000352085 0.000718027 0.00148747 0.00332919 0.00697779 0.00741496 8.81951e-05 -0.000562768
internal_weight=207360 25920 181440 15162 10830 9030 166278 118770 53460 24150 13461 12717 65310 47508
internal_count=207360 25920 181440 15162 10830 9030 166278 118770 53460 24150 13461 12717 65310 47508
is_linear=0
shrinkage=0.08


Tree=68
num_leaves=15
num_cat=0
split_feature=12 5 5 8 0 12 12 0 0 0 0 0 0 0
split_gain=40.3813 36.0685 25.1044 9.17161 21.7905 15.2137 8.672 6.47138 6.58325 5.102 4.41522 5.74759 3.88818 3.54252
threshold=0.52000000000000013 29.845416472790575 40.864686643558088 1.1252651467425375e-24 0.56315789473684219 0.82000000000000017 1.1300000000000001 0.88947368421052642 0.39473684210526322 0.68947368421052646 0.71052631578947378 0.55263157894736847 0.1315789473684211 0.98421052631578954
decision_type=2 2 2 2 2 2 2 2 2 2 2 2 2 2
left_child=1 12 3 -2 -5 -6 -4 8 -3 -7 11 -8 -1 -14
right_child=2 7 6 4 5 9 10 -9 -10 -11 -12 -13 13 -15
leaf_value=-0.00051956874542279379 -2.8771596798821739e-05 0.00092743924857422431 0.0037786742294062437 1.6305734393868127e-05 0.0042927884282849575 0.0010227828806238695 -0.0013426171887232557 -0.00012817944823849024 0.019139304800997414 -2.3362289108686584e-05 -0.0013719059969240853 0.0013113422136682208 0.0012297852875758127 -0.0016810887066504776
leaf_weight=3501 91749 1074 7830 52542 7482 11880 534 744 11643 6825 498 2100 8439 519
leaf_count=3501 91749 1074 7830 52542 7482 11880 534 744 11643 6825 498 2100 8439 519
internal_value=0.00104012 0.00399383 0.000618166 0.000379545 0.00101299 0.00289823 0.00432914 0.00686487 0.00728914 0.0016787 0.000771392 0.00207745 0.000891886 0.0017754
internal_weight=207360 25920 181440 170478 78729 26187 10962 13461 12717 18705 3132 2634 12459 8958
internal_count=207360 25920 181440 170478 78729 26187 10962 13461 12717 18705 3132 2634 12459 8958
is_linear=0
shrinkage=0.08


Tree=69
num_leaves=15
num_cat=0
split_feature=12 5 6 12 0 0 12 12 0 0 0 0 6 8
split_gain=39.4792 35.3118 22.2483 8.56523 9.49888 24.276 8.83934 7.62292 7.15914 7.76838 6.30279 6.97165 4.49076 4.84621
threshold=0.52000000000000013 29.845416472790575 40.859985198652282 1.1300000000000001 0.52105263157894754 0.7210526315789475 0.82000000000000017 0.82000000000000017 0.71052631578947378 0.55263157894736847 0.88947368421052642 0.41578947368421054 29.073574355030313 0.34967450091932278
decision_type=2 2 2 2 2 2 2 2 2 2 2 2 2 2
left_child=1 -1 3 4 12 6 -6 -4 9 -9 11 -3 -2 -14
right_child=2 10 7 -5 5 -7 -8 8 -10 -11 -12 -13 13 -15
leaf_value=0.00047331347699664916 9.8787189596828364e-05 0.0012565631087302731 0.010644268161180115 -0.00011988079294954961 0.0041554107984593056 5.8543477843724657e-05 0.00080764013958012761 -0.00057489911854335853 -0.00052940449137424189 0.0021511236236503527 -0.00011792509237941226 0.019459618905185064 -0.00050239791256853291 3.0312773145041385e-06
leaf_weight=12459 45690 1467 3138 48702 7770 35205 11655 1080 1560 5205 744 11250 7560 13875
leaf_count=12459 45690 1467 3138 48702 7770 35205 11655 1080 1560 5205 744 11250 7560 13875
internal_value=0.00100849 0.00392901 0.00059127 0.000366404 0.000725063 0.00150833 0.00377864 0.00408122 0.00274825 0.00395227 0.00676978 0.00718849 8.75981e-05 -0.000867739
internal_weight=207360 25920 181440 170457 121755 54630 19425 10983 7845 6285 13461 12717 67125 21435
internal_count=207360 25920 181440 170457 121755 54630 19425 10983 7845 6285 13461 12717 67125 21435
is_linear=0
shrinkage=0.08


Tree=70
num_leaves=15
num_cat=0
split_feature=12 5 5 12 5 2 0 0 8 12 0 5 0 0
split_gain=38.3402 34.8675 20.7592 10.336 13.3346 7.71206 6.17641 7.17561 5.95289 4.71885 4.62982 4.01662 3.59087 4.86123
threshold=0.52000000000000013 29.845416472790575 42.42564285169162 0.82000000000000017 37.187606278581413 0.58333333333333337 0.40526315789473694 0.88947368421052642 0.44970261463192229 1.1300000000000001 0.47894736842105268 21.424641366989174 0.42631578947368426 0.85789473684210538
decision_type=2 2 2 2 2 2 2 2 2 2 2 2 2 2
left_child=1 11 3 4 5 12 -3 -8 -7 -4 -6 -1 -2 -14
right_child=2 6 9 -5 10 8 7 -9 -10 -11 -12 -13 13 -15
leaf_value=-0.0014091170738641608 0.00021470433001783166 0.00084177607148224604 0.0049482043659088331 3.162514127271551e-06 -0.00075752439985909904 -0.00025287169816938071 0.017030129788802525 -0.00010849108498905756 0.0015607416704389715 0.00056809974475446651 0.0045766086490615556 0.00057588077858156453 0.0019528360025429221 0.00017001752317262063
leaf_weight=516 12780 1263 4365 125235 540 16026 11454 744 2400 1746 5262 11943 8718 4368
leaf_count=516 12780 1263 4365 125235 540 16026 11454 744 2400 1746 5262 11943 8718 4368
internal_value=0.000973766 0.00385185 0.000562611 0.000402854 0.00137406 0.000901653 0.00667469 0.0072261 -0.000349072 0.00514613 0.00498035 0.000801991 0.00179262 0.00272413
internal_weight=207360 25920 181440 175329 50094 44292 13461 12198 18426 6111 5802 12459 25866 13086
internal_count=207360 25920 181440 175329 50094 44292 13461 12198 18426 6111 5802 12459 25866 13086
is_linear=0
shrinkage=0.08


Tree=71
num_leaves=15
num_cat=0
split_feature=12 6 5 8 0 12 0 0 0 8 10 5 2 2
split_gain=36.322 33.2921 19.0817 9.69946 24.1906 15.5846 7.17217 7.48523 6.4602 4.17216 4.96807 3.83391 4.22838 4.14572
threshold=0.52000000000000013 29.960999727822102 42.711553493862681 1.3051449739882548e-24 0.56315789473684219 0.82000000000000017 0.88947368421052642 0.44736842105263164 0.68947368421052646 0.25182051548104106 1.0000000180025095e-35 29.731121905649399 0.58333333333333337 1.0000000180025095e-35
decision_type=2 2 2 2 2 2 2 2 2 2 2 2 2 2
left_child=1 9 3 -2 11 -6 7 -3 -7 10 -1 -5 13 -13
right_child=2 6 -4 4 5 8 -8 -9 -10 -11 -12 12 -14 -15
leaf_value=-4.808920455631841e-05 -3.2704418709511762e-05 0.0015289860262661004 0.0027810479462014471 0.00019354794999040546 0.0040723772467898389 0.0010001383643820521 -0.00024810343769776232 0.019365281153384376 -6.5816864531268116e-05 0.0034708574919834964 0.0052925664579034915 -0.00035802707178654916 -0.00038227742436386532 0.00026890979727759243
leaf_weight=10626 92526 1848 5418 19341 8388 13485 849 10551 7485 1128 918 5208 14973 14616
leaf_count=10626 92526 1848 5418 19341 8388 13485 849 10551 7485 1128 918 5208 14973 14616
internal_value=0.000933256 0.00373457 0.000533069 0.000389133 0.00101428 0.00286341 0.00653865 0.00702573 0.00169766 0.000803031 0.000349273 1.15264e-05 -0.000490387 0.000276029
internal_weight=207360 25920 181440 176022 83496 29358 13248 12399 20970 12672 11544 54138 34797 19824
internal_count=207360 25920 181440 176022 83496 29358 13248 12399 20970 12672 11544 54138 34797 19824
is_linear=0
shrinkage=0.08


Tree=72
num_leaves=15
num_cat=0
split_feature=12 6 5 12 0 0 12 0 0 4 2 2 2 2
split_gain=35.7639 32.6831 17.3118 13.6406 6.99068 7.81289 5.67247 5.4041 7.76551 5.1601 6.91671 9.44825 8.28596 5.47633
threshold=0.52000000000000013 29.960999727822102 38.780387115444604 0.82000000000000017 0.88947368421052642 0.4578947368421053 1.1300000000000001 0.52105263157894754 0.70000000000000007 1.0000000180025095e-35 0.91666666666666685 0.58333333333333337 0.75000000000000011 0.91666666666666685
decision_type=2 2 2 2 2 2 2 2 2 2 2 2 2 2
left_child=1 -1 6 -4 5 -3 -2 -5 -9 13 11 -11 -13 -8
right_child=2 4 3 7 -6 -7 9 8 -10 10 -12 12 -14 -15
leaf_value=0.00039409982983246627 0.00011381252148622577 0.0015630272158057893 0.0063306188905090264 -0.00059638428156646159 -0.00022825516268194099 0.018708034589151705 -0.0001918157197804861 0.0014349710734185013 -0.00022570366788264215 0.00015710241958923798 0.0005557971624711262 -0.00092045212300194651 -5.9120172072363272e-05 -0.0012141428491964036
leaf_weight=12672 116295 2076 5322 1815 849 10323 12738 8010 3480 18132 4422 4290 5064 1872
leaf_count=12672 116295 2076 5322 1815 849 10323 12738 8010 3480 18132 4422 4290 5064 1872
internal_value=0.000890047 0.00366975 0.000492946 0.00280324 0.00644807 0.00692895 0.000228631 0.00143405 0.00207485 -0.000517993 5.21502e-05 -0.000420286 -0.00248535 -0.00176318
internal_weight=207360 25920 181440 18627 13248 12399 162813 13305 11490 46518 31908 27486 9354 14610
internal_count=207360 25920 181440 18627 13248 12399 162813 13305 11490 46518 31908 27486 9354 14610
is_linear=0
shrinkage=0.08


Tree=73
num_leaves=15
num_cat=0
split_feature=12 0 0 6 12 0 8 12 0 0 2 6 2 0
split_gain=34.1058 32.964 22.4788 16.0051 8.92379 6.32393 18.0442 10.8366 5.01927 7.2017 4.1173 6.5402 6.2632 3.96832
threshold=0.52000000000000013 0.37368421052631584 0.88947368421052642 40.859985198652282 0.82000000000000017 0.53157894736842115 0.13990184097237385 0.82000000000000017 0.70000000000000007 0.56315789473684219 0.58333333333333337 30.015400967780213 0.75000000000000011 0.58421052631578962
decision_type=2 2 2 2 2 2 2 2 2 2 2 2 2 2
left_child=1 -1 -3 5 -5 -2 10 -8 9 -6 -7 -12 -13 -9
right_child=3 2 -4 4 8 6 7 13 -10 -11 11 12 -14 -15
leaf_value=-3.3499867172263378e-05 -3.2334856685564826e-05 0.012022531498940288 -0.00024960747222634277 0.0087296098028144409 -0.00046145021121343598 0.00014020212390382678 0.0038153046243147009 -2.4192833184400611e-05 -0.0004421214182975347 0.0018627524589411859 0.00022048758029077719 -0.00077339458052774486 -0.00015580283276865674 0.00090182190732563327
leaf_weight=9720 95571 13230 2970 3138 1350 30912 6180 5385 1890 4605 7770 4788 9786 10065
leaf_count=9720 95571 13230 2970 3138 1350 30912 6180 5385 1890 4605 7770 4788 9786 10065
internal_value=0.000853395 0.0035679 0.00577778 0.000465609 0.00342566 0.000274885 0.000825361 0.00277393 0.00198343 0.00312343 3.39495e-05 -0.000793412 -0.00179278 0.00164142
internal_weight=207360 25920 16200 181440 10983 170457 74886 21630 7845 5955 53256 22344 14574 15450
internal_count=207360 25920 16200 181440 10983 170457 74886 21630 7845 5955 53256 22344 14574 15450
is_linear=0
shrinkage=0.08


Tree=74
num_leaves=15
num_cat=0
split_feature=12 0 0 5 12 12 5 0 0 0 0 0 4 2
split_gain=32.138 31.1056 23.3878 14.598 9.12242 5.88339 7.14739 7.95464 10.7743 5.08481 6.44517 3.9404 3.56033 7.08511
threshold=0.52000000000000013 0.43684210526315798 0.88947368421052642 40.864686643558088 0.82000000000000017 1.1300000000000001 34.645894622716582 0.51052631578947383 0.71052631578947378 0.56315789473684219 0.70000000000000007 0.98421052631578954 1.0000000180025095e-35 0.91666666666666685
decision_type=2 2 2 2 2 2 2 2 2 2 2 2 2 2
left_child=1 -1 -3 5 -5 6 11 -8 -9 -6 -11 -2 -7 -14
right_child=3 2 -4 4 9 12 7 8 -10 10 -12 -13 13 -15
leaf_value=0.00017005385437289796 7.0354628770711249e-05 0.014746124978069269 -0.00022963887444823442 0.0084025638650145739 -0.00059483893597892467 -0.00028346741086947074 -0.00031725654704729567 0.0015661182605668754 7.5970519056528722e-05 0.0016926677720460069 -0.00039980425215807098 -0.00044730995672125464 -0.00011494532721971918 0.00055138699929016229
leaf_weight=11340 94815 11610 2970 3132 1620 15552 5325 11055 7875 4650 1560 2700 28626 4530
leaf_count=11340 94815 11610 2970 3132 1620 15552 5325 11055 7875 4650 1560 2700 28626 4530
internal_value=0.000824846 0.00345988 0.00590398 0.000448413 0.00327823 0.000266451 0.000563686 0.00179262 0.00256101 0.00181865 0.0028599 0.000258012 -0.000476636 -8.20335e-06
internal_weight=207360 25920 14580 181440 10962 170478 121770 24255 18930 7830 6210 97515 48708 33156
internal_count=207360 25920 14580 181440 10962 170478 121770 24255 18930 7830 6210 97515 48708 33156
is_linear=0
shrinkage=0.08


Tree=75
num_leaves=15
num_cat=0
split_feature=12 0 0 5 12 12 2 5 8 2 0 0 2 0
split_gain=30.6591 30.2395 23.8728 13.3408 8.28507 5.49256 7.60151 5.41194 5.14858 4.04536 4.13511 4.04831 4.04515 4.03448
threshold=0.52000000000000013 0.4578947368421053 0.87894736842105281 40.864686643558088 1.1300000000000001 0.82000000000000017 0.58333333333333337 34.384999696425773 0.50013065314354221 0.25000000000000006 0.3842105263157895 0.85789473684210538 0.41666666666666669 0.52105263157894754
decision_type=2 2 2 2 2 2 2 2 2 2 2 2 2 2
left_child=1 -1 -3 5 13 6 7 9 -8 -2 -11 -12 -6 -5
right_child=3 2 -4 4 12 -7 8 -9 -10 10 11 -13 -14 -15
leaf_value=0.00020060528002467952 4.6133184730083762e-05 0.016007212105302326 -8.0610231251501091e-05 -0.00036814825104903134 0.00074807526232049742 -8.1852518487363868e-06 -0.00019764666059831737 0.0021341810854518689 0.0020109466251717061 0.00015946064660988317 0.0025839330395850298 0.00037360594126554966 -0.00092138821597818139 0.0030350686181550876
leaf_weight=11880 10878 10800 3240 570 1368 121770 17904 5778 2580 5772 3642 2154 1764 7260
leaf_count=11880 10878 10800 3240 570 1368 121770 17904 5778 2580 5772 3642 2154 1764 7260
internal_value=0.000787423 0.00336111 0.00587464 0.000419753 0.00312498 0.000245803 0.000963784 0.00181519 -0.000209334 0.00125314 0.00229461 0.003804 -0.00035249 0.00451596
internal_weight=207360 25920 14040 181440 10962 170478 48708 28224 20484 22446 11568 5796 3132 7830
internal_count=207360 25920 14040 181440 10962 170478 48708 28224 20484 22446 11568 5796 3132 7830
is_linear=0
shrinkage=0.08


Tree=76
num_leaves=15
num_cat=0
split_feature=12 0 0 5 0 0 12 12 2 6 0 5 2 2
split_gain=29.215 29.1015 23.4947 12.0126 7.60189 21.6344 12.4832 3.83015 5.07838 3.34531 3.33832 3.30342 3.20042 5.91136
threshold=0.52000000000000013 0.46842105263157902 0.86842105263157909 43.206043710636415 0.54210526315789487 0.70000000000000007 0.82000000000000017 1.1300000000000001 0.91666666666666685 24.76946517152891 0.58421052631578962 21.653627219040334 0.41666666666666669 0.25000000000000006
decision_type=2 2 2 2 2 2 2 2 2 2 2 2 2 2
left_child=1 11 -3 4 9 6 -6 -5 -9 -2 -8 12 13 -1
right_child=3 2 -4 7 5 -7 10 8 -10 -11 -12 -13 -14 -15
leaf_value=-0.00078529785984703007 8.8768690452635212e-05 0.016628184397502199 7.0763337341847165e-05 0.0045342533215141324 0.0039118810859466663 -3.7457936481940303e-06 -1.538677647614277e-05 0.00078596467068859255 -0.0019291056175554863 -0.00010229481737167464 0.00082977865153342875 0.00042809045684106254 6.3172242186594607e-06 -0.0090898774328656302
leaf_weight=198 25242 10260 3510 2895 7122 54348 4950 1050 108 72870 12855 11529 333 90
leaf_count=198 25242 10260 3510 2895 7122 54348 4950 1050 108 72870 12855 11529 333 90
internal_value=0.000756173 0.00326852 0.00578649 0.000397267 0.000298872 0.000881489 0.00283291 0.00470368 0.000815199 -0.000171885 0.00170065 0.000414815 -0.00526892 -0.0114444
internal_weight=207360 25920 13770 181440 177387 79275 24927 4053 1158 98112 17805 12150 621 288
internal_count=207360 25920 13770 181440 177387 79275 24927 4053 1158 98112 17805 12150 621 288
is_linear=0
shrinkage=0.08


Tree=77
num_leaves=15
num_cat=0
split_feature=12 5 5 12 0 0 0 2 0 0 12 8 2 12
split_gain=28.0426 28.9895 11.2733 11.3994 7.13515 10.3819 5.7639 4.33061 3.89692 3.52062 3.44443 5.49904 5.085 3.28799
threshold=0.52000000000000013 32.708300569082581 38.456165412653498 0.82000000000000017 0.37368421052631584 0.87894736842105281 0.46842105263157902 0.41666666666666669 0.08947368421052633 0.51052631578947383 0.82000000000000017 0.54305172818653091 0.58333333333333337 1.1300000000000001
decision_type=2 2 2 2 2 2 2 2 2 2 2 2 2 2
left_child=1 4 8 9 -1 -6 -3 -5 -2 -4 11 12 -10 -9
right_child=2 6 3 7 5 -7 -8 13 10 -11 -12 -13 -14 -15
leaf_value=-6.1616772408286177e-05 -0.00014140027435876145 0.0013907361246534387 -0.00019239913960641952 0.00082949496262626436 0.0055689475701098971 -0.00021944015642037852 0.017346879123446627 0.00043442689052329689 0.00043889897253483295 0.0055709378380110865 8.1451252463039261e-06 0.0019401410432354472 -0.00015665041076690084 -0.0005819349009176057
leaf_weight=9609 17010 1239 666 5595 4281 3063 7728 5238 21216 5064 103125 4734 15300 3492
leaf_count=9609 17010 1239 666 5595 4281 3063 7728 5238 21216 5064 103125 4734 15300 3492
internal_value=0.000726852 0.00318827 0.000375221 0.00216405 0.00124249 0.00311983 0.00686696 0.000957766 0.000152927 0.00517976 0.000287862 0.000905697 0.000573119 -0.000155784
internal_weight=207360 25920 181440 20055 16953 7344 8967 14325 161385 5730 144375 41250 36516 8730
internal_count=207360 25920 181440 20055 16953 7344 8967 14325 161385 5730 144375 41250 36516 8730
is_linear=0
shrinkage=0.08


Tree=78
num_leaves=15
num_cat=0
split_feature=12 6 5 0 0 0 0 12 0 6 2 6 2 0
split_gain=26.4997 28.63 10.8069 8.18105 14.4598 6.59874 19.6606 10.2391 3.43627 3.03732 2.72204 5.61065 3.56409 3.1672
threshold=0.52000000000000013 33.80058569148936 43.472477216291004 0.46842105263157902 0.85789473684210538 0.54210526315789487 0.68947368421052646 0.82000000000000017 0.58421052631578962 24.76946517152891 0.58333333333333337 29.371806933118588 0.75000000000000011 0.83684210526315794
decision_type=2 2 2 2 2 2 2 2 2 2 2 2 2 2
left_child=1 3 5 -1 -5 9 7 -7 -9 -2 -8 -12 13 -13
right_child=2 -3 -4 4 -6 6 10 8 -10 -11 11 12 -14 -15
leaf_value=3.1792936348646225e-05 8.5207879362327082e-05 0.014749158366427323 0.0026208077822564668 0.010546283210433455 -2.1576750150759894e-05 0.0036542624110211482 9.3659208064749897e-05 -1.7710890768687966e-05 0.00086032310212023119 -0.00010005552267251561 0.00026256817022179003 -0.00030807250744429595 -0.00013157864981001155 -0.0008589568210653184
leaf_weight=11505 25242 7428 3381 3456 3531 6756 32571 5040 11850 72912 6279 3591 11151 2667
leaf_count=11505 25242 7428 3381 3456 3531 6756 32571 5040 11850 72912 6279 3591 11151 2667
internal_value=0.000690587 0.00308333 0.000348766 0.00139823 0.00355746 0.000263688 0.000803454 0.00273907 0.00168621 -0.000175724 -1.00959e-05 -0.000662614 -0.00140203 -0.00293001
internal_weight=207360 25920 181440 18492 6987 178059 79905 23646 16890 98154 56259 23688 17409 6258
internal_count=207360 25920 181440 18492 6987 178059 79905 23646 16890 98154 56259 23688 17409 6258
is_linear=0
shrinkage=0.08


Tree=79
num_leaves=15
num_cat=0
split_feature=12 0 0 5 12 12 5 0 8 0 0 8 2 2
split_gain=25.0668 27.5572 24.6189 9.40575 8.94089 4.23829 4.67143 5.07556 3.79603 5.52459 3.55687 3.48774 3.34188 7.00726
threshold=0.52000000000000013 0.46842105263157902 0.84736842105263166 40.864686643558088 0.82000000000000017 1.1300000000000001 36.44244315342565 0.47894736842105268 0.053244872690528862 0.57368421052631591 0.97368421052631593 1.3051449739882548e-24 1.0000000180025095e-35 0.25000000000000006
decision_type=2 2 2 2 2 2 2 2 2 2 2 2 2 2
left_child=1 -1 -3 5 -5 6 10 -8 -6 -10 -2 -9 -7 -14
right_child=3 2 -4 4 8 12 7 11 9 -11 -12 -13 13 -15
leaf_value=0.00011011241755892531 7.1746963587898018e-05 0.01520629996924993 6.5287558439610648e-05 0.006819427402060047 -0.00088385293303397969 -0.00028835392857466078 -0.00058487714069405572 4.1780581690195411e-07 -0.00047015788647407331 0.0010857747734929189 -0.00033311251433651201 0.0014391444566839123 0.00031601774780281894 -0.00017432443115136977
leaf_weight=12150 103140 9720 4050 3132 900 6774 1785 3075 1935 4995 4050 9720 7266 34668
leaf_count=12150 103140 9720 4050 3132 900 6774 1785 3075 1935 4995 4050 9720 7266 34668
internal_value=0.000660494 0.00298765 0.00543791 0.000328043 0.00259953 0.000181983 0.000434262 0.00177778 0.00115453 0.00178932 0.000251516 0.00233529 -0.000448714 -0.000182382
internal_weight=207360 25920 13770 181440 10962 170478 121770 14580 7830 6930 107190 12795 48708 41934
internal_count=207360 25920 13770 181440 10962 170478 121770 14580 7830 6930 107190 12795 48708 41934
is_linear=0
shrinkage=0.08


Tree=80
num_leaves=15
num_cat=0
split_feature=12 5 5 0 0 0 12 5 8 0 12 0 5 2
split_gain=23.7223 27.3516 8.86708 7.07719 9.38337 5.60077 5.44803 5.05097 5.01916 13.4532 9.95598 4.84719 4.24731 3.84159
threshold=0.52000000000000013 33.798266606553156 42.42564285169162 0.37368421052631584 0.84736842105263166 0.48947368421052634 1.1300000000000001 29.845416472790575 0.0085837501699646459 0.57368421052631591 0.82000000000000017 0.67894736842105274 29.731121905649399 0.58333333333333337
decision_type=2 2 2 2 2 2 2 2 2 2 2 2 2 2
left_child=1 3 8 -1 5 7 -4 -5 -2 12 -11 -12 -10 -14
right_child=2 -3 6 4 -6 -7 -8 -9 9 10 11 -13 13 -15
leaf_value=-7.2790270561051319e-05 -3.7437410329146625e-05 0.013013566381576247 0.0032410245055354077 0.007127153386716119 -2.8084868424322011e-05 0.0099576554176247674 -0.00019985937895800277 -0.00037923126820244702 0.00018950817317341375 0.0028927520942590894 0.00075998587305340596 -6.9424520032267578e-05 4.2079348755688467e-05 -0.00035319572245126531
leaf_weight=9678 93933 7437 4365 576 3795 3105 1746 1329 18669 7578 10965 7980 20622 15582
leaf_count=9678 93933 7437 4365 576 3795 3105 1746 1329 18669 7578 10965 7980 20622 15582
internal_value=0.000628087 0.00289198 0.000304674 0.00124352 0.00288472 0.00515768 0.00330028 0.00174278 0.000200264 0.000660082 0.00213943 0.00115915 -5.4963e-05 -0.00056038
internal_weight=207360 25920 181440 18483 8805 5010 6111 1905 175329 81396 26523 18945 54873 36204
internal_count=207360 25920 181440 18483 8805 5010 6111 1905 175329 81396 26523 18945 54873 36204
is_linear=0
shrinkage=0.08


Tree=81
num_leaves=15
num_cat=0
split_feature=12 6 0 0 5 12 5 0 8 12 2 2 4 2
split_gain=22.6671 26.075 8.22945 14.57 8.01 5.22439 7.43212 6.44416 5.41762 4.72816 3.11799 6.92384 5.19522 7.69963
threshold=0.52000000000000013 34.399440464689668 0.47894736842105268 0.83684210526315794 43.472477216291004 1.1300000000000001 36.44244315342565 0.51052631578947383 0.013012016303263147 0.82000000000000017 1.0000000180025095e-35 0.25000000000000006 1.0000000180025095e-35 0.91666666666666685
decision_type=2 2 2 2 2 2 2 2 2 2 2 2 2 2
left_child=1 2 -1 -4 5 6 -2 -8 -9 -10 -7 -12 -13 -14
right_child=4 -3 3 -5 -6 10 7 8 9 -11 11 12 13 -15
leaf_value=1.1837476198892849e-06 4.617364804770749e-05 0.013510027262620976 0.010562558372259643 4.4479997273543571e-05 0.0022208407187563933 -0.0002760725996122561 -0.00034612899979511651 -5.0955205494889249e-05 0.0040773390571488882 0.00087297455248257748 0.00031767240920077414 -0.0004481167721399746 -0.00018902868845801002 0.00054720824312309033
leaf_weight=11805 107190 6714 3426 3975 3381 7188 3270 3780 5178 7767 7488 11022 20568 4608
leaf_count=11805 107190 6714 3426 3975 3381 7188 3270 3780 5178 7767 7488 11022 20568 4608
internal_value=0.000601852 0.00281482 0.00131459 0.00340603 0.000285715 0.000212469 0.000486536 0.00190248 0.00253752 0.00331557 -0.000472697 -0.000218651 -0.000676722 -4.25799e-05
internal_weight=207360 25920 19206 7401 181440 178059 127185 19995 16725 12945 50874 43686 36198 25176
internal_count=207360 25920 19206 7401 181440 178059 127185 19995 16725 12945 50874 43686 36198 25176
is_linear=0
shrinkage=0.08


Tree=82
num_leaves=15
num_cat=0
split_feature=12 0 0 5 12 2 2 0 8 0 5 8 0 0
split_gain=20.6738 24.7137 25.2371 7.30862 9.24238 3.46593 3.54464 3.16155 2.87917 2.83934 2.69868 2.6429 2.4815 2.45627
threshold=0.52000000000000013 0.47894736842105268 0.83684210526315794 38.626911563733323 0.82000000000000017 0.41666666666666669 1.0000000180025095e-35 0.08947368421052633 0.78863922024640798 0.51052631578947383 44.146333004133396 1.3051449739882548e-24 0.99473684210526325 0.12105263157894738
decision_type=2 2 2 2 2 2 2 2 2 2 2 2 2 2
left_child=1 13 -3 7 9 6 10 -2 -7 -5 -6 -11 -4 -1
right_child=3 2 12 4 5 8 -8 -9 -10 11 -12 -13 -14 -15
leaf_value=-0.00063224322742062356 -0.00013103062871432024 0.013982248924784396 0.00022119878191295559 -0.00024311385598404261 -0.00028917503290228053 1.2724967837590223e-05 0.0010791944005809535 4.7025471088455156e-05 -0.0010650144465266654 0.00047274029339530434 0.0021980868009110767 0.0058190939746239909 -0.0024627480153866532 0.0004466595772419164
leaf_weight=3240 17010 9180 4050 612 1890 7680 3105 145089 600 654 540 4260 270 9180
leaf_count=3240 17010 9180 4050 612 1890 7680 3105 145089 600 654 540 4260 270 9180
internal_value=0.000577932 0.00269136 0.00506074 0.000276014 0.00174593 0.000639884 0.0021897 0.00010063 -0.000396135 0.00451104 -9.87651e-05 0.005151 1.85188e-05 0.000115942
internal_weight=207360 25920 13500 181440 19341 13815 5535 162099 8280 5526 2430 4914 4320 12420
internal_count=207360 25920 13500 181440 19341 13815 5535 162099 8280 5526 2430 4914 4320 12420
is_linear=0
shrinkage=0.08


Tree=83
num_leaves=15
num_cat=0
split_feature=12 5 0 0 6 12 8 0 0 8 12 6 2 2
split_gain=19.8815 23.9193 7.47488 15.0581 6.69792 7.81111 3.81071 3.78899 3.18731 9.89612 5.904 2.83174 4.76433 3.77606
threshold=0.52000000000000013 34.917547438186382 0.46842105263157902 0.81578947368421062 40.659633015095444 0.82000000000000017 0.020367727331400264 0.56315789473684219 0.54210526315789487 0.13990184097237385 0.82000000000000017 29.893552987076848 0.58333333333333337 0.75000000000000011
decision_type=2 2 2 2 2 2 2 2 2 2 2 2 2 2
left_child=1 2 -1 -4 8 -6 -7 -8 -2 11 -11 -10 -13 -14
right_child=4 -3 3 -5 5 6 7 -9 9 10 -12 12 13 -15
leaf_value=-1.141548471791234e-05 -3.1296243353853345e-05 0.013399290450547892 0.0099076264039312245 2.4634702941544228e-05 0.0052472962976933468 -0.000931015671740089 -0.0004889680370374676 0.00071043513438900224 0.00016006380549465291 0.0025717611858363876 0.00037966311106582003 7.1478971383473979e-05 -0.00066776151807295694 -0.0001772654253406087
leaf_weight=11625 96999 6111 3657 4527 3336 915 1470 5955 18396 5676 14190 19803 4809 9891
leaf_count=11625 96999 6111 3657 4527 3336 915 1470 5955 18396 5676 14190 19803 4809 9891
internal_value=0.000557099 0.00262963 0.00127982 0.00313197 0.000261023 0.00211442 0.000805756 0.00140606 0.00013355 0.000533773 0.00205618 -3.79588e-05 -0.000465351 -0.00155646
internal_weight=207360 25920 19809 8184 181440 11676 8340 7425 169764 72765 19866 52899 34503 14700
internal_count=207360 25920 19809 8184 181440 11676 8340 7425 169764 72765 19866 52899 34503 14700
is_linear=0
shrinkage=0.08


Tree=84
num_leaves=15
num_cat=0
split_feature=12 0 0 5 12 0 0 12 0 2 4 6 0 0
split_gain=18.06 23.5502 25.7444 6.31092 5.91645 3.4195 11.3643 5.30538 3.13268 3.11542 3.12633 2.65091 2.21719 2.18973
threshold=0.52000000000000013 0.48947368421052634 0.81578947368421062 41.932593331801648 1.1300000000000001 0.54210526315789487 0.67894736842105274 1.1300000000000001 0.58421052631578962 0.91666666666666685 1.0000000180025095e-35 24.368608976150043 0.99473684210526325 0.99473684210526325
decision_type=2 2 2 2 2 2 2 2 2 2 2 2 2 2
left_child=1 -1 -3 5 -5 11 7 8 -7 -6 -11 -2 -4 -8
right_child=3 2 12 4 9 6 13 -9 -10 10 -12 -13 -14 -15
leaf_value=2.4580756961017259e-05 8.9983637370960652e-05 0.014570288960231782 0.0003195935899069266 0.0022740210676631483 -1.5333954734707739e-05 0.00046881311278604483 1.5180732539528658e-05 5.933728745112393e-05 0.0014349699174780687 -0.0025272735665129976 0.0020342290317279586 -8.3615952034847934e-05 -0.0022676989503910418 -0.00044970194321097167
leaf_weight=12690 21168 8370 4590 5355 1962 4500 54705 5658 9645 138 42 76377 270 1890
leaf_count=12690 21168 8370 4590 5355 1962 4500 54705 5658 9645 138 42 76377 270 1890
internal_value=0.000524692 0.0025 0.00486168 0.000242505 0.00251514 0.000144553 0.000545355 0.00219482 0.00302298 -0.00103828 -0.0111111 -0.000169357 0.000230453 -3.18046e-05
internal_weight=207360 25920 13230 181440 7497 173943 76398 19803 14145 2142 180 97545 4860 56595
internal_count=207360 25920 13230 181440 7497 173943 76398 19803 14145 2142 180 97545 4860 56595
is_linear=0
shrinkage=0.08


Tree=85
num_leaves=15
num_cat=0
split_feature=12 0 0 5 12 5 8 2 2 5 0 6 8 2
split_gain=17.7439 22.9635 24.9398 6.2771 4.41248 7.09823 5.32418 4.51979 3.6766 3.32029 3.50713 4.97713 4.91007 3.25801
threshold=0.52000000000000013 0.48947368421052634 0.80526315789473701 43.472477216291004 0.82000000000000017 37.187606278581413 0.54629979622104552 0.58333333333333337 0.58333333333333337 27.255643518678223 0.54210526315789487 35.314069261864539 0.045077682827133862 0.75000000000000011
decision_type=2 2 2 2 2 2 2 2 2 2 2 2 2 2
left_child=1 -1 -3 4 5 6 7 -2 -7 -9 11 -11 -12 -6
right_child=3 2 -4 -5 13 8 -8 9 -10 10 12 -13 -14 -15
leaf_value=2.2614296404138047e-05 0.00024203706602884834 0.014358170724615982 0.00020336576322435731 0.0017123085241056311 -6.1343715150655301e-05 0.0030888593520282258 0.0016408772896910953 0.00013026106828190745 0.00074647181443399753 -0.00075601170433665411 -0.00050511195419849467 -0.0038242127487908752 0.0012781615175239559 0.00010794459687558808
leaf_weight=12690 23370 8100 5130 3381 91635 3528 4212 6138 3054 4314 4458 180 1620 35550
leaf_count=12690 23370 8100 5130 3381 91635 3528 4212 6138 3054 4314 4458 180 1620 35550
internal_value=0.000511189 0.00246914 0.00480121 0.000231482 0.000166642 0.000796321 0.000432042 0.000147705 0.00324765 -0.000856972 -0.00171623 -0.00341077 -0.00046331 -8.52299e-05
internal_weight=207360 25920 13230 181440 178059 50874 44292 40080 6582 16710 10572 4494 6078 127185
internal_count=207360 25920 13230 181440 178059 50874 44292 40080 6582 16710 10572 4494 6078 127185
is_linear=0
shrinkage=0.08


Tree=86
num_leaves=15
num_cat=0
split_feature=12 0 0 5 12 5 0 12 8 12 2 5 2 4
split_gain=17.0241 21.8819 23.4167 5.53142 4.11206 5.17721 5.26861 4.06881 3.93718 3.89758 3.22292 3.38578 3.18748 3.28423
threshold=0.52000000000000013 0.47894736842105268 0.81578947368421062 43.774092683067259 1.1300000000000001 36.44244315342565 0.48947368421052634 1.1300000000000001 0.013012016303263147 0.82000000000000017 0.91666666666666685 40.665243647325205 0.91666666666666685 0.13636363636363638
decision_type=2 2 2 2 2 2 2 2 2 2 2 2 2 2
left_child=1 -1 -3 4 5 -2 -7 -5 -8 10 -10 -12 13 -9
right_child=3 2 -4 7 -6 6 8 12 9 -11 11 -13 -14 -15
leaf_value=-1.1955150118387464e-05 3.7436979558666906e-05 0.011747362352832493 9.3756890996345933e-05 0.0035675157252643432 -8.9051053538146178e-05 -0.00043965598959212906 -6.9557299607000218e-05 0.00097581978227303525 0.00337407871995676 0.00060073658400388327 -0.0018278754000036538 0.0058670150875377728 -0.0020508658281267068 -0.0014570928365194036
leaf_weight=12420 107190 8640 4860 1935 51066 2295 3795 570 5112 8631 456 186 84 120
leaf_count=12420 107190 8640 4860 1935 51066 2295 3795 570 5112 8631 456 186 84 120
internal_value=0.00049267 0.00241049 0.00464 0.000218695 0.000164314 0.000407003 0.00157265 0.00380657 0.0020286 0.0026333 0.00424609 -0.00109657 -0.00109561 0.000695652
internal_weight=207360 25920 13500 181440 178731 127665 20475 2709 18180 14385 5754 642 774 690
internal_count=207360 25920 13500 181440 178731 127665 20475 2709 18180 14385 5754 642 774 690
is_linear=0
shrinkage=0.08


Tree=87
num_leaves=15
num_cat=0
split_feature=12 5 8 0 0 0 12 0 5 0 0 10 5 6
split_gain=16.4334 21.7139 6.15551 11.173 4.849 15.1423 7.28053 4.31032 3.03745 2.81494 2.6576 2.46629 3.34686 2.25744
threshold=0.52000000000000013 34.917547438186382 1.0000000180025095e-35 0.51052631578947383 0.55263157894736847 0.67894736842105274 0.82000000000000017 0.48947368421052634 30.316368775864952 0.59473684210526323 0.37368421052631584 1.0000000180025095e-35 29.952643623461316 29.960999727822102
decision_type=2 2 2 2 2 2 2 2 2 2 2 2 2 2
left_child=1 2 11 8 13 6 -6 -3 10 -8 -4 -1 -13 -2
right_child=4 7 3 -5 5 -7 9 -9 -10 -11 -12 12 -14 -15
leaf_value=-0.00029527268532588357 1.6844127275218986e-05 0.00099031898963693513 0.00068437777230720778 0.011081002029586912 0.0029905044968012153 -2.5949984101325807e-06 1.4110859158046143e-05 0.014857606989847645 -0.00072875578042632132 0.00071475254961969137 0.0048856424013274894 0.0043983082891353633 6.1669266605839775e-06 -0.00019217794411250679
leaf_weight=8910 69720 768 2400 2334 6480 58590 5400 5343 2241 10800 783 1047 2094 30450
leaf_count=8910 69720 768 2400 2334 6480 58590 5400 5343 2241 10800 783 1047 2094 30450
internal_value=0.000467593 0.00235185 0.00106578 0.00282341 0.000198413 0.000657561 0.0024127 0.0065207 0.000831859 0.00150617 0.00242036 -6.57204e-05 0.00186183 -0.000174104
internal_weight=207360 25920 19809 7758 181440 81270 22680 6111 5424 16200 3183 12051 3141 100170
internal_count=207360 25920 19809 7758 181440 81270 22680 6111 5424 16200 3183 12051 3141 100170
is_linear=0
shrinkage=0.08


Tree=88
num_leaves=15
num_cat=0
split_feature=12 5 8 0 5 12 5 8 2 12 5 4 2 2
split_gain=15.7937 21.2306 7.10522 13.7368 4.569 3.47453 6.20847 4.72368 4.76488 3.34444 3.26973 2.96143 9.78933 7.55241
threshold=0.52000000000000013 35.937867084967699 1.0000000180025095e-35 0.50000000000000011 43.774092683067259 0.82000000000000017 39.115168820953372 0.61693927549862504 0.58333333333333337 1.1300000000000001 30.316368775864952 1.0000000180025095e-35 0.91666666666666685 0.75000000000000011
decision_type=2 2 2 2 2 2 2 2 2 2 2 2 2 2
left_child=1 2 -1 10 5 6 7 8 -2 -6 -4 12 -7 -13
right_child=4 -3 3 -5 9 11 -8 -9 -10 -11 -12 13 -14 -15
leaf_value=-1.788850574718841e-05 0.00026215883911217196 0.012026345146044904 0.001175178553110547 0.010853910834631731 0.0032478895501955986 -2.6637490727206828e-05 0.0026296515404580344 0.0017415175354381373 -0.00021306649589424725 -0.00026602773970118031 -0.00080136894040325776 -5.4661102327304057e-05 -0.0006974348446275255 0.00023940681726067469
leaf_weight=12291 25122 4992 3156 3066 1935 36270 4152 3714 18078 774 2415 61365 5550 24480
leaf_count=12291 25122 4992 3156 3066 1935 36270 4152 3714 18078 774 2415 61365 5550 24480
internal_value=0.000455247 0.00230247 0.00118425 0.00294269 0.000191358 0.000141934 0.000699644 0.000437226 0.000201852 0.0034522 0.000575839 -8.11496e-05 -0.00063319 0.000187781
internal_weight=207360 25920 20928 8637 181440 178731 51066 46914 43200 2709 5571 127665 41820 85845
internal_count=207360 25920 20928 8637 181440 178731 51066 46914 43200 2709 5571 127665 41820 85845
is_linear=0
shrinkage=0.08


Tree=89
num_leaves=15
num_cat=0
split_feature=12 5 8 0 0 0 12 5 5 2 0 12 6 0
split_gain=15.1215 19.7291 6.93046 12.9369 4.2415 14.208 5.55856 2.99945 2.6205 2.48729 2.39046 2.24944 2.23078 3.8038
threshold=0.52000000000000013 35.937867084967699 1.0000000180025095e-35 0.48947368421052634 0.56315789473684219 0.67894736842105274 0.82000000000000017 30.316368775864952 30.373254012125987 0.91666666666666685 0.48947368421052634 1.1300000000000001 29.893552987076848 0.88947368421052642
decision_type=2 2 2 2 2 2 2 2 2 2 2 2 2 2
left_child=1 2 -1 7 -2 6 -6 -4 9 -8 -3 -10 -7 -14
right_child=4 10 3 -5 5 12 8 -9 11 -11 -12 -13 13 -15
leaf_value=-1.6457425287408946e-05 -3.2261359438825426e-05 0.00076503964436243582 0.0010753499278091784 0.0091712284100433847 0.0029691681676787584 0.00015442699368915886 0.00041380371091023885 -0.00078743808085066991 0.00080276921027888973 -0.0029964895580609063 0.01462165483373804 0.00017173074813559288 -4.0293548585214033e-06 -0.00040747578777688027
leaf_weight=12291 102060 534 3129 3231 5940 18438 210 2277 8685 165 4458 5790 34062 6090
leaf_count=12291 102060 534 3129 3231 5940 18438 210 2277 8685 165 4458 5790 34062 6090
internal_value=0.000439429 0.00224691 0.00116896 0.00290564 0.000181217 0.000619804 0.00241655 0.000512024 0.00158923 -0.00501333 0.00676603 0.00176028 -1.77502e-05 -0.000352261
internal_weight=207360 25920 20928 8637 181440 79380 20790 5406 14850 375 4992 14475 58590 40152
internal_count=207360 25920 20928 8637 181440 79380 20790 5406 14850 375 4992 14475 58590 40152
is_linear=0
shrinkage=0.08


Tree=90
num_leaves=15
num_cat=0
split_feature=12 5 8 0 5 2 2 4 2 6 12 6 2 8
split_gain=14.0627 19.2538 7.34234 13.2789 4.06847 3.16662 5.21547 7.04043 7.23813 5.12884 5.09541 6.48265 4.21494 4.14383
threshold=0.52000000000000013 36.44244315342565 1.0000000180025095e-35 0.50000000000000011 43.774092683067259 0.58333333333333337 0.75000000000000011 1.0000000180025095e-35 0.91666666666666685 32.447376458571476 0.82000000000000017 38.312289293337756 0.25000000000000006 0.65961865372230788
decision_type=2 2 2 2 2 2 2 2 2 2 2 2 2 2
left_child=1 2 -1 -4 5 10 9 8 -8 13 11 12 -2 -7
right_child=4 -3 3 -5 -6 6 7 -9 -10 -11 -12 -13 -14 -15
leaf_value=-2.6236943566064618e-05 -1.9283560003944765e-05 0.011565916173855318 0.0002470259856955612 0.0094758063124857628 0.0017311185457334396 -0.00012107803685487638 0.0001078194870533679 0.00015400140801415406 -0.00070045760744034524 -0.00060347357859259071 1.0765681567187623e-05 0.0032336089970187989 0.00058017335163555869 0.0011633363956477908
leaf_weight=12381 13350 4482 5658 3399 2709 14364 7812 34272 7770 10332 73770 2778 13380 903
leaf_count=12381 13350 4482 5658 3399 2709 14364 7812 34272 7770 10332 73770 2778 13380 903
internal_value=0.000417439 0.00216049 0.00116354 0.00289456 0.000168431 0.000121792 -0.000272169 0.000204437 -0.00120549 -0.00120036 0.000409613 0.00129809 0.000915825 -0.000268815
internal_weight=207360 25920 21438 9057 181440 178731 75453 49854 15582 25599 103278 29508 26730 15267
internal_count=207360 25920 21438 9057 181440 178731 75453 49854 15582 25599 103278 29508 26730 15267
is_linear=0
shrinkage=0.08


Tree=91
num_leaves=15
num_cat=0
split_feature=12 5 8 0 0 0 12 5 0 6 0 6 8 2
split_gain=12.6733 17.1177 7.85581 14.8823 3.91308 12.399 4.59129 3.20787 2.60212 2.34718 2.14524 2.65984 2.88494 4.19507
threshold=0.52000000000000013 37.292136596540487 1.0000000180025095e-35 0.50000000000000011 0.56315789473684219 0.67894736842105274 0.82000000000000017 29.888415179087833 0.37368421052631584 40.659633015095444 0.04736842105263158 29.73350195717769 0.74467369926468796 0.25000000000000006
decision_type=2 2 2 2 2 2 2 2 2 2 2 2 2 2
left_child=1 2 -1 7 10 6 9 8 -4 -6 -2 -12 -13 -14
right_child=4 -3 3 -5 5 -7 -8 -9 -10 -11 11 12 13 -15
leaf_value=-4.0192078970580215e-05 -0.00015677810428569802 0.013016446978145052 0.00042982319291637463 0.0092204604687291022 0.0017733114194855878 -3.5573295068106994e-06 0.00044973330179611491 -0.00071306028535041328 0.0057950993903690077 0.0072505650929319647 5.4002308085696991e-05 -0.00025057761438410087 -0.00051892800962611868 0.00049352956275244885
leaf_weight=12534 9450 3672 2280 3912 4338 58590 14850 2904 618 1602 58989 26691 1848 5082
leaf_count=12534 9450 3672 2280 3912 4338 58590 14850 2904 618 1602 58989 26691 1848 5082
internal_value=0.00039159 0.0020463 0.00121108 0.00291867 0.000155203 0.000576468 0.00225493 0.000347467 0.0022305 0.00413468 -0.000172447 -5.52853e-05 -0.000623182 0.000831169
internal_weight=207360 25920 22248 9714 181440 79380 20790 5802 2898 5940 102060 92610 33621 6930
internal_count=207360 25920 22248 9714 181440 79380 20790 5802 2898 5940 102060 92610 33621 6930
is_linear=0
shrinkage=0.08


Tree=92
num_leaves=15
num_cat=0
split_feature=12 0 0 12 6 0 0 0 2 4 12 6 12 2
split_gain=12.1991 16.181 23.0385 3.71143 6.69684 3.96483 3.67757 3.2973 2.86146 4.37665 4.59864 3.12677 2.74692 2.6983
threshold=0.52000000000000013 0.48947368421052634 0.7947368421052633 1.1300000000000001 37.758933838417896 0.52105263157894754 0.7210526315789475 0.98421052631578954 0.91666666666666685 0.13636363636363638 0.82000000000000017 27.594840881350606 0.82000000000000017 1.0000000180025095e-35
decision_type=2 2 2 2 2 2 2 2 2 2 2 2 2 2
left_child=1 -1 -3 4 7 -6 12 8 -2 -10 -11 -12 -7 -5
right_child=3 2 -4 13 5 6 -8 -9 9 10 11 -13 -14 -15
leaf_value=-1.1776888214515195e-05 7.3489617009873004e-05 0.0097989017279717008 -1.744043779158604e-05 -0.00024433351024699711 -0.00034142880239226896 0.0038070197477067737 7.848382524117577e-05 -0.0003862871688280406 -0.00048516511022043594 -0.0011008298860628032 0.0011187281360962758 0.00041000278352259557 0.0010326374233376439 -3.6942759634901456e-05
leaf_weight=12690 95235 7830 5400 7488 2235 4200 4065 2700 9465 2160 855 2385 6300 44352
leaf_count=12690 95235 7830 5400 7488 2235 4200 4065 2700 9465 2160 855 2385 6300 44352
internal_value=0.00037963 0.00200309 0.0039607 0.000147708 0.000376543 0.00186667 0.00234809 0.00015461 0.000222344 -0.000809956 0.00100741 0.00291358 0.00313905 -0.000424382
internal_weight=207360 25920 13230 181440 129600 16800 14565 112800 110100 14865 5400 3240 10500 51840
internal_count=207360 25920 13230 181440 129600 16800 14565 112800 110100 14865 5400 3240 10500 51840
is_linear=0
shrinkage=0.08


Tree=93
num_leaves=15
num_cat=0
split_feature=12 5 8 0 0 0 12 5 0 6 2 2 8 0
split_gain=11.1501 15.8299 7.20499 13.7773 3.47213 11.4906 3.76897 3.07335 2.05196 2.23132 3.13632 2.5276 2.60159 2.1277
threshold=0.52000000000000013 37.292136596540487 1.0000000180025095e-35 0.51052631578947383 0.57368421052631591 0.67894736842105274 1.1300000000000001 30.316368775864952 0.05789473684210527 29.73350195717769 0.58333333333333337 1.0000000180025095e-35 0.19440512580250352 0.21578947368421056
decision_type=2 2 2 2 2 2 2 2 2 2 2 2 2 2
left_child=1 2 -1 7 8 6 -6 -4 -2 13 11 12 -11 -10
right_child=4 -3 3 -5 5 -7 -8 -9 9 10 -12 -13 -14 -15
leaf_value=-5.5840905420951471e-05 -0.00014179734355170763 0.011466063834145643 0.00091638784131331291 0.0084428338235883211 0.0012205143550538479 -1.9918904433369892e-06 0.00014499935615245333 -0.00068355374895687573 -3.90964879927552e-05 -0.001204852372744658 -0.00031871280922729896 0.00017974904538142704 -0.00019478517483765875 0.00015787768372177587
leaf_weight=12534 11340 3672 3183 3729 13500 58590 5400 2802 28350 231 15330 14742 5208 28749
leaf_count=12534 11340 3672 3183 3729 13500 58590 5400 2802 28350 231 15330 14742 5208 28749
internal_value=0.000361497 0.00191358 0.00111039 0.00274573 0.000139771 0.000545103 0.00226032 0.000367586 -0.000162385 -3.80086e-05 -0.000535946 0.00011932 -0.00135466 0.000271669
internal_weight=207360 25920 22248 9714 181440 77490 18900 5985 103950 92610 35511 20181 5439 57099
internal_count=207360 25920 22248 9714 181440 77490 18900 5985 103950 92610 35511 20181 5439 57099
is_linear=0
shrinkage=0.08


Tree=94
num_leaves=15
num_cat=0
split_feature=12 0 0 12 5 2 4 12 0 0 0 12 5 0
split_gain=10.0584 14.1681 20.7645 3.09051 5.62328 3.05192 3.88965 4.79308 3.08771 3.95956 5.25743 2.64105 2.48697 3.75849
threshold=0.52000000000000013 0.50000000000000011 0.7947368421052633 1.1300000000000001 42.42564285169162 0.91666666666666685 0.13636363636363638 0.82000000000000017 0.97368421052631593 0.54210526315789487 0.70000000000000007 0.82000000000000017 29.441038581934638 0.81578947368421062
decision_type=2 2 2 2 2 2 2 2 2 2 2 2 2 2
left_child=1 -1 -3 4 5 8 -7 -8 9 -2 -11 -6 -12 -14
right_child=3 2 -4 -5 11 6 7 -9 -10 10 12 -13 13 -15
leaf_value=-2.4139521397623295e-05 7.7838218509373057e-06 0.0088983907440309436 -1.5483295083881332e-05 -7.7369349538994005e-05 0.0050973518198895919 -0.00040377082545266533 -0.0010578776283608423 0.00074679178550192751 -0.00027802944112122354 0.00085253482679733996 0.00039295931780077199 0.00076168345589702486 0.00029582951067888606 -0.00021448361787668944
leaf_weight=12960 60585 7560 5400 51840 1746 11175 2304 3456 3510 14340 7500 2619 12090 10275
leaf_count=12960 60585 7560 5400 51840 1746 11175 2304 3456 3510 14340 7500 2619 12090 10275
internal_value=0.000340664 0.00181482 0.00368519 0.000130071 0.000338889 0.000240508 -0.000758193 0.000930556 0.000396676 0.000474855 0.00105056 0.00316151 0.000446007 2.32509e-05
internal_weight=207360 25920 12960 181440 129600 125235 16935 5760 108300 104790 44205 4365 29865 22365
internal_count=207360 25920 12960 181440 129600 125235 16935 5760 108300 104790 44205 4365 29865 22365
is_linear=0
shrinkage=0.08


Tree=95
num_leaves=15
num_cat=0
split_feature=12 5 8 0 6 12 5 8 2 4 2 4 2 6
split_gain=9.33488 14.1765 6.09635 12.8948 2.7117 2.70893 7.03295 4.0947 2.92206 2.79337 6.10323 4.80185 9.41974 2.65486
threshold=0.52000000000000013 37.551528120246189 1.0000000180025095e-35 0.52105263157894754 30.375736718112943 0.82000000000000017 39.115168820953372 0.53089694851053215 0.91666666666666685 0.13636363636363638 0.25000000000000006 1.0000000180025095e-35 0.41666666666666669 25.35252240326545
decision_type=2 2 2 2 2 2 2 2 2 2 2 2 2 2
left_child=1 2 -1 4 -4 6 7 8 9 11 -11 -2 -13 -14
right_child=5 -3 3 -5 -6 -7 -8 -9 -10 10 -12 12 13 -15
leaf_value=-5.8692749681517223e-05 0.00022960236382254411 0.01094861131217636 0.00080460425676472428 0.0078397381794057096 -0.00071729972597785619 -1.3508896727503747e-05 0.0025105899720679215 0.0011434882701085091 -0.00091849695409171447 -0.00032521697881850549 0.00058477376603212328 0.00030646408378323344 -0.00025509222468438986 -0.0013349017764502018
leaf_weight=12579 11190 3471 3492 3669 2709 129600 4926 5136 6036 3738 8136 6402 1572 4704
leaf_count=12579 11190 3471 3492 3669 2709 129600 4926 5136 6036 3738 8136 6402 1572 4704
internal_value=0.000323689 0.00174383 0.00100815 0.00249645 0.000272214 0.000120812 0.000609568 0.000307627 4.55745e-05 0.00032052 0.00132323 -0.000178314 -0.00124436 -0.00344678
internal_weight=207360 25920 22449 9870 6201 181440 51840 46914 41778 35742 11874 23868 12678 6276
internal_count=207360 25920 22449 9870 6201 181440 51840 46914 41778 35742 11874 23868 12678 6276
is_linear=0
shrinkage=0.08


Tree=96
num_leaves=15
num_cat=0
split_feature=12 5 0 0 0 0 12 6 0 6 0 5 5 4
split_gain=8.30972 13.9262 6.5659 13.3694 2.70894 8.75778 4.69526 2.22828 2.94784 3.49966 2.6719 2.2209 2.15549 2.1164
threshold=0.52000000000000013 39.285585940039155 0.52105263157894754 0.78421052631578958 0.57368421052631591 0.68947368421052646 0.82000000000000017 29.371806933118588 0.88947368421052642 34.508375987058365 0.97368421052631593 40.665243647325205 30.55537240546867 1.0000000180025095e-35
decision_type=2 2 2 2 2 2 2 2 2 2 2 2 2 2
left_child=1 2 -1 -4 -2 6 11 10 -9 -10 -7 -6 13 -8
right_child=4 -3 3 -5 5 7 12 8 9 -11 -12 -13 -14 -15
leaf_value=-5.4840517826626512e-05 -3.0130034491197941e-05 0.015597765085833935 0.0069189692070792778 -2.2720467171117942e-05 0.001498189306348763 0.00032702233717135795 -0.0025928676950691472 -8.2647979205822929e-06 -0.00023280488634781841 -0.0015133455173571514 -0.00014931942958613175 0.0057884805678406689 0.00039406389529662373 9.999919383090497e-05
leaf_weight=13227 103950 2364 4725 5604 4308 10479 225 33537 7329 315 5040 1632 14310 315
leaf_count=13227 103950 2364 4725 5604 4308 10479 225 33537 7329 315 5040 1632 14310 315
internal_value=0.000298997 0.00163889 0.00105145 0.00256288 0.000107584 0.000465609 0.00187013 -4.93824e-05 -0.000357252 -0.00177499 0.000767576 0.00377104 0.00110976 -0.00385185
internal_weight=207360 25920 23556 10329 181440 77490 20790 56700 41181 7644 15519 5940 14850 540
internal_count=207360 25920 23556 10329 181440 77490 20790 56700 41181 7644 15519 5940 14850 540
is_linear=0
shrinkage=0.08


Tree=97
num_leaves=15
num_cat=0
split_feature=12 5 0 0 0 12 5 0 0 0 8 8 6 8
split_gain=7.60285 13.309 6.15004 11.834 2.63601 2.75265 5.31335 3.48281 3.20816 5.66481 5.29167 3.58071 3.5644 2.83386
threshold=0.52000000000000013 39.839695575557776 0.51052631578947383 0.78421052631578958 0.1315789473684211 0.82000000000000017 41.468794929014358 0.88947368421052642 0.51052631578947383 0.30000000000000004 0.53089694851053215 0.011383581836860007 30.437741056226386 6.9449861658198163e-25
decision_type=2 2 2 2 2 2 2 2 2 2 2 2 2 2
left_child=1 2 -1 -4 -2 6 7 8 9 11 -11 -6 -10 -14
right_child=4 -3 3 -5 5 -7 -8 -9 12 10 -12 -13 13 -15
leaf_value=-5.2203498994423758e-05 -8.812239938713119e-05 0.016297450804392152 0.0061174571917859827 -2.0902829199517738e-05 0.00022165877740310479 2.9947102669666383e-06 0.0030427072285469352 -0.00030747585374439141 0.0023725094150525172 -0.00055204711464538125 0.00082307107578919586 0.0018296188021109669 -4.8998834783102968e-05 0.0010532396128833102
leaf_weight=13080 24570 2067 5139 5634 6798 112050 2538 5940 1908 7386 3336 1842 5262 9810
leaf_count=13080 24570 2067 5139 5634 6798 112050 2538 5940 1908 7386 3336 1842 5262 9810
internal_value=0.000289352 0.00157099 0.00103735 0.0024528 0.000106261 0.00022694 0.000756805 0.000543399 0.000836938 0.000133044 -0.00109532 0.00165741 0.00163958 0.00122718
internal_weight=207360 25920 23853 10773 181440 156870 44820 42282 36342 19362 10722 8640 16980 15072
internal_count=207360 25920 23853 10773 181440 156870 44820 42282 36342 19362 10722 8640 16980 15072
is_linear=0
shrinkage=0.08


Tree=98
num_leaves=15
num_cat=0
split_feature=12 6 8 0 2 5 2 4 2 6 12 5 12 5
split_gain=6.70205 13.0282 5.51796 11.5317 2.41514 5.55801 5.33025 5.55394 6.83433 5.0999 4.59922 4.28175 3.8399 3.62544
threshold=0.52000000000000013 39.839695575557776 0.014731364822073923 0.52105263157894754 0.58333333333333337 37.879210655104529 0.75000000000000011 1.0000000180025095e-35 0.91666666666666685 31.645305019443899 1.1300000000000001 38.456165412653498 0.82000000000000017 41.233528220406733
decision_type=2 2 2 2 2 2 2 2 2 2 2 2 2 2
left_child=1 2 -1 -4 5 -2 9 8 11 -6 -10 -8 -7 -12
right_child=4 -3 3 -5 6 12 7 -9 10 -11 13 -13 -14 -15
leaf_value=-4.3219820878482322e-05 2.7879485484362762e-05 0.0150018191663297 0.00010851023570934645 0.0074297261841201083 -3.6095753566357974e-05 0.0023893567922009494 -2.0043553513121874e-05 0.00014375744968514313 -0.00030358215298826935 -0.00055927757296855439 -0.00094930639766520775 0.001824170057684606 0.00033033507440498094 -0.0025985239243301408
leaf_weight=13443 92505 2067 6357 4053 14469 3522 6804 34272 5760 11739 2142 1260 8805 162
leaf_count=13443 92505 2067 6357 4053 14469 3522 6804 34272 5760 11739 2142 1260 8805 162
internal_value=0.000278164 0.00148148 0.000953507 0.00233622 0.000106261 0.00035577 -0.000235171 0.000246032 -0.000978174 -0.00116056 -0.002625 0.000668651 0.00195149 -0.00564583
internal_weight=207360 25920 23853 10410 181440 104832 76608 50400 16128 26208 8064 8064 12327 2304
internal_count=207360 25920 23853 10410 181440 104832 76608 50400 16128 26208 8064 8064 12327 2304
is_linear=0
shrinkage=0.08


Tree=99
num_leaves=15
num_cat=0
split_feature=12 6 8 0 12 6 0 0 6 0 6 2 4 6
split_gain=6.53974 12.6662 5.1002 10.7437 2.49111 4.31812 3.503 3.51726 2.30986 2.58326 3.21844 3.56728 3.86258 2.67967
threshold=0.52000000000000013 39.839695575557776 0.014731364822073923 0.53157894736842115 1.1300000000000001 37.758933838417896 0.53157894736842115 0.7210526315789475 36.659214414879138 0.268421052631579 22.756461102594038 0.91666666666666685 0.13636363636363638 27.71336669025079
decision_type=2 2 2 2 2 2 2 2 2 2 2 2 2 2
left_child=1 2 -1 -4 5 -2 -7 -8 9 10 11 -6 -13 -12
right_child=4 -3 3 -5 8 6 7 -9 -10 -11 13 12 -14 -15
leaf_value=-3.9762235208208226e-05 1.9632576763616319e-05 0.013801673633023323 0.00016706044117548356 0.0073871935813209933 0.00032072031334271162 -0.00032664521030741501 0.0016004476845772667 8.4777664608215758e-07 -0.00030820888049360666 6.4572302493885075e-05 -0.00037797432778907008 0.00021252828077374366 -0.0016881214956109523 0.00051710027671778534
leaf_weight=13443 112800 2067 6573 3837 2316 2655 10080 4065 8544 29256 9786 222 132 1584
leaf_count=13443 112800 2067 6573 3837 2316 2655 10080 4065 8544 29256 9786 222 132 1584
internal_value=0.00026196 0.00145062 0.00093003 0.00225937 9.2152e-05 0.00027963 0.00147619 0.00197667 -0.000376543 -0.00013932 -0.00103134 0.00146817 -0.0060113 -0.00161829
internal_weight=207360 25920 23853 10410 181440 129600 16800 14145 51840 43296 14040 2670 354 11370
internal_count=207360 25920 23853 10410 181440 129600 16800 14145 51840 43296 14040 2670 354 11370
is_linear=0
shrinkage=0.08


Tree=100
num_leaves=15
num_cat=0
split_feature=12 6 0 8 5 2 5 2 4 2 4 12 12 8
split_gain=5.79792 12.0207 4.4406 9.16858 2.68669 2.22123 4.87555 4.63978 5.23985 6.46881 4.48771 5.79063 4.22936 3.97275
threshold=0.52000000000000013 39.839695575557776 0.52105263157894754 0.014731364822073923 34.124046368516623 0.58333333333333337 37.879210655104529 0.75000000000000011 1.0000000180025095e-35 0.91666666666666685 0.13636363636363638 0.82000000000000017 1.1300000000000001 0.69806226104729874
decision_type=2 2 2 2 2 2 2 2 2 2 2 2 2 2
left_child=1 2 -1 -4 -5 6 -2 10 9 -9 13 -12 -11 -7
right_child=5 -3 3 4 -6 7 -8 8 -10 12 11 -13 -14 -15
leaf_value=-5.1540513959135699e-05 2.5520351166888465e-05 0.012697539742381459 0.00012429791630909034 0.0029667869342622226 0.0093579622194442519 -0.00012357190820523899 0.00067442124024356899 0.00011723600233084915 0.0001345031550076621 -0.00029234057138546578 0.00030208126497177878 -0.00082075126461325079 -0.001001167776728874 0.00092806074979327497
leaf_weight=13350 92505 2067 6450 1686 2367 14721 12327 8064 34272 5760 2880 7200 2304 1407
leaf_count=13350 92505 2067 6450 1686 2367 14721 12327 8064 34272 5760 2880 7200 2304 1407
internal_value=0.000254244 0.00137346 0.000866306 0.00209692 0.00507871 9.43566e-05 0.000333639 -0.000233082 0.000215873 -0.000973214 -0.00109646 -0.00242063 -0.0025754 -0.000268849
internal_weight=207360 25920 23853 10503 4053 181440 104832 76608 50400 16128 26208 10080 8064 16128
internal_count=207360 25920 23853 10503 4053 181440 104832 76608 50400 16128 26208 10080 8064 16128
is_linear=0
shrinkage=0.08


Tree=101
num_leaves=15
num_cat=0
split_feature=12 5 8 0 5 5 0 12 5 2 2 4 5 8
split_gain=5.28993 11.6581 3.77428 8.41623 2.5878 2.50391 2.39109 2.15367 5.17927 3.13585 3.52146 4.85664 3.99812 3.12918
threshold=0.52000000000000013 39.115168820953372 0.014731364822073923 0.53157894736842115 34.297862133855567 30.316368775864952 0.05789473684210527 0.82000000000000017 41.932593331801648 0.58333333333333337 0.25000000000000006 0.13636363636363638 37.080025162268676 0.53089694851053215
decision_type=2 2 2 2 2 2 2 2 2 2 2 2 2 2
left_child=1 2 -1 5 -5 -4 -2 8 9 10 12 13 -8 -12
right_child=6 -3 3 4 -6 -7 7 -9 -10 -11 11 -13 -14 -15
leaf_value=-4.6252280757938569e-05 -0.00012600988898341163 0.010314616643279369 0.00078755088869570224 0.0032160446268357287 0.0091124367931180745 -0.00060620338073049469 -0.00010209171988010199 -5.1896313724198024e-06 0.0029662023308731429 -0.00010132896846386988 0.00011212526951178552 0.0012278517848865514 0.001938970049868293 0.0018910119129910083
leaf_weight=13398 11340 2463 2976 1659 2001 3423 11982 121500 2142 19584 8046 4308 1440 1098
leaf_count=13398 11340 2463 2976 1659 2001 3423 11982 121500 2142 19584 8046 4308 1440 1098
internal_value=0.000233411 0.00130247 0.000752697 0.00192385 0.00498361 0.000173777 8.06881e-05 0.000155673 0.000605762 0.00042843 0.000989507 0.00190425 7.27167e-05 0.000860893
internal_weight=207360 25920 23457 10059 3660 6399 181440 170100 48600 46458 26874 13452 13422 9144
internal_count=207360 25920 23457 10059 3660 6399 181440 170100 48600 46458 26874 13452 13422 9144
is_linear=0
shrinkage=0.08


Tree=102
num_leaves=15
num_cat=0
split_feature=5 12 12 0 5 0 0 0 12 0 0 8 0 2
split_gain=4.9496 11.1068 3.53263 3.04652 3.0693 3.12725 2.97345 6.40794 6.17502 2.34813 2.70172 2.2282 1.91523 2.05868
threshold=38.626911563733323 0.82000000000000017 0.52000000000000013 0.15263157894736842 29.731121905649399 0.97368421052631593 0.80526315789473701 0.57368421052631591 0.82000000000000017 0.53157894736842115 0.73157894736842122 0.10313603027134301 0.22631578947368422 0.41666666666666669
decision_type=2 2 2 2 2 2 2 2 2 2 2 2 2 2
left_child=3 2 -2 -1 5 12 7 -6 11 -4 -11 -9 -5 -14
right_child=1 -3 9 4 6 -7 -8 8 -10 10 -12 -13 13 -15
leaf_value=-9.4490936916224262e-05 0.0085374954084279676 -4.8700898508515184e-06 -0.00037336988932930082 1.5167871707517751e-05 -0.00013045719215782795 -0.00020054975529995188 -0.00018664495196147593 0.00054242333875498619 2.8289811894295449e-05 0.0030040378813795065 -0.00026193570292366684 0.002281201553186099 0.00010450600484166286 0.00033560272446483172
leaf_weight=32400 2763 13815 912 15120 36216 6216 19224 5499 19800 3648 966 6381 20208 24192
leaf_count=32400 2763 13815 912 15120 36216 6216 19224 5499 19800 3648 966 6381 20208 24192
internal_value=0.000219908 0.00135143 0.00366655 8.4899e-05 0.00023426 0.000646952 -7.71347e-05 0.000171557 0.00100253 0.00249873 0.0032319 0.00244444 0.000825269 0.00109009
internal_weight=207360 22104 8289 185256 152856 65736 87120 67896 31680 5526 4614 11880 59520 44400
internal_count=207360 22104 8289 185256 152856 65736 87120 67896 31680 5526 4614 11880 59520 44400
is_linear=0
shrinkage=0.08


Tree=103
num_leaves=15
num_cat=0
split_feature=5 12 0 12 0 5 0 2 2 8 4 12 4 2
split_gain=4.62267 10.1496 4.02842 3.77938 2.49849 2.49844 2.77773 2.55739 2.81022 3.89503 3.23627 2.75952 4.36177 3.08842
threshold=38.456165412653498 0.82000000000000017 0.50000000000000011 0.52000000000000013 0.15263157894736842 29.731121905649399 0.97368421052631593 0.58333333333333337 0.75000000000000011 0.72878987561195241 0.13636363636363638 0.52000000000000013 1.0000000180025095e-35 0.91666666666666685
decision_type=2 2 2 2 2 2 2 2 2 2 2 2 2 2
left_child=4 2 -2 -4 -1 6 -6 -7 9 -9 11 12 13 -10
right_child=1 -3 3 -5 5 7 -8 8 10 -11 -12 -13 -14 -15
leaf_value=-8.6931661962927153e-05 -0.00063718819435367878 -2.7590644196867525e-06 0.0095836447561135057 0.0015403594993062093 0.00016404376274669903 8.0711168604453133e-05 -0.00018450577487595763 -0.00047149639540793107 0.0010130695547825651 0.00064583144425789927 0.00024320876371118505 -0.00030494276784609822 0.0034919326957658175 -0.0036714017711014404
leaf_weight=32400 783 14325 2604 5208 59520 49920 6216 10032 510 1128 9960 13356 1071 327
leaf_count=32400 783 14325 2604 5208 59520 49920 6216 10032 510 1128 9960 13356 1071 327
internal_value=0.000212963 0.00128447 0.00345782 0.00400614 7.98094e-05 0.000215733 0.000587319 -6.72967e-05 -0.000577396 -0.00163441 -0.000109736 -0.000841719 0.00200419 -0.00232258
internal_weight=207360 22920 8595 7812 184440 152040 65736 86304 36384 11160 25224 15264 1908 837
internal_count=207360 22920 8595 7812 184440 152040 65736 86304 36384 11160 25224 15264 1908 837
is_linear=0
shrinkage=0.08


Tree=104
num_leaves=15
num_cat=0
split_feature=12 5 0 0 5 12 5 5 0 2 4 2 4 2
split_gain=4.42026 10.5107 3.32842 6.70658 3.21908 2.00222 3.76616 2.56128 2.58049 2.55078 5.75141 4.22504 3.86637 7.25609
threshold=0.52000000000000013 39.839695575557776 0.51052631578947383 0.73157894736842122 34.21433751398915 1.1300000000000001 42.995005878057619 21.424641366989174 0.92105263157894746 1.0000000180025095e-35 0.13636363636363638 0.25000000000000006 1.0000000180025095e-35 0.91666666666666685
decision_type=2 2 2 2 2 2 2 2 2 2 2 2 2 2
left_child=1 2 -1 4 -4 6 -2 -7 9 10 -9 -11 -13 -14
right_child=5 -3 3 -5 -6 7 -8 8 -10 11 -12 12 13 -15
leaf_value=-5.3271334910891126e-05 3.1107498318826408e-05 0.010183476626958683 0.0023761317882714825 0.00012148693632762029 0.0079296715251972807 0.00030062265193827123 0.0017224659873368354 -6.5447804993980585e-05 0.00025239254157169043 0.00022926283580215059 -0.0011679383394195705 -0.00036721984359024715 -0.00023862679877579459 0.00049390810861100207
leaf_weight=13080 126210 2067 1713 6747 2313 1032 3390 4692 4320 6576 2106 10476 18558 4080
leaf_count=13080 126210 2067 1713 6747 2313 1032 3390 4692 4320 6576 2106 10476 18558 4080
internal_value=0.000195602 0.00117284 0.000698613 0.00173991 0.00432389 5.59968e-05 0.000224074 -0.000364197 -0.000444339 -0.000618138 -0.00205001 -0.00037289 -0.000740714 -0.000152663
internal_weight=207360 25920 23853 10773 4026 181440 129600 51840 50808 46488 6798 39690 33114 22638
internal_count=207360 25920 23853 10773 4026 181440 129600 51840 50808 46488 6798 39690 33114 22638
is_linear=0
shrinkage=0.08


Tree=105
num_leaves=15
num_cat=0
split_feature=0 0 12 5 12 5 2 6 0 6 0 0 8 2
split_gain=4.20846 9.59805 12.11 4.18673 3.39253 2.17445 2.62987 2.12756 3.14332 2.11744 3.11353 2.06882 2.02887 1.96933
threshold=0.54210526315789487 0.70000000000000007 0.82000000000000017 40.665243647325205 0.52000000000000013 30.55537240546867 0.91666666666666685 29.893552987076848 0.97368421052631593 29.960999727822102 0.21578947368421056 0.9526315789473685 0.13990184097237385 0.25000000000000006
decision_type=2 2 2 2 2 2 2 2 2 2 2 2 2 2
left_child=9 2 3 4 -2 6 -4 8 -3 10 -1 -9 -11 -6
right_child=1 7 5 -5 13 -7 -8 11 -10 12 -12 -13 -14 -15
leaf_value=-5.8262312407053927e-05 0.0070288024020012212 0.00030275427271251378 4.5973589362142512e-05 0.0058783891196798523 -0.0001976470121848531 0.0001931554542441983 -0.0022408650618917932 -5.1964118555144332e-05 -0.00015454927454193736 -0.0007795840576927328 0.00013947132078005533 -0.0006387217746349988 -0.00013743843227329386 0.0012918195619717422
leaf_weight=45264 2973 14976 495 3231 1692 19440 315 40464 6048 1032 34392 1152 31632 4254
leaf_count=45264 2973 14976 495 3231 1692 19440 315 40464 6048 1032 34392 1152 31632 4254
internal_value=0.000194059 0.000585859 0.0017037 0.00370041 0.00280659 0.000505679 -0.00355556 7.66313e-06 0.000663623 -0.000137464 8.49656e-05 -0.000323721 -0.000679892 0.00170333
internal_weight=207360 95040 32400 12150 8919 20250 810 62640 21024 112320 79656 41616 32664 5946
internal_count=207360 95040 32400 12150 8919 20250 810 62640 21024 112320 79656 41616 32664 5946
is_linear=0
shrinkage=0.08


Tree=106
num_leaves=15
num_cat=0
split_feature=5 12 2 2 2 4 12 2 2 0 4 0 0 0
split_gain=3.69928 8.38785 2.7854 2.88889 5.02273 3.72024 3.46832 2.77882 4.82284 2.30938 2.25698 2.19373 1.91155 1.98353
threshold=38.780387115444604 0.52000000000000013 0.58333333333333337 0.75000000000000011 0.91666666666666685 1.0000000180025095e-35 1.1300000000000001 1.0000000180025095e-35 0.25000000000000006 0.78421052631578958 1.0000000180025095e-35 0.50000000000000011 0.99473684210526325 0.08947368421052633
decision_type=2 2 2 2 2 2 2 2 2 2 2 2 2 2
left_child=12 9 7 -4 -5 6 -6 -3 -9 11 -10 -2 13 -1
right_child=1 2 3 4 5 -7 -8 8 10 -11 -12 -13 -14 -15
leaf_value=-0.00010251678432616572 -0.001118639004255355 -6.9944342497983581e-05 -0.00062051499758792152 0.0016452749349258999 -0.00024189908665279755 0.0011314772258796391 -0.0018455669072185987 0.0014970696070752479 -0.00047212101012439724 -0.003667960467325163 0.0010268746158695295 0.0096993799519181408 -0.0003915393959403346 4.3969995952096441e-05
leaf_weight=19440 222 3339 4725 1617 1080 651 432 1995 1995 108 2793 2331 2160 164472
leaf_count=19440 222 3339 4725 1617 1080 651 432 1995 1995 108 2793 2331 2160 164472
internal_value=0.000184028 0.00118301 0.00058281 -0.000484421 0.00116402 -0.00135737 -0.00353439 0.00147955 0.00240955 0.00538444 0.00103258 0.00586917 6.97367e-05 9.75252e-05
internal_weight=207360 21288 18627 8505 3780 2163 1512 10122 6783 2661 4788 2553 186072 183912
internal_count=207360 21288 18627 8505 3780 2163 1512 10122 6783 2661 4788 2553 186072 183912
is_linear=0
shrinkage=0.08


Tree=107
num_leaves=15
num_cat=0
split_feature=12 5 0 0 5 2 4 4 2 2 5 4 2 6
split_gain=3.70492 9.49251 3.00698 5.47771 3.76766 2.16072 5.19574 6.8883 6.48948 4.07275 5.18462 3.95331 3.33681 5.66738
threshold=0.52000000000000013 40.473799786730019 0.50000000000000011 0.77368421052631586 34.21433751398915 0.41666666666666669 0.13636363636363638 1.0000000180025095e-35 0.58333333333333337 0.25000000000000006 22.079114993111361 0.13636363636363638 0.75000000000000011 23.629320764772999
decision_type=2 2 2 2 2 2 2 2 2 2 2 2 2 2
left_child=1 2 5 4 -4 9 7 8 -7 11 -11 -1 -8 -14
right_child=-2 -3 3 -5 -6 6 12 -9 -10 10 -12 -13 13 -15
leaf_value=-0.0012995554883554422 9.1792969935004033e-06 0.010477372516193136 0.0011142163908021505 -1.3932463575949029e-05 0.0057498590105367299 0.00368527313070258 -0.001497049279283213 0.0014642602750177343 -0.0016313843563621369 -0.0083063118339547805 -0.0013077656396418579 0.0024216551634123678 -0.0020784749927718477 0.00092695598535088132
leaf_weight=2583 181440 1764 2223 5907 3120 576 1296 2445 1698 117 1752 1143 138 1158
leaf_count=2583 181440 1764 2223 5907 3120 576 1296 2445 1698 117 1752 1143 138 1158
internal_value=0.000170139 0.00106482 0.000651101 0.00160711 0.00346322 -0.000182241 0.000723294 0.00230388 -0.000865435 -0.0013655 -0.00441305 0.000163178 -0.00215432 0.00071605
internal_weight=207360 25920 24156 11250 5343 12906 7311 4719 2274 5595 1869 3726 2592 1296
internal_count=207360 25920 24156 11250 5343 12906 7311 4719 2274 5595 1869 3726 2592 1296
is_linear=0
shrinkage=0.08


Tree=108
num_leaves=15
num_cat=0
split_feature=12 5 8 0 5 5 0 8 8 4 2 12 5 6
split_gain=3.86314 8.55864 3.00496 6.53871 2.89292 1.91379 1.92269 1.82438 2.96507 1.89495 2.79352 1.68018 3.1399 2.81308
threshold=0.52000000000000013 41.043891785353843 1.1252651467425375e-24 0.54210526315789487 34.21433751398915 30.316368775864952 0.37368421052631584 0.59378983390036766 0.89740197898730634 1.0000000180025095e-35 0.91666666666666685 1.1300000000000001 42.995005878057619 36.659214414879138
decision_type=2 2 2 2 2 2 2 2 2 2 2 2 2 2
left_child=1 2 -1 5 -5 6 -4 9 -9 10 -7 12 -2 -13
right_child=11 -3 3 4 -6 7 -8 8 -10 -11 -12 13 -14 -15
leaf_value=-4.135163397838119e-05 2.6015565317720249e-05 0.012111424625976365 0.00016886449185921816 0.00220162941849482 0.0065505463975586136 -0.00045728446767191413 0.0034903665325394895 -0.0022627228782393905 0.0037442475925623581 0.0012145395142001158 -0.0045399840268002837 -1.6030895101342243e-05 0.0015102970996696485 -0.00030537164920825484
leaf_weight=13110 126210 1467 2400 1653 2571 648 822 1146 222 1788 93 43296 3390 8544
leaf_count=13110 126210 1467 2400 1653 2571 648 822 1146 222 1788 93 43296 3390 8544
internal_value=0.000169753 0.00108333 0.000727273 0.00168068 0.00417424 0.000201152 0.0016437 -0.000991532 -0.00334503 0.000281534 -0.00312011 3.92419e-05 0.00019321 -0.000345679
internal_weight=207360 25920 24453 11343 4224 7119 3222 3897 1368 2529 741 181440 129600 51840
internal_count=207360 25920 24453 11343 4224 7119 3222 3897 1368 2529 741 181440 129600 51840
is_linear=0
shrinkage=0.08


Tree=109
num_leaves=15
num_cat=0
split_feature=12 5 8 0 5 6 8 8 2 6 0 5 2 2
split_gain=3.58135 8.05295 2.66713 6.28969 2.81417 1.8141 1.65448 2.75155 1.56878 3.25439 3.38465 3.00754 2.89422 4.1241
threshold=0.52000000000000013 41.043891785353843 1.1252651467425375e-24 0.54210526315789487 34.21433751398915 30.375736718112943 0.59378983390036766 0.89740197898730634 0.58333333333333337 29.30930361233575 0.22631578947368422 37.879210655104529 1.0000000180025095e-35 0.25000000000000006
decision_type=2 2 2 2 2 2 2 2 2 2 2 2 2 2
left_child=1 2 -1 5 -5 -4 -7 -8 11 10 -10 -2 -13 -14
right_child=8 -3 3 4 -6 6 7 -9 9 -11 -12 12 13 -15
leaf_value=-3.8043503260114227e-05 1.6128732725171206e-05 0.011142510655898257 0.00058477091304585623 0.0020254990650152376 0.0060265026857539263 8.4433037123657768e-05 -0.0020378784588321623 0.0034037385473331973 -7.5307905021101845e-05 -0.00016391750216225695 0.00020702503031437363 -8.4111199231466429e-05 0.0013189345829958605 0.00052693313333943828
leaf_weight=13110 92505 1467 3522 1653 2571 2274 1101 222 17262 43281 16065 3675 2415 6237
leaf_count=13110 92505 1467 3522 1653 2571 2274 1101 222 17262 43281 16065 3675 2415 6237
internal_value=0.000163581 0.00104321 0.000697829 0.00159605 0.00404167 0.000144964 -0.00111871 -0.0033681 3.79192e-05 -0.00023726 0.000356948 0.000239011 0.00141283 0.00221174
internal_weight=207360 25920 24453 11343 4224 7119 3597 1323 181440 76608 33327 104832 12327 8652
internal_count=207360 25920 24453 11343 4224 7119 3597 1323 181440 76608 33327 104832 12327 8652
is_linear=0
shrinkage=0.08


Tree=110
num_leaves=15
num_cat=0
split_feature=12 6 0 0 5 6 8 2 2 4 4 2 2 4
split_gain=3.2801 7.5953 2.69199 5.63709 2.78674 1.81383 2.29866 2.26243 1.78066 4.09008 5.50526 5.68121 3.30702 3.49582
threshold=0.52000000000000013 41.0409125434674 0.51052631578947383 0.73157894736842122 34.21433751398915 31.2531918143757 0.5852764600689998 0.41666666666666669 0.41666666666666669 0.13636363636363638 1.0000000180025095e-35 0.58333333333333337 0.25000000000000006 0.13636363636363638
decision_type=2 2 2 2 2 2 2 2 2 2 2 2 2 2
left_child=1 2 8 4 5 -4 -7 -8 12 10 11 -10 13 -1
right_child=-2 -3 3 -5 -6 6 7 -9 9 -11 -12 -13 -14 -15
leaf_value=-0.0011905818679278602 7.3634978957625571e-06 0.010190973451769754 0.0035327763286228816 4.0143461138625676e-05 0.0055063083600051963 0.0021111189912823587 -0.006647814448167145 -0.00036616249029870057 0.0033257515513323661 -0.0006992283404598131 0.0013213246549251224 -0.0013550558031741077 -0.0016825442225682429 0.0022153491131934491
leaf_weight=2640 181440 1470 561 6834 2706 930 105 117 588 2646 2496 1746 1911 1170
leaf_count=2640 181440 1470 561 6834 2706 930 105 117 588 2646 2496 1746 1911 1170
internal_value=0.000158179 0.001 0.000664213 0.00157327 0.00379995 0.00127496 -0.000541666 -0.00785586 -0.000110934 0.00070198 0.00208696 -0.000706084 -0.00117322 0.000188977
internal_weight=207360 25920 24450 11253 4419 1713 1152 222 13197 7476 4830 2334 5721 3810
internal_count=207360 25920 24450 11253 4419 1713 1152 222 13197 7476 4830 2334 5721 3810
is_linear=0
shrinkage=0.08


Tree=111
num_leaves=15
num_cat=0
split_feature=0 0 12 12 5 6 6 0 12 5 4 2 2 6
split_gain=3.16291 10.1687 8.67743 2.87864 2.49347 2.24588 2.02487 2.83263 5.12784 1.68512 2.02053 1.68286 2.38744 1.81132
threshold=0.56315789473684219 0.70000000000000007 0.52000000000000013 0.82000000000000017 34.49990858548248 40.659633015095444 29.893552987076848 0.88947368421052642 0.82000000000000017 30.55537240546867 1.0000000180025095e-35 0.25000000000000006 0.58333333333333337 37.445757109701468
decision_type=2 2 2 2 2 2 2 2 2 2 2 2 2 2
left_child=-1 2 4 5 -2 11 7 8 -3 10 -5 13 -13 -4
right_child=1 6 3 9 -6 -7 -8 -9 -10 -11 -12 12 -14 -15
leaf_value=-2.5140189463572005e-05 0.0043140915920520393 0.0036971648991038935 -0.00055989814451060658 -0.0021849408497335888 0.0093455867587013096 0.0034651366756949381 -8.5964615852597454e-05 2.173251135037676e-05 7.6091756900286737e-05 0.00025114570049534357 7.5972727863685458e-05 0.002084790674196319 0.00062408893462892066 0.0034306788330119996
leaf_weight=116640 1056 1584 1254 270 2454 1896 41616 16800 2640 16890 390 1560 2106 204
leaf_count=116640 1056 1584 1254 270 2454 1896 41616 16800 2640 16890 390 1560 2106 204
internal_value=0.000152778 0.000507055 0.00177208 0.00124054 0.00549288 0.00260969 -6.00252e-05 0.000579909 0.00243182 0.000692878 -0.00327273 0.00173927 0.00265357 -0.00055967
internal_weight=207360 90720 28080 24570 3510 7020 62640 21024 4224 17550 660 5124 3666 1458
internal_count=207360 90720 28080 24570 3510 7020 62640 21024 4224 17550 660 5124 3666 1458
is_linear=0
shrinkage=0.08


Tree=112
num_leaves=15
num_cat=0
split_feature=12 6 2 2 4 2 5 4 2 5 4 6 4 5
split_gain=3.07011 7.1119 2.38836 9.91914 5.42081 4.51744 9.22715 3.20931 5.19135 2.84668 3.85027 2.98571 2.62573 3.1805
threshold=0.52000000000000013 41.0409125434674 0.41666666666666669 0.25000000000000006 0.13636363636363638 0.91666666666666685 23.977660242902314 1.0000000180025095e-35 0.58333333333333337 24.308296661500126 0.13636363636363638 30.949946394795322 0.13636363636363638 21.208651359839127
decision_type=2 2 2 2 2 2 2 2 2 2 2 2 2 2
left_child=1 2 3 12 7 -6 -7 8 -4 10 -5 -11 13 -1
right_child=-2 -3 4 9 5 6 -8 -9 -10 11 -12 -13 -14 -15
leaf_value=-0.0059444948794698475 6.2241004378858076e-06 0.0088325342115935564 0.0029433601807704345 -0.0027409737811276151 -0.00089240770505378479 -0.0022203859366525616 0.0029629224781206388 0.0014527387205747022 -0.00035116496709599367 -0.00031236306866480422 -0.006077379182693834 -0.0031568539415423843 0.0023908634752898921 0.00060318520447505484
leaf_weight=78 181440 1470 1092 330 3864 87 1065 4659 3096 1869 180 1155 2178 4797
leaf_count=78 181440 1470 1092 330 3864 87 1065 4659 3096 1869 180 1155 2178 4797
internal_value=0.000148534 0.000962963 0.000638037 -0.000266742 0.00132901 -0.00077193 0.003625 0.00252018 0.000913085 -0.00372609 -0.0092549 -0.00279365 0.00146661 0.000434872
internal_weight=207360 25920 24450 10587 13863 5016 1152 8847 4188 3534 510 3024 7053 4875
internal_count=207360 25920 24450 10587 13863 5016 1152 8847 4188 3534 510 3024 7053 4875
is_linear=0
shrinkage=0.08


Tree=113
num_leaves=15
num_cat=0
split_feature=12 5 0 2 4 2 2 4 5 2 6 5 5 0
split_gain=2.96343 6.71209 2.65687 2.1461 3.41381 3.01558 6.40055 8.1545 2.94716 2.65186 4.87164 3.86393 2.97694 2.94796
threshold=0.52000000000000013 41.043891785353843 0.50000000000000011 0.75000000000000011 1.0000000180025095e-35 0.25000000000000006 0.41666666666666669 0.13636363636363638 22.258133786770877 0.58333333333333337 25.214902094515736 37.737656716370857 24.45091616650538 0.22631578947368422
decision_type=2 2 2 2 2 2 2 2 2 2 2 2 2 2
left_child=1 3 -3 5 -5 -1 8 -8 -7 10 -9 12 -11 -14
right_child=-2 2 -4 4 -6 6 7 9 -10 11 -12 -13 13 -15
leaf_value=0.0012254714847011229 5.7261724028554592e-06 -0.0024787310392006142 0.0090058604618566077 -0.00056441597475902596 0.0011400294355967372 -0.0071850059478445983 0.0010032495892130032 -0.0033378508208352286 -0.0014157273830818957 0.0003384511343350738 0.00069574930643192309 0.0016516268933107149 -0.0015216062869381612 -0.0026282586097525545
leaf_weight=7053 181440 33 1434 2121 4863 126 4458 84 3408 183 1026 225 174 732
leaf_count=7053 181440 33 1434 2121 4863 126 4458 84 3408 183 1026 225 174 732
internal_value=0.00014429 0.000944445 0.00620041 0.000629126 0.00181443 0.000155247 -0.000709677 0.000711421 -0.00347708 -0.0030231 -0.000144144 -0.0054551 -0.007427 -0.00930684
internal_weight=207360 25920 1467 24453 6984 17469 10416 6882 3534 2424 1110 1314 1089 906
internal_count=207360 25920 1467 24453 6984 17469 10416 6882 3534 2424 1110 1314 1089 906
is_linear=0
shrinkage=0.08


Tree=114
num_leaves=15
num_cat=0
split_feature=0 0 12 0 5 8 0 6 0 12 8 5 6 6
split_gain=2.78151 9.29191 5.93128 2.33168 1.90901 2.00634 1.80019 2.25941 2.68323 2.32283 4.30848 4.57086 2.26502 1.84596
threshold=0.56315789473684219 0.66842105263157903 0.52000000000000013 0.59473684210526323 34.49990858548248 0.33791410027610896 0.99473684210526325 29.371806933118588 0.88947368421052642 0.82000000000000017 0.041936769013110449 29.952643623461316 33.80058569148936 35.492186295681556
decision_type=2 2 2 2 2 2 2 2 2 2 2 2 2 2
left_child=-1 2 4 -4 5 -2 7 -3 9 10 11 -9 -10 -11
right_child=1 6 3 -5 -6 -7 -8 8 12 13 -12 -13 -14 -15
leaf_value=-2.4976912942943109e-05 0.0057162407588478258 0.00020769334650379192 7.0931984315742079e-06 0.0006744924288257856 0.0088746541070729677 -0.0010644894016253242 -0.00037165460734448738 0.0027095764467725192 -0.00018355893783774475 3.5855251916680727e-05 0.0016773180666792857 -0.00014865879172822063 -0.001081689778785684 -0.00022369255255917238
leaf_weight=116640 342 15720 5670 13230 1890 468 2160 981 8016 15105 4671 10341 576 11550
leaf_count=116640 342 15720 5670 13230 1890 468 2160 981 8016 15105 4671 10341 576 11550
internal_value=0.00013426 0.000466491 0.00191482 0.00141376 0.00542222 0.00217284 1.38892e-05 8.72165e-05 -0.000170179 8.96645e-05 0.000851873 8.47937e-06 -0.00145996 -0.000367661
internal_weight=207360 90720 21600 18900 2700 810 69120 66960 51240 42648 15993 11322 8592 26655
internal_count=207360 90720 21600 18900 2700 810 69120 66960 51240 42648 15993 11322 8592 26655
is_linear=0
shrinkage=0.08


Tree=115
num_leaves=15
num_cat=0
split_feature=5 12 2 2 0 0 12 6 5 8 4 2 2 6
split_gain=2.56159 6.33386 3.65552 2.73496 1.55432 5.40154 5.60911 1.6686 1.57151 1.49562 1.76209 1.68694 1.56238 1.44232
threshold=42.711553493862681 0.82000000000000017 0.91666666666666685 0.75000000000000011 0.56315789473684219 0.70000000000000007 0.52000000000000013 34.508375987058365 40.864686643558088 0.33791410027610896 1.0000000180025095e-35 1.0000000180025095e-35 0.41666666666666669 35.314069261864539
decision_type=2 2 2 2 2 2 2 2 2 2 2 2 2 2
left_child=4 -2 3 -3 8 6 7 9 -1 -6 -11 -12 -13 -7
right_child=1 2 -4 -5 5 13 -8 -9 -10 10 11 12 -14 -15
leaf_value=-1.4614041771463857e-05 0.004473783605636941 -4.1216420250786481e-05 -0.0011905483750665584 0.0020864628441863652 0.004227841600846851 3.964923440870043e-05 0.00028882969096971677 0.0067824010362524225 -0.00048687170602146785 0.0061343846159425605 0.010388722037683897 -0.0033999744935098541 -0.0012504727815243579 -0.00017605556405591552
leaf_weight=114048 2322 3270 315 285 594 47544 20538 1875 1824 102 63 99 201 14280
leaf_count=114048 2322 3270 315 285 594 47544 20538 1875 1824 102 63 99 201 14280
internal_value=0.000131173 0.00173385 -0.000248062 0.000483826 8.18423e-05 0.000341024 0.00137423 0.00464622 -0.000108948 0.00210765 -0.00129032 -0.00390083 -0.0064 -5.12419e-05
internal_weight=207360 6192 3870 3555 201168 85296 23472 2934 115872 1059 465 363 300 61824
internal_count=207360 6192 3870 3555 201168 85296 23472 2934 115872 1059 465 363 300 61824
is_linear=0
shrinkage=0.08


Tree=116
num_leaves=15
num_cat=0
split_feature=5 12 12 5 0 8 0 0 0 5 0 2 2 2
split_gain=2.58166 3.17519 1.8673 3.33611 3.26987 2.87895 2.03447 2.21818 3.35717 3.15811 3.49781 1.56917 1.43966 1.38739
threshold=43.774092683067259 0.82000000000000017 0.52000000000000013 40.264917547027174 0.51052631578947383 6.9449861658198163e-25 0.96315789473684221 0.54210526315789487 0.7210526315789475 29.952643623461316 0.88947368421052642 0.91666666666666685 0.75000000000000011 0.25000000000000006
decision_type=2 2 2 2 2 2 2 2 2 2 2 2 2 2
left_child=2 -2 3 6 -5 -6 7 -1 -9 10 -10 12 -3 -11
right_child=1 11 -4 4 5 -7 -8 8 9 13 -12 -13 -14 -15
leaf_value=1.0796844969359848e-05 0.006454974428546402 0.00011962971107880211 -2.4804847784110624e-07 -0.0022389227730582216 -0.0037982385561132793 0.006931344088958972 -0.00099052805658531506 0.0038321945624168823 0.00837551460280315 0.00093002465073686717 0.00026471742926880283 -0.00095516270149355775 0.0024284994150797754 -0.00079746436919197312
leaf_weight=13755 1161 1545 178731 117 87 1272 1080 3291 660 1224 1245 210 180 2802
leaf_count=13755 1161 1545 178731 117 87 1272 1080 3291 660 1224 1245 210 180 2802
internal_value=0.000125772 0.0024186 9.10198e-05 0.000730976 0.00442276 0.00552759 0.000504469 0.000663969 0.00162394 0.000486933 0.0031706 0.000434109 0.00122899 -0.000782911
internal_weight=207360 3096 204264 25533 1476 1359 24057 22977 9222 5931 1905 1935 1725 4026
internal_count=207360 3096 204264 25533 1476 1359 24057 22977 9222 5931 1905 1935 1725 4026
is_linear=0
shrinkage=0.08


Tree=117
num_leaves=15
num_cat=0
split_feature=12 5 0 0 5 8 6 0 8 2 12 0 0 0
split_gain=2.3856 6.11883 3.79034 6.03989 4.91699 6.71302 2.97861 2.2606 2.15331 2.11369 2 1.8778 1.97701 4.20154
threshold=0.82000000000000017 42.42564285169162 0.91052631578947374 0.51052631578947383 29.952643623461316 0.041936769013110449 34.714965441160068 0.88947368421052642 0.50609877990451535 0.25000000000000006 0.52000000000000013 0.05789473684210527 0.30000000000000004 0.3842105263157895
decision_type=2 2 2 2 2 2 2 2 2 2 2 2 2 2
left_child=1 2 3 6 7 -6 11 -5 9 10 -8 -1 -13 -14
right_child=-2 -3 -4 4 5 -7 8 -9 -10 -11 -12 12 13 -15
leaf_value=-0.00028418250919002739 -1.5623936853338535e-05 0.0034509341698117529 -0.00039886575611668997 0.0031537629243410924 -0.00011171058494445111 0.0012862447033002372 -0.0047090499092269991 0.00032459836470205935 -0.00029182803510783363 -0.0022233876286730297 0.0012046157966249351 0.00023062675702569552 -0.00052059262652353461 0.00039770522317947424
leaf_weight=4860 129600 2619 7290 2142 11088 14175 147 783 1620 783 294 18630 6444 6885
leaf_count=4860 129600 2619 7290 2142 11088 14175 147 783 1620 783 294 18630 6444 6885
internal_value=0.000121914 0.000472223 0.000339735 0.000525976 0.00142131 0.00106179 -0.000110329 0.0045265 -0.00260478 -0.00513725 -0.000707483 8.23491e-05 0.000305141 -0.000438742
internal_weight=207360 77760 75141 67851 28188 25263 39663 2925 2844 1224 441 36819 31959 13329
internal_count=207360 77760 75141 67851 28188 25263 39663 2925 2844 1224 441 36819 31959 13329
is_linear=0
shrinkage=0.08


Tree=118
num_leaves=15
num_cat=0
split_feature=12 6 8 2 2 4 2 5 4 6 8 6 0 0
split_gain=2.29709 5.57389 2.65833 1.93879 7.41755 4.79361 4.19368 8.05001 2.77769 2.71109 2.59402 2.54947 2.43271 3.07829
threshold=0.52000000000000013 41.0409125434674 6.9449861658198163e-25 0.41666666666666669 0.25000000000000006 0.13636363636363638 0.91666666666666685 24.395389629199261 0.13636363636363638 22.070745201665634 0.75700653409482233 37.088190357269696 0.47894736842105268 0.7947368421052633
decision_type=2 2 2 2 2 2 2 2 2 2 2 2 2 2
left_child=1 3 -3 4 8 -5 -7 -8 12 -6 -10 -11 -1 -14
right_child=-2 2 -4 5 9 6 7 -9 10 11 -12 -13 13 -15
leaf_value=-0.0012937778851359067 2.9524045451153872e-06 -0.0035362441380098991 0.0078128861837819565 0.00086592207159106368 -0.0067328746277587823 -0.0007973673313522989 -0.0020969373016667364 0.0025019295312724054 0.002199676057540307 -0.00099580739704563013 -0.011705125223294414 -0.0049990875106442805 0.0029682877432031735 -0.00042339936238371508
leaf_weight=2484 181440 75 1395 8847 117 3864 90 1062 2145 3228 33 189 1311 1080
leaf_count=2484 181440 75 1395 8847 117 3864 90 1062 2145 3228 33 189 1311 1080
internal_value=0.000116513 0.000820988 0.00560544 0.000533334 -0.000281855 0.00115588 -0.000819776 0.00341667 0.00121707 -0.00327334 0.00359229 -0.00286333 0.000155898 0.00197742
internal_weight=207360 25920 1470 24450 10587 13863 5016 1152 7053 3534 2178 3417 4875 2391
internal_count=207360 25920 1470 24450 10587 13863 5016 1152 7053 3534 2178 3417 4875 2391
is_linear=0
shrinkage=0.08


Tree=119
num_leaves=15
num_cat=0
split_feature=12 6 0 0 0 5 0 6 5 8 2 2 12 6
split_gain=2.36553 4.98336 1.75279 2.92131 4.2742 3.56681 2.83514 1.95614 1.49141 1.4113 1.35734 1.57238 1.32584 2.68795
threshold=0.52000000000000013 42.194491642899727 0.9526315789473685 0.53157894736842115 0.7210526315789475 29.952643623461316 0.88947368421052642 34.22611098578232 31.442910285231964 0.47727493093781997 0.41666666666666669 1.0000000180025095e-35 1.1300000000000001 36.659214414879138
decision_type=2 2 2 2 2 2 2 2 2 2 2 2 2 2
left_child=1 2 3 -1 7 6 -6 8 -5 -10 11 -11 -2 -14
right_child=12 -3 -4 4 5 -7 -8 -9 9 10 -12 -13 13 -15
leaf_value=3.5778777910253281e-06 2.9321650181926991e-05 0.0083515773910005295 -0.00077287106928951548 0.0030904380195258922 0.0075179433029016352 -0.00038521395221305491 0.00044888292874834565 0.0045600629340687166 0.0023220882587074022 0.0085918389978462979 7.8134531944437752e-05 -0.005415241788718027 -1.3747053870811545e-05 -0.00028750007223015436
leaf_weight=13740 129600 975 1350 504 660 4155 1014 2580 687 21 138 96 43296 8544
leaf_count=13740 129600 975 1350 504 660 4155 1014 2580 687 21 138 96 43296 8544
internal_value=0.000115355 0.000830247 0.000610944 0.00077135 0.00182243 0.000437811 0.00355556 0.00382712 0.00147165 -0.000407643 -0.0054902 -0.0118291 1.32278e-05 -0.000328703
internal_weight=207360 25920 24945 23595 9855 5829 1674 4026 1446 942 255 117 181440 51840
internal_count=207360 25920 24945 23595 9855 5829 1674 4026 1446 942 255 117 181440 51840
is_linear=0
shrinkage=0.08


end of trees

feature_importances:
Column_0=660
Column_12=442
Column_5=186
Column_2=136
Column_6=104
Column_8=99
Column_4=48
Column_10=5

parameters:
[boosting: gbdt]
[objective: quantile]
[metric: quantile]
[tree_learner: serial]
[device_type: cpu]
[data_sample_strategy: bagging]
[data: ]
[valid: ]
[num_iterations: 120]
[learning_rate: 0.08]
[num_leaves: 15]
[num_threads: 0]
[seed: 42]
[deterministic: 0]
[force_col_wise: 0]
[force_row_wise: 0]
[histogram_pool_size: -1]
[max_depth: -1]
[min_data_in_leaf: 20]
[min_sum_hessian_in_leaf: 0.001]
[bagging_fraction: 1]
[pos_bagging_fraction: 1]
[neg_bagging_fraction: 1]
[bagging_freq: 0]
[bagging_seed: 400]
[bagging_by_query: 0]
[feature_fraction: 1]
[feature_fraction_bynode: 1]
[feature_fraction_seed: 30056]
[extra_trees: 0]
[extra_seed: 12879]
[early_stopping_round: 0]
[early_stopping_min_delta: 0]
[first_metric_only: 0]
[max_delta_step: 0]
[lambda_l1: 0]
[lambda_l2: 0]
[linear_lambda: 0]
[min_gain_to_split: 0]
[drop_rate: 0.1]
[max_drop: 50]
[skip_drop: 0.5]
[xgboost_dart_mode: 0]
[uniform_drop: 0]
[drop_seed: 17869]
[top_rate: 0.2]
[other_rate: 0.1]
[min_data_per_group: 100]
[max_cat_threshold: 32]
[cat_l2: 10]
[cat_smooth: 10]
[max_cat_to_onehot: 4]
[top_k: 20]
[monotone_constraints: ]
[monotone_constraints_method: basic]
[monotone_penalty: 0]
[feature_contri: ]
[forcedsplits_filename: ]
[refit_decay_rate: 0.9]
[cegb_tradeoff: 1]
[cegb_penalty_split: 0]
[cegb_penalty_feature_lazy: ]
[cegb_penalty_feature_coupled: ]
[path_smooth: 0]
[interaction_constraints: ]
[verbosity: -1]
[saved_feature_importance_type: 0]
[use_quantized_grad: 0]
[num_grad_quant_bins: 4]
[quant_train_renew_leaf: 0]
[stochastic_rounding: 1]
[linear_tree: 0]
[max_bin: 255]
[max_bin_by_feature: ]
[min_data_in_bin: 3]
[bin_construct_sample_cnt: 200000]
[data_random_seed: 175]
[is_enable_sparse: 1]
[enable_bundle: 1]
[use_missing: 1]
[zero_as_missing: 0]
[feature_pre_filter: 1]
[pre_partition: 0]
[two_round: 0]
[header: 0]
[label_column: ]
[weight_column: ]
[group_column: ]
[ignore_column: ]
[categorical_feature: ]
[forcedbins_filename: ]
[precise_float_parser: 0]
[parser_config_file: ]
[objective_seed: 16083]
[num_class: 1]
[is_unbalance: 0]
[scale_pos_weight: 1]
[sigmoid: 1]
[boost_from_average: 1]
[reg_sqrt: 0]
[alpha: 0.1]
[fair_c: 1]
[poisson_max_delta_step: 0.7]
[tweedie_variance_power: 1.5]
[lambdarank_truncation_level: 30]
[lambdarank_norm: 1]
[label_gain: ]
[lambdarank_position_bias_regularization: 0]
[eval_at: ]
[multi_error_top_k: 1]
[auc_mu_weights: ]
[num_machines: 1]
[local_listen_port: 12400]
[time_out: 120]
[machine_list_filename: ]
[machines: ]
[gpu_platform_id: -1]
[gpu_device_id: -1]
[gpu_device_id_list: ]
[gpu_use_dp: 0]
[num_gpu: 1]

end of parameters

pandas_categorical:null
