tree
version=v4
num_class=1
num_tree_per_iteration=1
label_index=0
max_feature_idx=12
objective=quantile
feature_names=Column_0 Column_1 Column_2 Column_3 Column_4 Column_5 Column_6 Column_7 Column_8 Column_9 Column_10 Column_11 Column_12
feature_infos=[0:1] [0:23.75] [0:1] [0:1] [0:0.18181818181818182] [19.303046432110836:46.514387027483046] [19.303046432110836:46.514387027483046] [27.418761854969791:84.014308517749271] [0:1] [0:0.75130242253100099] [0:1] [0:1] [0.40000000000000002:1.26]
tree_sizes=1486 1559 1553 1557 1553 1556 1560 1560 1564 1555 1565 1564 1562 1567 1558 1571 1568 1575 1569 1579 1569 1567 1579 1580 1566 1579 1572 1580 1562 1579 1568 1581 1578 1579 1581 1591 1576 1582 1573 1571 1590 1593 1579 1578 1576 1575 1578 1580 1574 1571 1584 1574 1595 1582 1575 1581 1585 1574 1596 1580 1582 1589 1589 1593 1584 1600 1604 1597 1591 1592 1584 1589 1593 1579 1576 1573 1569 1580 1593 1593 1585 1580 1559 1588 1560 1587 1592 1592 1552 1579 1585 1554 1582 1567 1583 1578 1571 1563 1566 1554 1579 1583 1584 1554 1568 1573 1580 1568 1552 1557 1540 1570 1566 1556 1592 1551 1565 1558 1552 1559

Tree=0
num_leaves=15
num_cat=0
split_feature=6 12 12 12 0 5 0 12 0 12 0 0 0 6
split_gain=14771.2 7700.86 5246.58 2279.13 3426.45 1677.41 986.085 1074.27 948.51 1101.96 325.437 251.667 181.243 169.314
threshold=30.133454156720713 0.52000000000000013 1.1300000000000001 0.82000000000000017 0.30000000000000004 35.937867084967699 0.41578947368421054 0.82000000000000017 0.88947368421052642 0.82000000000000017 0.48947368421052634 0.77368421052631586 0.36315789473684218 28.910200617966371
decision_type=2 2 2 2 2 2 2 2 2 2 2 2 2 2
left_child=1 -1 6 4 -3 -4 7 -2 -8 -10 -7 -12 -6 -5
right_child=2 3 5 13 12 10 8 -9 9 -11 11 -13 -14 -15
leaf_value=0.58523276805877689 0.58966877460479739 0.55923722386360164 0.56157482504844669 0.54548934698104856 0.56923956632614137 0.563401665687561 0.59361179113388063 0.56093057394027712 0.58580243587493896 0.55938004016876219 0.57283447504043583 0.5658412647247314 0.58043454170227049 0.55626296520233154
leaf_weight=12981 3393 15600 15894 54150 2622 1068 66114 3393 2367 2367 7782 1134 7740 10755
leaf_count=12981 3393 15600 15894 54150 2622 1068 66114 3393 2367 2367 7782 1134 7740 10755
internal_value=0.567779 0.546462 0.589165 0.538228 0.55826 0.55797 0.599564 0.570431 0.602354 0.567762 0.583668 0.588667 0.59392 0.530214
internal_weight=207360 103848 103512 90867 25962 25878 77634 6786 70848 4734 9984 8916 10362 64905
internal_count=207360 103848 103512 90867 25962 25878 77634 6786 70848 4734 9984 8916 10362 64905
is_linear=0
shrinkage=1


Tree=1
num_leaves=15
num_cat=0
split_feature=6 12 12 12 0 6 12 6 0 0 5 0 10 0
split_gain=13747.1 7169.19 4826.15 2025.45 2878.07 1544.06 1205.62 1770.72 733.678 1260.98 305.171 219.153 200.238 198.271
threshold=29.893552987076848 0.52000000000000013 1.1300000000000001 0.82000000000000017 0.28947368421052638 35.947628745267238 0.82000000000000017 33.80058569148936 0.43684210526315798 0.84736842105263166 39.839695575557776 0.44736842105263164 1.0000000180025095e-35 0.37368421052631584
decision_type=2 2 2 2 2 2 2 2 2 2 2 2 2 2
left_child=1 -1 6 4 -3 -4 -2 8 -8 -10 -7 -9 -5 -6
right_child=2 3 5 12 13 10 7 11 9 -11 -12 -13 -14 -15
leaf_value=0.015389613819122312 0.046564439582824704 -0.0081024644374847379 -0.0059919983863830593 -0.020269325256347656 0.0011825911521911613 0.00056525602340697925 -0.0064077515602111836 0.00033446674346923724 0.0045725683212280276 -0.0056257092475891128 0.0068427838325500461 0.012129863548278807 -0.0057661676883697501 0.011056450939178468
leaf_weight=12570 40050 15054 16728 58440 3270 5838 3987 1233 9855 3924 4134 21051 4410 6816
leaf_count=12570 40050 15054 16728 58440 3270 5838 3987 1233 9855 3924 4134 21051 4410 6816
internal_value=-0.000575617 -0.0218035 0.019412 -0.029877 -0.0106858 -0.0100434 0.0292305 0.0194157 0.000576382 0.00932143 0.0148736 0.0344355 -0.0375535 0.0223835
internal_weight=207360 100560 106800 87990 25140 26700 80100 40050 17766 13779 9972 22284 62850 10086
internal_count=207360 100560 106800 87990 25140 26700 80100 40050 17766 13779 9972 22284 62850 10086
is_linear=0
shrinkage=0.08


Tree=2
num_leaves=15
num_cat=0
split_feature=0 12 12 0 12 0 6 12 0 6 0 0 0 8
split_gain=13505.3 6302.84 5862.17 5089.86 2445.83 1518.24 1218.16 585.54 750.278 358.786 249.235 226.629 209.438 240.993
threshold=0.37368421052631584 0.82000000000000017 0.52000000000000013 0.85789473684210538 1.1300000000000001 0.4578947368421053 34.595672834545759 0.82000000000000017 0.2473684210526316 39.839695575557776 0.9526315789473685 0.88947368421052642 0.48947368421052634 0.010113988494202433
decision_type=2 2 2 2 2 2 2 2 2 2 2 2 2 2
left_child=2 10 -1 4 5 -3 -6 8 -4 12 -2 -5 -8 -14
right_child=1 3 7 11 6 -7 9 -9 -10 -11 -12 -13 13 -15
leaf_value=0.010000484298706053 0.041700020309448242 -0.0012653355026245095 -0.0083057327461242645 -0.0032467607975006098 -0.0051553658905029295 0.0087047796554565425 -0.0047626727218627882 -0.01976137758255005 -0.0002956677303314237 0.0062879820709228528 0.0057725827903747544 -0.011655333307266234 -0.0022486975307464577 0.0023586182327270501
leaf_weight=9720 44550 6480 12960 4050 12144 30780 1332 48600 6480 4134 4050 14850 2040 5190
leaf_count=9720 44550 6480 12960 4050 12144 30780 1332 48600 6480 4134 4050 14850 2040 5190
internal_value=-0.000646605 0.0151679 -0.0270041 0.00150222 0.0125655 0.0255287 -0.00687923 -0.0353063 -0.023572 0.0104474 0.037944 -0.0348487 0.00110255 0.00647303
internal_weight=207360 129600 77760 81000 62100 37260 24840 68040 19440 12696 48600 18900 8562 7230
internal_count=207360 129600 77760 81000 62100 37260 24840 68040 19440 12696 48600 18900 8562 7230
is_linear=0
shrinkage=0.08


Tree=3
num_leaves=15
num_cat=0
split_feature=5 12 12 12 0 5 0 12 0 12 0 8 12 0
split_gain=13440 6558.13 4047.92 2122.1 2388.01 1187.63 1157.86 1032.06 825.396 797.786 391.835 692.483 269.968 322.805
threshold=30.126795513146089 0.52000000000000013 1.1300000000000001 0.82000000000000017 0.27894736842105267 37.551528120246189 0.42631578947368426 0.82000000000000017 0.86842105263157909 0.82000000000000017 0.48947368421052634 5.2757456100049187e-25 0.82000000000000017 0.47894736842105268
decision_type=2 2 2 2 2 2 2 2 2 2 2 2 2 2
left_child=1 -1 6 4 -3 10 7 -2 12 -10 -4 -12 -8 -14
right_child=2 3 5 -5 -6 -7 8 -9 9 -11 11 -13 13 -15
leaf_value=0.014055329702453614 0.01444719911880493 -0.0071069244464874257 -0.0094169099411773698 -0.016431781539154054 0.004925009729003906 0.0038674363952636705 0.044980868583984375 -0.0052212622852325424 0.01610695291168213 -0.0043371080224609403 -0.0062832238824462915 0.00051379464553832574 0.00093342586929320956 0.0087508541960144015
leaf_weight=12969 4572 14550 5232 64845 11388 6942 31392 4572 2889 2889 5664 8064 3438 27954
leaf_count=12969 4572 14550 5232 64845 11388 6942 31392 4572 2889 2889 5664 8064 3438 27954
internal_value=-0.000985725 -0.0213386 0.0193954 -0.0289407 -0.00960136 -0.00799321 0.028525 0.00178478 0.0320912 0.0031568 -0.0183586 -0.0112587 0.0347541 0.0295082
internal_weight=207360 103752 103608 90783 25938 25902 77706 9144 68562 5778 18960 13728 62784 31392
internal_count=207360 103752 103608 90783 25938 25902 77706 9144 68562 5778 18960 13728 62784 31392
is_linear=0
shrinkage=0.08


Tree=4
num_leaves=15
num_cat=0
split_feature=0 12 12 0 0 12 12 12 0 5 0 12 0 12
split_gain=13352 5916.29 4954.87 4726.41 2169.07 1368.14 678.306 597.185 587.219 519.993 431.608 396.644 383.625 232.27
threshold=0.37368421052631584 0.82000000000000017 0.52000000000000013 0.83684210526315794 0.47894736842105268 1.1300000000000001 0.82000000000000017 1.1300000000000001 0.23684210526315794 33.798266606553156 0.88947368421052642 1.1300000000000001 0.92105263157894746 0.52000000000000013
decision_type=2 2 2 2 2 2 2 2 2 2 2 2 2 2
left_child=2 12 -1 4 7 -6 8 -3 -4 -7 11 -5 -2 -14
right_child=1 3 6 10 5 9 -8 -9 -10 -11 -12 -13 13 -15
leaf_value=0.0080760191786132824 0.03675086049475098 -0.0001828277411956769 -0.0072548874623565678 0.00023620126110534656 0.0083285950644348093 -0.0020175071785156272 -0.01689544584127808 -0.0071683845193603532 -0.00072836352320861943 0.0023447278373779313 -0.009575243327163703 -0.0063115195779815635 0.026784809609826665 0.0015411670140869128
leaf_weight=9720 42120 8100 12420 4050 27540 6072 48600 5400 7020 12288 14850 2700 2160 4320
leaf_count=9720 42120 8100 12420 4050 27540 6072 48600 5400 7020 12288 14850 2700 2160 4320
internal_value=-0.00108989 0.0146346 -0.0272973 0.00139457 0.0130478 0.0213386 -0.03493 -0.0151407 -0.0223004 0.00442266 -0.0306519 -0.0138785 0.0367012 0.0185802
internal_weight=207360 129600 77760 81000 59400 45900 68040 13500 19440 18360 21600 6750 48600 6480
internal_count=207360 129600 77760 81000 59400 45900 68040 13500 19440 18360 21600 6750 48600 6480
is_linear=0
shrinkage=0.08


Tree=5
num_leaves=15
num_cat=0
split_feature=0 12 12 0 0 12 12 12 0 0 12 5 0 12
split_gain=13005.7 5792.27 4645.76 4447.44 2086.1 1117.07 756.333 622.255 554.074 475.348 438.045 427.769 425.103 272.841
threshold=0.37368421052631584 0.82000000000000017 0.52000000000000013 0.82631578947368434 0.48947368421052634 1.1300000000000001 0.82000000000000017 1.1300000000000001 0.22631578947368422 0.88947368421052642 1.1300000000000001 38.011515386323687 0.88947368421052642 0.52000000000000013
decision_type=2 2 2 2 2 2 2 2 2 2 2 2 2 2
left_child=2 12 -1 4 7 -6 8 -3 -4 10 -5 -7 -2 -14
right_child=1 3 6 9 5 11 -8 -9 -10 -11 -12 -13 13 -15
leaf_value=0.0074299376443242166 0.035154680891621097 5.3990353557740176e-05 -0.0068034368092248524 0.0002328334737606186 0.0080999056877346116 -0.00043098132657825249 -0.015543810173975837 -0.0062157900700673865 -0.00081599748465637672 -0.0088092238609906066 -0.0055872505424811973 0.00425656692044019 0.027165857387952151 0.0020272971913029812
leaf_weight=9720 39690 8910 11880 4860 25920 11484 48600 5940 7560 14850 3240 5796 2970 5940
leaf_count=9720 39690 8910 11880 4860 25920 11484 48600 5940 7560 14850 3240 5796 2970 5940
internal_value=-0.00135995 0.0141593 -0.0272253 0.00105877 0.0128455 0.021737 -0.0346161 -0.0130209 -0.0212798 -0.0287547 -0.0131654 0.00598148 0.0359934 0.020202
internal_weight=207360 129600 77760 81000 58050 43200 68040 14850 19440 22950 8100 17280 48600 8910
internal_count=207360 129600 77760 81000 58050 43200 68040 14850 19440 22950 8100 17280 48600 8910
is_linear=0
shrinkage=0.08


Tree=6
num_leaves=15
num_cat=0
split_feature=0 12 12 0 0 12 12 12 0 0 12 0 8 12
split_gain=12711.6 5429.44 4445.37 4312.21 1677.37 939.803 887.929 635.529 574.167 509.27 451.206 422.319 373.982 285.608
threshold=0.3842105263157895 0.82000000000000017 0.52000000000000013 0.81578947368421062 0.50000000000000011 0.82000000000000017 1.1300000000000001 1.1300000000000001 0.21578947368421056 0.88947368421052642 1.1300000000000001 0.88947368421052642 0.023509568630965861 0.52000000000000013
decision_type=2 2 2 2 2 2 2 2 2 2 2 2 2 2
left_child=2 11 -1 4 7 8 -6 -3 -4 10 -5 -2 -8 -13
right_child=1 3 5 9 6 -7 12 -9 -10 -11 -12 13 -14 -15
leaf_value=0.0071912917630273035 0.032745558279641991 0.00062690069046172252 -0.0063997990238343939 0.00023934210915627308 0.007881752721698998 -0.014140482657649934 -0.0018091408168092826 -0.0050978917660733239 -0.00066662268466316738 -0.0081044859521113601 -0.0049588783212252885 0.024992588796915977 0.0022535797137776294 0.0018651134159987405
leaf_weight=9990 38880 8910 11340 5670 24300 49950 3972 5940 8640 14850 3780 2970 12228 5940
leaf_count=9990 38880 8910 11340 5670 24300 49950 3972 5940 8640 14850 3780 2970 12228 5940
internal_value=-0.0016034 0.0140822 -0.0266156 0.00129165 0.0136253 -0.0337469 0.0220583 -0.00937374 -0.0190831 -0.0268016 -0.0122836 0.0353999 0.00755062 0.0196902
internal_weight=207360 127440 79920 79650 55350 69930 40500 14850 19980 24300 9450 47790 16200 8910
internal_count=207360 127440 79920 79650 55350 69930 40500 14850 19980 24300 9450 47790 16200 8910
is_linear=0
shrinkage=0.08


Tree=7
num_leaves=15
num_cat=0
split_feature=0 12 12 0 0 12 12 12 8 0 12 0 0 5
split_gain=12250 5047.68 4242.03 4113.04 1323.49 1074.45 712.276 604.5 585.147 532.62 488.901 412.094 312.422 299.903
threshold=0.39473684210526322 0.82000000000000017 0.52000000000000013 0.80526315789473701 0.51052631578947383 0.82000000000000017 1.1300000000000001 1.1300000000000001 0.0072146443053183748 0.90000000000000013 1.1300000000000001 0.88947368421052642 0.18421052631578952 38.302941641563699
decision_type=2 2 2 2 2 2 2 2 2 2 2 2 2 2
left_child=2 11 12 4 7 8 -6 -3 -4 10 -5 -2 -1 -8
right_child=1 3 5 9 6 -7 13 -9 -10 -11 -12 -13 -14 -15
leaf_value=0.0014874641185488359 0.030483703610556762 0.0010812417787947393 -0.0053919491318128497 5.4844305149357455e-05 0.0076545887284808958 -0.012871257671136572 8.8874678077512925e-05 -0.0040665630548939102 0.00036350956877845953 -0.0077369081237634888 -0.0048674228906814276 0.0060113213432124906 0.014628476310321298 0.0043381053293206854
leaf_weight=4860 38070 8910 13662 7290 22680 51300 10020 5940 6858 13500 4860 8910 5400 5100
leaf_count=4860 38070 8910 13662 7290 22680 51300 10020 5940 6858 13500 4860 8910 5400 5100
internal_value=-0.00185764 0.0138812 -0.0258801 0.00144266 0.0142405 -0.0327541 0.0221905 -0.00599596 -0.0172827 -0.0248265 -0.0126749 0.0346122 0.0222378 0.00874074
internal_weight=207360 125280 82080 78300 52650 71820 37800 14850 20520 25650 12150 46980 10260 15120
internal_count=207360 125280 82080 78300 52650 71820 37800 14850 20520 25650 12150 46980 10260 15120
is_linear=0
shrinkage=0.08


Tree=8
num_leaves=15
num_cat=0
split_feature=6 12 0 12 0 12 0 12 12 5 12 5 0 8
split_gain=11771.7 6994.24 2156.68 2093.91 1234.32 965.124 801.442 746.417 714.344 516.988 664.454 513.297 237.91 350.461
threshold=32.129481771379169 0.82000000000000017 0.25789473684210534 1.1300000000000001 0.37368421052631584 0.52000000000000013 0.88947368421052642 1.1300000000000001 0.52000000000000013 34.917547438186382 0.82000000000000017 38.780387115444604 0.4578947368421053 0.0064231438193785581
decision_type=2 2 2 2 2 2 2 2 2 2 2 2 2 2
left_child=1 2 5 9 -3 -1 7 -6 -4 10 -2 12 -5 -14
right_child=3 4 8 11 6 -7 -8 -9 -10 -11 -12 -13 13 -15
leaf_value=0.0024848176398522838 0.019871656033870425 -0.012182627184932829 0.026615508962032051 -0.0057017644848545591 0.00061037530151719643 -0.0049925931759755128 -0.007020969180069685 -0.0042339032795715645 0.0031113572724072247 0.016570641601668486 0.00097547977209408551 0.003681105087026544 -0.0031474036743459922 0.00091448337982716679
leaf_weight=6750 10998 48060 9393 2100 11421 13500 13620 7614 18786 36666 10998 5322 4422 7710
leaf_count=6750 10998 48060 9393 2100 11421 13500 13620 7614 18786 36666 10998 5322 4422 7710
internal_value=-0.0020625 -0.0168965 0.0071387 0.0224302 -0.0313176 -0.0127763 -0.0193159 -0.00871447 0.02145 0.0299874 0.020291 -0.000241383 -0.00816751 -0.00386416
internal_weight=207360 129144 48429 78216 80715 20250 32655 19035 28179 58662 21996 19554 14232 12132
internal_count=207360 129144 48429 78216 80715 20250 32655 19035 28179 58662 21996 19554 14232 12132
is_linear=0
shrinkage=0.08


Tree=9
num_leaves=15
num_cat=0
split_feature=0 12 12 5 12 0 12 12 0 12 0 5 0 5
split_gain=11129.3 4844.01 3559.8 3382.63 1037.1 978.746 813.464 585.904 422.36 376.727 342.669 282.237 272.708 233.022
threshold=0.37368421052631584 0.82000000000000017 0.52000000000000013 33.798266606553156 0.82000000000000017 0.88947368421052642 1.1300000000000001 1.1300000000000001 0.88947368421052642 0.52000000000000013 0.19473684210526318 40.864686643558088 0.21578947368421056 37.737656716370857
decision_type=2 2 2 2 2 2 2 2 2 2 2 2 2 2
left_child=2 8 12 5 10 6 -3 13 -2 -10 -4 -9 -1 -5
right_child=1 3 4 7 -6 -7 -8 11 9 -11 -12 -13 -14 -15
leaf_value=0.0015211463262593129 0.026056008749316052 0.0006228044933565169 -0.0053058689227336499 0.0032207668984442295 -0.011171531814978288 -0.0063722833429755181 -0.0034204568339060116 -3.7169455751633328e-05 0.020413154334142303 0.00088911477560672304 -0.0010773065557999706 0.005240402705455045 0.012233474662300124 0.01034789650064683
leaf_weight=5670 39690 17649 10260 12078 48600 14610 11766 11658 2970 5940 9180 3132 4050 10107
leaf_count=5670 39690 17649 10260 12078 48600 14610 11766 11658 2970 5940 9180 3132 4050 10107
internal_value=-0.0023314 0.0120247 -0.0262582 4.44444e-05 -0.0327278 -0.0149379 -0.00653136 0.0178834 0.0319918 0.0162514 -0.0171111 0.0055497 0.0190288 0.0261059
internal_weight=207360 129600 77760 81000 68040 44025 29415 36975 48600 8910 19440 14790 9720 22185
internal_count=207360 129600 77760 81000 68040 44025 29415 36975 48600 8910 19440 14790 9720 22185
is_linear=0
shrinkage=0.08


Tree=10
num_leaves=15
num_cat=0
split_feature=0 12 12 0 0 12 0 12 0 12 12 12 0 0
split_gain=10482.9 4030.23 3653.11 3351.32 1192.05 1173.69 466.861 508.544 429.448 422.257 417.729 366.568 358.887 309.705
threshold=0.40526315789473694 0.82000000000000017 0.52000000000000013 0.78421052631578958 0.52105263157894754 0.82000000000000017 0.93157894736842117 1.1300000000000001 0.85789473684210538 1.1300000000000001 0.52000000000000013 1.1300000000000001 0.20526315789473687 0.22631578947368422
decision_type=2 2 2 2 2 2 2 2 2 2 2 2 2 2
left_child=2 8 13 4 11 12 7 -5 -2 -6 -10 -3 -4 -1
right_child=1 3 5 6 9 -7 -8 -9 10 -11 -12 -13 -14 -15
leaf_value=0.0015289526250718978 0.025867256560827809 0.00078728591251279849 -0.004776960150339518 -0.00035270847419925254 0.0065096244104308589 -0.0098685041741074196 -0.0069106650432132575 -0.0047960491438078191 0.021689219765358921 0.0016515803385107476 0.0013428130039569153 -0.0027804541107973482 -0.00074865588691095384 0.014039465841952837
leaf_weight=5940 34830 8910 10800 11340 20250 52650 9450 7560 3780 13500 7560 5940 10260 4590
leaf_count=5940 34830 8910 10800 11340 20250 52650 9450 7560 3780 13500 7560 5940 10260 4590
internal_value=-0.00254012 0.0123385 -0.0242858 0.00112697 0.0138782 -0.0305826 -0.0207323 -0.013473 0.0310245 0.022189 0.0175026 -0.0050101 -0.0146211 0.0197911
internal_weight=207360 123120 84240 76950 48600 73710 28350 18900 46170 33750 11340 14850 21060 10530
internal_count=207360 123120 84240 76950 48600 73710 28350 18900 46170 33750 11340 14850 21060 10530
is_linear=0
shrinkage=0.08


Tree=11
num_leaves=15
num_cat=0
split_feature=0 12 12 5 12 0 12 12 12 6 0 5 0 5
split_gain=9762.8 3873.49 3172.3 2834.01 1039.47 819.024 639.282 480.065 459.766 622.124 263.202 253.958 240.456 230.811
threshold=0.37368421052631584 0.82000000000000017 0.82000000000000017 33.798266606553156 0.52000000000000013 0.88947368421052642 1.1300000000000001 1.1300000000000001 0.52000000000000013 33.80058569148936 0.18421052631578952 38.302941641563699 0.20526315789473687 41.043891785353843
decision_type=2 2 2 2 2 2 2 2 2 2 2 2 2 2
left_child=2 8 4 5 12 6 -3 11 -2 -10 -6 -5 -1 -9
right_child=1 3 -4 7 10 -7 -8 13 9 -11 -12 -13 -14 -15
leaf_value=0.0011395947318691224 0.048638488447460604 0.00052966423149543036 -0.0094883289358514353 0.0028881674748232823 -0.0045824196865789577 -0.0054165687357665918 -0.0028980580846107128 4.9669266451384253e-05 0.0035132251942361359 0.018921209966930825 -0.00099521309358626916 0.0096843953831805326 0.009771711885492999 0.0049444669876229285
leaf_weight=5400 16200 17649 48600 13293 9720 14610 11766 11856 17580 14820 9720 8892 4320 2934
leaf_count=5400 16200 17649 48600 13293 9720 14610 11766 11856 17580 14820 9720 8892 4320 2934
internal_value=-0.00260147 0.0108444 -0.0250113 0.000131358 -0.00415089 -0.0135823 -0.00589223 0.0164598 0.0286996 0.0231975 -0.0148313 0.0239026 0.0172099 0.00529547
internal_weight=207360 129600 77760 81000 29160 44025 29415 36975 48600 32400 19440 22185 9720 14790
internal_count=207360 129600 77760 81000 29160 44025 29415 36975 48600 32400 19440 22185 9720 14790
is_linear=0
shrinkage=0.08


Tree=12
num_leaves=15
num_cat=0
split_feature=0 12 0 12 12 12 0 12 12 12 12 0 5 0
split_gain=9227.44 3451.49 3368 2244.02 1275.1 1169.82 604.676 479.6 463.792 455.823 434.845 413.894 360.462 338.387
threshold=0.43684210526315798 0.52000000000000013 0.7947368421052633 0.82000000000000017 1.1300000000000001 0.82000000000000017 0.32105263157894742 1.1300000000000001 1.1300000000000001 0.52000000000000013 0.82000000000000017 0.9526315789473685 35.937867084967699 0.23684210526315794
decision_type=2 2 2 2 2 2 2 2 2 2 2 2 2 2
left_child=1 13 4 9 10 -3 -7 -8 11 -4 -2 -5 -12 -1
right_child=2 5 3 8 -6 6 7 -9 -10 -11 12 -13 -14 -15
leaf_value=0.001378689337462662 0.025229826217471388 -0.0024239662464640424 0.023195771571230095 -0.00042790730188005724 0.00064480407376996671 -0.0093331878891565363 -0.0008659746732307738 -0.0064289786943951066 -0.0065408086480239656 0.0019518160626034264 0.0020165532787848493 -0.0041578307260419648 0.007533411072205079 0.014786361987076741
leaf_weight=6210 27540 22680 5400 12150 18360 41850 8910 5940 10800 10800 14076 4050 13464 5130
leaf_count=6210 27540 22680 5400 12150 18360 41850 8910 5940 10800 10800 14076 4050 13464 5130
internal_value=-0.00259375 -0.0217293 0.0122894 -0.00543519 0.0227157 -0.0276271 -0.0337693 -0.0199003 -0.0195585 0.0181037 0.0288017 -0.0109975 0.0216935 0.0195556
internal_weight=207360 90720 116640 43200 73440 79380 56700 14850 27000 16200 55080 16200 27540 11340
internal_count=207360 90720 116640 43200 73440 79380 56700 14850 27000 16200 55080 16200 27540 11340
is_linear=0
shrinkage=0.08


Tree=13
num_leaves=15
num_cat=0
split_feature=0 12 12 5 12 12 12 6 0 0 0 0 0 12
split_gain=8708.43 3595.52 2605.73 2484.95 887.389 709.794 634.945 689.537 571.568 469.399 589.572 255.056 290.656 227.575
threshold=0.3421052631578948 0.82000000000000017 0.82000000000000017 33.798266606553156 1.1300000000000001 0.52000000000000013 0.52000000000000013 34.648158160468618 0.94210526315789489 0.50000000000000011 0.75263157894736854 0.86842105263157909 0.4578947368421053 1.1300000000000001
decision_type=2 2 2 2 2 2 2 2 2 2 2 2 2 2
left_child=2 6 5 4 8 -1 -2 -8 -3 -5 13 12 -6 -11
right_child=1 3 -4 9 11 -7 7 -9 -10 10 -12 -13 -14 -15
leaf_value=0.0029002583972788367 0.041332630810217812 0.00012232856460941743 -0.0083632583485940826 -0.00073288878286733802 -0.0053956114827904324 -0.0027919478935090059 0.0027564297824046857 0.017103747262198665 -0.003438250225523918 0.007121272357533375 -0.00017704338945903508 -0.0082194718161876131 -0.0012025608361401607 0.002304428434567911
leaf_weight=8910 17010 23886 44550 6315 4662 17820 21204 12816 4851 14067 7395 6780 7716 9378
leaf_count=8910 17010 23886 44550 6315 4662 17820 21204 12816 4851 14067 7395 6780 7716 9378
internal_value=-0.00273611 0.00912934 -0.0253883 -0.000943445 -0.0129876 -0.0056416 0.0259173 0.0196073 -0.00409646 0.0145822 0.0186511 -0.0263243 -0.0194926 0.0248633
internal_weight=207360 136080 71280 85050 47895 26730 51030 34020 28737 37155 30840 19158 12378 23445
internal_count=207360 136080 71280 85050 47895 26730 51030 34020 28737 37155 30840 19158 12378 23445
is_linear=0
shrinkage=0.08


Tree=14
num_leaves=15
num_cat=0
split_feature=5 12 0 12 12 12 6 0 0 0 0 8 0 12
split_gain=8138.61 4677.86 1577.95 1237.67 1148.35 955.324 714.352 681.552 447.803 400.724 395.17 447.568 277.909 251.706
threshold=32.362720402585801 0.82000000000000017 0.28947368421052638 0.82000000000000017 0.52000000000000013 1.1300000000000001 38.312289293337756 0.268421052631579 0.268421052631579 0.9526315789473685 0.46842105263157902 0.020367727331400264 0.47894736842105268 0.52000000000000013
decision_type=2 2 2 2 2 2 2 2 2 2 2 2 2 2
left_child=1 4 -3 12 8 9 10 -6 -1 -4 -5 -12 13 -2
right_child=3 2 5 6 7 -7 -8 -9 -10 -11 11 -13 -14 -15
leaf_value=0.0013524307238835399 0.029672112225219191 -0.008280318763012464 -0.00030351759329499517 -0.0019831146630740681 -0.0031496932411512104 -0.00553408536196681 0.0054104219214945772 0.001324497847923123 0.015810683056810087 -0.0035444831705099579 -0.0007269253888147276 0.0025616800137716433 0.023171711759842343 5.7571726120420053e-05
leaf_weight=7020 1548 37800 22608 6540 14040 17760 14790 18840 9420 4032 9390 16680 23796 3096
leaf_count=7020 1548 37800 22608 6540 14040 17760 14790 18840 9420 4032 9390 16680 23796 3096
internal_value=-0.00281327 -0.0148485 -0.0265353 0.018058 0.00462936 -0.0163081 0.0101418 -0.00400243 0.0218929 -0.00672673 0.00352775 0.00793863 0.0312518 0.0133506
internal_weight=207360 131520 82200 75840 49320 44400 47400 32880 16440 26640 32610 26070 28440 4644
internal_count=207360 131520 82200 75840 49320 44400 47400 32880 16440 26640 32610 26070 28440 4644
is_linear=0
shrinkage=0.08


Tree=15
num_leaves=15
num_cat=0
split_feature=0 12 12 5 12 6 0 12 0 8 0 0 0 12
split_gain=7668.23 3095.04 2304.73 1614.03 1616 1021.19 641.715 502.523 308.041 499.664 277.24 326.638 197.034 190.669
threshold=0.33157894736842114 1.1300000000000001 0.82000000000000017 35.76726248231909 0.52000000000000013 33.80058569148936 0.94210526315789489 0.52000000000000013 0.46842105263157902 9.1402108196140339e-25 0.87894736842105281 0.44736842105263164 0.25789473684210534 1.1300000000000001
decision_type=2 2 2 2 2 2 2 2 2 2 2 2 2 2
left_child=2 3 7 4 -2 10 8 -1 -6 -10 11 -3 -4 -14
right_child=1 5 12 -5 6 -7 -8 -9 9 -11 -12 -13 13 -15
leaf_value=0.0021581349178331033 0.025667799950342882 -0.0049672753852136944 -0.0079672463846826511 0.010655731719205095 -0.00044746172039187958 0.00044108205554536982 -0.002494693695259662 -0.0024886832866084863 0.00022153008449574685 0.0040211563508581304 -0.0074408616486989175 -0.00098867434068108159 -0.0015664156776413929 -0.0073318088171654017
leaf_weight=8640 12087 5118 33750 31158 15600 14856 8100 17280 19815 16920 6252 8334 5670 3780
leaf_count=8640 12087 5118 33750 31158 15600 14856 8100 17280 19815 16920 6252 8334 5670 3780
internal_value=-0.00296682 0.00791146 -0.0247234 0.0148225 0.00827997 -0.0128218 0.00293936 -0.0058642 0.00618248 0.0101821 -0.0247625 -0.0182932 -0.0360389 -0.0258286
internal_weight=207360 138240 69120 103680 72522 34560 60435 25920 52335 36735 19704 13452 43200 9450
internal_count=207360 138240 69120 103680 72522 34560 60435 25920 52335 36735 19704 13452 43200 9450
is_linear=0
shrinkage=0.08


Tree=16
num_leaves=15
num_cat=0
split_feature=0 12 12 5 12 12 6 5 12 0 0 0 0 0
split_gain=7094.19 3188.81 2109.53 1818.08 805.43 697.536 631.56 524.931 383.467 381.747 311.316 275.803 418.207 225.797
threshold=0.31052631578947371 0.82000000000000017 0.82000000000000017 33.263828501761289 1.1300000000000001 0.52000000000000013 35.947628745267238 39.650856901844683 0.52000000000000013 0.96315789473684221 0.96315789473684221 0.52105263157894754 0.73157894736842122 0.88947368421052642
decision_type=2 2 2 2 2 2 2 2 2 2 2 2 2 2
left_child=2 5 8 4 9 10 -7 11 -1 -3 -2 -5 -13 -6
right_child=1 3 -4 7 13 6 -8 -9 -10 -11 -12 12 -14 -15
leaf_value=0.0016265509686094371 0.035025882895458542 -0.00015965119719044463 -0.0067676801307408095 -0.0010842535968052093 -0.0027747212960346481 0.0023084730933218191 0.015515271137420452 0.005718592805590208 -0.0024280680995517703 -0.003439028533272308 -0.0013853645524360926 0.0030281483505831641 -0.00049446012317301503 -0.007088255146612577
leaf_weight=8100 16740 25767 40500 8490 13536 25668 9972 10830 16200 3240 1080 12615 8820 5802
leaf_count=8100 16740 25767 40500 8490 13536 25668 9972 10830 16200 3240 1080 12615 8820 5802
internal_value=-0.00323495 0.0067413 -0.0251827 -0.0025266 -0.0130189 0.0221878 0.0157262 0.00991976 -0.00654815 -0.00458786 0.0351111 0.00445781 0.00929135 -0.0256655
internal_weight=207360 142560 64800 89100 48345 53460 35640 40755 24300 29007 17820 29925 21435 19338
internal_count=207360 142560 64800 89100 48345 53460 35640 40755 24300 29007 17820 29925 21435 19338
is_linear=0
shrinkage=0.08


Tree=17
num_leaves=15
num_cat=0
split_feature=0 12 12 0 0 0 12 0 0 12 12 0 0 12
split_gain=6555.31 2526.44 2363.89 1556.52 1261.55 652.419 586.824 538.925 392.233 431.467 383.484 361.794 351.086 302.277
threshold=0.36315789473684218 0.82000000000000017 0.82000000000000017 0.77368421052631586 0.53157894736842115 0.90000000000000013 0.52000000000000013 0.48947368421052634 0.23684210526315794 1.1300000000000001 0.52000000000000013 0.91052631578947374 0.77368421052631586 1.1300000000000001
decision_type=2 2 2 2 2 2 2 2 2 2 2 2 2 2
left_child=2 5 10 4 13 6 -2 -8 -4 -10 -1 -5 -9 -3
right_child=1 3 8 11 -6 -7 7 12 9 -11 -12 -13 -14 -15
leaf_value=0.0020281017530286416 0.038221937900984049 1.5104197455801938e-05 -0.0069833563047390565 -0.0010000436695473171 0.0030242947477121442 0.00024416804181965013 -0.00024060766257516519 0.013311243698440976 -0.0011892243192386132 -0.0063402884236555494 -0.0018813962652571669 -0.0038527650199283369 0.0024077239971942443 -0.002402695662438037
leaf_weight=9450 13770 12960 31050 17550 31050 8100 6480 14580 9720 6480 18900 12150 6480 8640
leaf_count=9450 13770 12960 31050 17550 31050 8100 6480 14580 9720 6480 18900 12150 6480 8640
internal_value=-0.00322917 0.00754523 -0.0220074 -0.00103558 0.00722507 0.0218466 0.0259172 0.019175 -0.0329651 -0.0228741 -0.00374462 -0.0156795 0.0253827 -0.00762222
internal_weight=207360 131760 75600 82350 52650 49410 41310 27540 47250 16200 28350 29700 21060 21600
internal_count=207360 131760 75600 82350 52650 49410 41310 27540 47250 16200 28350 29700 21060 21600
is_linear=0
shrinkage=0.08


Tree=18
num_leaves=15
num_cat=0
split_feature=0 12 12 5 12 12 5 0 0 0 0 12 12 0
split_gain=6124.88 2409.6 2203.64 1317.34 700.24 621.681 557.769 491.287 393.727 373.471 346.744 385.365 318.586 294.649
threshold=0.35263157894736846 0.82000000000000017 0.82000000000000017 36.44244315342565 1.1300000000000001 0.52000000000000013 35.937867084967699 0.88947368421052642 0.96315789473684221 0.93157894736842117 0.2473684210526316 1.1300000000000001 0.52000000000000013 0.44736842105263164
decision_type=2 2 2 2 2 2 2 2 2 2 2 2 2 2
left_child=2 5 12 4 8 9 -7 13 -3 -2 -4 -12 -1 -6
right_child=1 3 10 -5 7 6 -8 -9 -10 -11 11 -13 -14 -15
leaf_value=0.001768864934807839 0.032908372753449017 0.00027357382706030722 -0.0063363799428465045 0.0029582334292383682 -0.0036764028779827564 0.0020524263448763857 0.013496625536489032 -0.0062558235310513988 -0.0028556850490162565 -1.4419370304574741e-05 -0.0010088241180772806 -0.0057649178453611817 -0.0018005161822430549 -0.00066597464424161595
leaf_weight=9180 14850 33534 32400 22410 4554 23496 9984 5940 3240 1890 8100 5400 18360 14022
leaf_count=9180 14850 33534 32400 22410 4554 23496 9984 5940 3240 1890 8100 5400 18360 14022
internal_value=-0.00321335 0.00696834 -0.02178 -0.00134385 -0.00741263 0.020822 0.0145281 -0.0178855 -0.000430739 0.0334098 -0.0325142 -0.0217422 -0.00388962 -0.0114815
internal_weight=207360 133920 73440 83700 61290 50220 33480 24516 36774 16740 45900 13500 27540 18576
internal_count=207360 133920 73440 83700 61290 50220 33480 24516 36774 16740 45900 13500 27540 18576
is_linear=0
shrinkage=0.08


Tree=19
num_leaves=15
num_cat=0
split_feature=0 12 12 0 0 0 12 0 0 12 12 8 0 0
split_gain=5662.28 2198.48 2079.37 1325.89 996.388 652.847 624.004 484.507 427.706 530.199 368.622 342.591 338.328 269.148
threshold=0.37368421052631584 0.82000000000000017 0.82000000000000017 0.76315789473684215 0.53157894736842115 0.88947368421052642 0.52000000000000013 0.50000000000000011 0.22631578947368422 1.1300000000000001 1.1300000000000001 9.1402108196140339e-25 0.1736842105263158 0.88947368421052642
decision_type=2 2 2 2 2 2 2 2 2 2 2 2 2 2
left_child=1 12 5 4 -4 6 -2 -8 -3 -10 -5 -9 -1 -12
right_child=2 8 3 10 -6 -7 7 11 9 -11 13 -13 -14 -15
leaf_value=-0.002275730722987319 0.033682303983000282 -0.0060164087869207352 -0.00085087141435926002 -0.00077645508512298462 0.0028444104183993034 0.00011660588924341741 -0.00042343852782944058 0.0022673470138287978 -0.00099446712025461851 -0.005464146149742102 -0.0014619890354919108 0.012485865897688374 0.0010130676880103096 -0.005755357648567285
leaf_weight=13770 13230 29700 20250 18630 29700 8910 6480 6798 11340 7560 6480 13182 15390 5940
leaf_count=13770 13230 29700 20250 18630 29700 8910 6480 6798 11340 7560 6480 13182 15390 5940
internal_value=-0.00326775 -0.0203344 0.00697222 -0.000877037 0.00719279 0.0200543 0.0244475 0.0173545 -0.0307539 -0.021346 -0.0138589 0.0235195 -0.00296845 -0.0245346
internal_weight=207360 77760 129600 81000 49950 48600 39690 26460 48600 18900 31050 19980 29160 12420
internal_count=207360 77760 129600 81000 49950 48600 39690 26460 48600 18900 31050 19980 29160 12420
is_linear=0
shrinkage=0.08


Tree=20
num_leaves=15
num_cat=0
split_feature=0 12 0 12 12 0 12 5 0 12 12 12 0 12
split_gain=5232.33 2161.19 2061.6 1153.73 838.242 648.383 598.434 411.771 392 363.26 333.199 332.186 310.732 218.253
threshold=0.42631578947368426 0.82000000000000017 0.81578947368421062 0.82000000000000017 1.1300000000000001 0.268421052631579 1.1300000000000001 40.665243647325205 0.97368421052631593 0.52000000000000013 0.52000000000000013 0.52000000000000013 0.51052631578947383 1.1300000000000001
decision_type=2 2 2 2 2 2 2 2 2 2 2 2 2 2
left_child=1 9 3 10 8 -3 -7 13 11 -1 -2 -4 -12 -5
right_child=2 5 4 7 -6 6 -8 -9 -10 -11 12 -13 -14 -15
leaf_value=0.0022620512865091768 0.037946705497126462 -0.0051874369731373824 0.0087073332423526131 0.0014347997162389259 -0.0039625804875141691 -0.00050357251347711075 -0.0042106733361369783 0.0054917530065052931 -0.0029044013384562617 -0.0014466650382043646 0.00081735097710705423 -8.1265117723388074e-05 0.010120922804981487 -0.00030995342339124043
leaf_weight=11070 9990 35100 4050 24975 9720 12150 8100 8325 4860 22140 4320 20250 15660 16650
leaf_count=11070 9990 35100 4050 24975 9720 12150 8100 8325 4860 22140 4320 20250 15660 16650
internal_value=-0.00325347 -0.017972 0.00771852 0.0150691 -0.00739095 -0.0276524 -0.0162528 0.00762362 -0.000609053 -0.001838 0.0274781 0.00353909 0.0215135 0.00437526
internal_weight=207360 88560 118800 79920 38880 55350 20250 49950 29160 33210 29970 24300 19980 41625
internal_count=207360 88560 118800 79920 38880 55350 20250 49950 29160 33210 29970 24300 19980 41625
is_linear=0
shrinkage=0.08


Tree=21
num_leaves=15
num_cat=0
split_feature=0 12 12 5 12 5 0 0 12 0 0 5 12 0
split_gain=4780.84 2329.92 1557.93 1250.89 1084.47 647.767 382.52 295.108 273.138 300.781 190.363 182.719 195.915 174.842
threshold=0.30000000000000004 1.1300000000000001 0.82000000000000017 36.44244315342565 0.52000000000000013 32.125521070071876 0.97368421052631593 0.91052631578947374 1.1300000000000001 0.19473684210526318 0.4578947368421053 40.665243647325205 0.52000000000000013 0.15263157894736842
decision_type=2 2 2 2 2 2 2 2 2 2 2 2 2 2
left_child=2 3 13 4 7 -3 -6 -2 9 -4 -7 12 -5 -1
right_child=1 5 8 11 6 10 -8 -9 -10 -11 -12 -13 -14 -15
leaf_value=-0.0022257525253030464 0.016059266903727325 -0.0032293087502693997 -0.0034359218200858124 0.040334534941932974 0.00049632748043581425 -0.0030239285394560891 -0.0027362702303541297 0.00034554623820123089 -0.007469654234331418 -0.0011582852920706754 2.845304707932872e-05 0.013110622142229378 0.003686484073076546 0.000342115170103523
leaf_weight=12150 11178 16620 15390 2817 63990 2520 4050 2430 15660 8100 17040 9990 14085 11340
leaf_count=12150 11178 16620 15390 2817 63990 2520 4050 2430 15660 8100 17040 9990 14085 11340
internal_value=-0.00311998 0.00487175 -0.0215837 0.0107323 0.00580345 -0.0127098 0.00168019 0.0264198 -0.0313563 -0.0259004 -0.00284254 0.0256969 0.0206271 -0.00529587
internal_weight=207360 144720 62640 108540 81648 36180 68040 13608 39150 23490 19560 26892 16902 23490
internal_count=207360 144720 62640 108540 81648 36180 68040 13608 39150 23490 19560 26892 16902 23490
is_linear=0
shrinkage=0.08


Tree=22
num_leaves=15
num_cat=0
split_feature=0 0 12 12 12 0 12 0 12 0 0 12 0 12
split_gain=4527.17 2020.08 1843.35 825.009 807.923 708.116 628.744 330.352 308.534 303.354 245.698 230.563 285.163 218.139
threshold=0.44736842105263164 0.76315789473684215 0.82000000000000017 0.82000000000000017 0.82000000000000017 0.21578947368421056 1.1300000000000001 0.54210526315789487 0.52000000000000013 0.94210526315789489 0.71052631578947378 0.52000000000000013 0.88947368421052642 0.52000000000000013
decision_type=2 2 2 2 2 2 2 2 2 2 2 2 2 2
left_child=2 3 8 13 11 -4 -7 -5 -1 -6 -9 12 -3 -2
right_child=1 4 5 7 9 6 -8 10 -10 -11 -12 -13 -14 -15
leaf_value=0.0020427616246307869 0.036665640870755037 0.017991819030633103 -0.0048368243176887885 -0.00014518500087602694 -0.00090277925651122365 -0.00067352494270677354 -0.0038216250788392636 0.0032161434411773372 -0.0013272237223343763 -0.0033731699794411884 0.00019692201911500896 0.00057414810686983841 0.00083319600105626892 0.0086257479072602769
leaf_weight=11610 8100 3240 28350 12150 22950 17820 11880 21600 23220 8100 6750 12420 2970 16200
leaf_count=11610 8100 3240 28350 12150 22950 17820 11880 21600 23220 8100 6750 12420 2970 16200
internal_value=-0.00307562 0.00757163 -0.016199 0.0168765 -0.00456522 -0.0249289 -0.0162963 0.00988444 -0.00164915 -0.0124676 0.0146145 0.00860548 0.0211916 0.02853
internal_weight=207360 114480 92880 64800 49680 58050 29700 40500 34830 31050 28350 18630 6210 24300
internal_count=207360 114480 92880 64800 49680 58050 29700 40500 34830 31050 28350 18630 6210 24300
is_linear=0
shrinkage=0.08


Tree=23
num_leaves=15
num_cat=0
split_feature=0 12 12 12 5 5 0 12 0 0 8 0 0 0
split_gain=4114.35 2086.82 1280.03 1141.92 1041.33 562.188 334.083 324.018 306.503 212.84 424.468 209.672 200.945 171.085
threshold=0.27894736842105267 1.1300000000000001 0.82000000000000017 0.52000000000000013 37.551528120246189 31.498867291051361 0.88947368421052642 1.1300000000000001 0.96315789473684221 0.48947368421052634 0.049164924959916458 0.4578947368421053 0.1736842105263158 0.42631578947368426
decision_type=2 2 2 2 2 2 2 2 2 2 2 2 2 2
left_child=2 3 -1 6 8 -3 11 12 9 -5 -11 -2 -4 -7
right_child=1 5 7 4 -6 13 -8 -9 -10 10 -12 -13 -14 -15
leaf_value=-0.0010481874277350923 0.0049538169471110474 -0.0029642151832981025 -0.0029086763039448283 -0.00034951135416416034 0.0063299215760509678 -0.0034996277843636083 0.00076654032097176915 -0.0066752407923557746 -0.0019974858697785615 5.8848323933293759e-05 0.0032094896760265536 0.028202768870804976 -0.0011653235234491577 -0.00018350471845284932
leaf_weight=21870 4590 16062 13770 25530 17355 1902 2970 14580 5400 26880 17985 11070 8100 19296
leaf_count=21870 4590 16062 13770 25530 17355 1902 2970 14580 5400 26880 17985 11070 8100 19296
internal_value=-0.00289776 0.00415137 -0.0209122 0.00961675 0.00600064 -0.0122448 0.0276973 -0.0300927 0.00195316 0.00336217 0.00668049 0.0323627 -0.0239342 -0.00369091
internal_weight=207360 149040 58320 111780 93150 37260 18630 36450 75795 70395 44865 15660 21870 21198
internal_count=207360 149040 58320 111780 93150 37260 18630 36450 75795 70395 44865 15660 21870 21198
is_linear=0
shrinkage=0.08


Tree=24
num_leaves=15
num_cat=0
split_feature=0 12 12 5 5 12 12 12 0 0 5 0 12 0
split_gain=3822.99 1829.71 1228.24 786.82 622.231 539.72 372.273 361.697 288.156 346.501 275.76 196.222 193.265 188.47
threshold=0.27894736842105267 0.82000000000000017 0.82000000000000017 34.384999696425773 34.917547438186382 1.1300000000000001 0.52000000000000013 1.1300000000000001 0.88947368421052642 0.41578947368421054 42.42564285169162 0.88947368421052642 0.52000000000000013 0.1736842105263158
decision_type=2 2 2 2 2 2 2 2 2 2 2 2 2 2
left_child=2 4 -1 5 6 -3 11 13 9 -7 -5 -2 -6 -4
right_child=1 3 7 10 12 8 -8 -9 -10 -11 -12 -13 -14 -15
leaf_value=-0.000964332433516284 0.010024033307489653 -0.00024982411807730645 -0.0026759821996292432 0.00066112461102913139 0.035417010771202566 -0.0030123654658667353 0.00092999079635068592 -0.0061412215289673132 -0.0043246463716230775 -0.00045329393038427755 0.005885513398086655 0.00066196173992254085 0.008117849716896313 -0.0010720976415732242
leaf_weight=21870 9561 35721 13770 29250 6111 6714 25038 14580 5886 11214 4365 2958 12222 8100
leaf_count=21870 9561 35721 13770 29250 6111 6714 25038 14580 5886 11214 4365 2958 12222 8100
internal_value=-0.00283951 0.00395545 -0.0202044 -0.00291057 0.0153988 -0.00843537 0.00950129 -0.0291973 -0.0177643 -0.012722 0.00687431 0.0207652 0.0274805 -0.0226904
internal_weight=207360 149040 58320 93150 55890 59535 37557 36450 23814 17928 33615 12519 18333 21870
internal_count=207360 149040 58320 93150 55890 59535 37557 36450 23814 17928 33615 12519 18333 21870
is_linear=0
shrinkage=0.08


Tree=25
num_leaves=15
num_cat=0
split_feature=0 12 8 12 0 12 12 0 0 12 12 0 8 12
split_gain=3492.93 1595.98 1586.51 708.993 689.114 646.609 350.947 305.99 266.8 249.219 242.848 226.946 224.209 203.703
threshold=0.44736842105263164 1.1300000000000001 0.0064231438193785581 0.82000000000000017 0.18421052631578952 0.82000000000000017 0.82000000000000017 0.55263157894736847 0.94210526315789489 0.52000000000000013 0.52000000000000013 0.52105263157894754 0.12985801453114029 0.52000000000000013
decision_type=2 2 2 2 2 2 2 2 2 2 2 2 2 2
left_child=1 4 5 10 6 13 -1 -5 -7 -6 -4 -12 -3 -2
right_child=2 12 3 7 9 8 -8 -9 -10 -11 11 -13 -14 -15
leaf_value=-0.0015947132378980912 0.0068544375406139404 -0.005398754359358591 0.029661350597557926 -0.00015427451665879223 0.0030943189887296008 -0.00074532348859088768 -0.0024145989933793644 0.0022748494942741895 -0.002802649805845543 -0.0005118157827630654 0.00099284639375946332 0.0097253541043752362 -0.0023488613053742279 0.0004798338204267383
leaf_weight=14580 6525 16470 7785 13500 6750 24525 14580 25425 8100 33750 3780 11790 6750 13050
leaf_count=14580 6525 16470 7785 13500 6750 24525 14580 25425 8100 33750 3780 11790 6750 13050
internal_value=-0.00276042 -0.0142877 0.00659189 0.0152139 -0.00823313 -0.00369502 -0.0176104 0.00860218 -0.0105919 -0.00148148 0.0262334 0.020465 -0.0324513 0.00779974
internal_weight=207360 92880 114480 62280 69660 52200 29160 38925 32625 40500 23355 15570 23220 19575
internal_count=207360 92880 114480 62280 69660 52200 29160 38925 32625 40500 23355 15570 23220 19575
is_linear=0
shrinkage=0.08


Tree=26
num_leaves=15
num_cat=0
split_feature=0 12 12 6 12 0 0 12 0 0 0 12 0 0
split_gain=3211.79 1611.31 1063.38 969.317 749.721 443.607 410.567 406.137 241.849 241.391 232.984 160.694 159.825 328.532
threshold=0.268421052631579 1.1300000000000001 1.1300000000000001 37.563555625583611 0.52000000000000013 0.88947368421052642 0.41578947368421054 0.82000000000000017 0.88947368421052642 0.47894736842105268 0.97368421052631593 0.82000000000000017 0.50000000000000011 0.7210526315789475
decision_type=2 2 2 2 2 2 2 2 2 2 2 2 2 2
left_child=2 3 7 4 8 6 -3 -1 9 -2 12 -5 -6 -14
right_child=1 5 -4 11 10 -7 -8 -9 -10 -11 -12 -13 13 -15
leaf_value=-0.00087915518527335033 0.0033955914357073169 -0.0025282567514945866 -0.0053089408067629367 0.017217660938077976 -0.00030593482269401394 -0.0038292885333296046 -0.0002396276686314458 -0.0018434558523813594 8.1727456623079678e-05 0.01806982885205816 -0.0020472421375450976 0.0033229845192337269 0.0027888894749912119 2.4681185184161069e-05
leaf_weight=21060 5241 7560 14040 10386 28245 5940 24300 21060 2970 7227 4050 10386 16785 28110
leaf_count=21060 5241 7560 14040 10386 28245 5940 24300 21060 2970 7227 4050 10386 16785 28110
internal_value=-0.00264198 0.00342593 -0.0189786 0.008194 0.00469145 -0.0108783 -0.00713622 -0.012623 0.0207851 0.0256721 0.00147273 0.0238128 0.00250697 0.00547322
internal_weight=207360 151200 56160 113400 92628 37800 31860 42120 15438 12468 77190 20772 73140 44895
internal_count=207360 151200 56160 113400 92628 37800 31860 42120 15438 12468 77190 20772 73140 44895
is_linear=0
shrinkage=0.08


Tree=27
num_leaves=15
num_cat=0
split_feature=0 12 12 12 5 0 0 6 12 0 0 0 6 6
split_gain=2926.7 1505.39 981.52 904.542 779.094 389.005 420.605 386.677 331.299 207.501 179.054 419.731 133.365 133.266
threshold=0.2473684210526316 1.1300000000000001 1.1300000000000001 0.52000000000000013 39.650856901844683 0.88947368421052642 0.41578947368421054 32.287921370497749 0.82000000000000017 0.98421052631578954 0.51052631578947383 0.7210526315789475 29.893552987076848 29.960999727822102
decision_type=2 2 2 2 2 2 2 2 2 2 2 2 2 2
left_child=2 3 8 7 9 6 -3 -2 -1 10 13 -12 -13 -5
right_child=1 5 -4 4 -6 -7 -8 -9 -10 -11 11 12 -14 -15
leaf_value=-0.00097243585336251217 0.0033246416793668489 -0.0023937859196348412 -0.0050623176642998445 0.00029458148630272517 0.0067656677676643405 -0.0035229454506632376 -0.00022045745514093218 0.022351200140148943 -0.0017664773738453898 -0.0023179615534677602 0.0029627078600112933 0.00089775808856328964 -0.00054726024435001184 -0.0011898938623469935
leaf_weight=19440 9867 8640 12960 17355 10830 5940 24300 9573 19440 2700 18870 10530 21360 15555
leaf_count=19440 9867 8640 12960 17355 10830 5940 24300 9573 19440 2700 18870 10530 21360 15555
internal_value=-0.00254591 0.00294136 -0.0190077 0.0074856 0.00433498 -0.0106914 -0.00729326 0.0232387 -0.0126523 0.00179877 0.00250317 0.00548306 -0.000112888 -0.00209298
internal_weight=207360 155520 51840 116640 97200 38880 32940 19440 38880 86370 83670 50760 31890 32910
internal_count=207360 155520 51840 116640 97200 38880 32940 19440 38880 86370 83670 50760 31890 32910
is_linear=0
shrinkage=0.08


Tree=28
num_leaves=15
num_cat=0
split_feature=0 12 12 5 5 12 12 5 12 12 5 0 0 0
split_gain=2657.03 1363.71 935.672 553.12 542.998 390.949 285.403 276.859 249.072 201.224 174.01 171.903 157.793 182.194
threshold=0.23684210526315794 0.82000000000000017 1.1300000000000001 34.917547438186382 32.838924492491053 1.1300000000000001 0.82000000000000017 41.468794929014358 0.52000000000000013 0.52000000000000013 39.650856901844683 0.94210526315789489 0.88947368421052642 0.47894736842105268
decision_type=2 2 2 2 2 2 2 2 2 2 2 2 2 2
left_child=2 3 6 9 5 -3 -1 -6 -5 12 -10 -7 13 -2
right_child=1 4 -4 8 7 11 -8 -9 10 -11 -12 -13 -14 -15
leaf_value=-0.00097523838575879656 0.002293458659355885 -0.00031146802480496393 -0.004738706896389013 0.027365140475738202 0.00011905824394667253 -0.0015299593251423495 -0.0016677331088498137 0.0037951044798730928 0.0029493260195204486 0.00071104892341761433 0.012240089116213966 -0.0041604868048295933 -0.0003086398308551974 0.01282963569866416
leaf_weight=18630 5565 32841 12420 6111 37470 18672 18630 6345 7890 27198 4332 3222 2958 5076
leaf_count=18630 5565 32841 12420 6111 37470 18672 18630 6345 7890 27198 4332 3222 2958 5076
internal_value=-0.00245448 0.00262861 -0.0185878 0.0122334 -0.00313425 -0.00844725 -0.0122491 0.00350291 0.0237757 0.0070466 0.0171821 -0.0167279 0.0149923 0.0195358
internal_weight=207360 157680 49680 59130 98550 54735 37260 43815 18333 40797 12222 21894 13599 10641
internal_count=207360 157680 49680 59130 98550 54735 37260 43815 18333 40797 12222 21894 13599 10641
is_linear=0
shrinkage=0.08


Tree=29
num_leaves=15
num_cat=0
split_feature=0 12 12 5 12 5 12 6 0 12 0 0 6 0
split_gain=2434.47 1303.14 820.402 795.496 603.789 311.567 246.356 220.393 169.701 153.875 151.836 330.99 139.226 121.085
threshold=0.21578947368421056 1.1300000000000001 1.1300000000000001 38.302941641563699 0.52000000000000013 30.993213074548894 0.82000000000000017 32.778886913352416 0.97368421052631593 0.52000000000000013 0.53157894736842115 0.71052631578947378 30.133454156720713 0.9526315789473685
decision_type=2 2 2 2 2 2 2 2 2 2 2 2 2 2
left_child=2 3 6 4 7 13 -1 -2 10 -5 -6 -12 -13 -3
right_child=1 5 -4 9 8 -7 -8 -9 -10 -11 11 12 -14 -15
leaf_value=-0.0010408762022765129 0.002966412970365049 -0.0016675283664652229 -0.0045003839986619632 0.034553581660225464 -0.00025021441941124544 -0.00054261351331069913 -0.0016329315370156073 0.014237426723356705 -0.0017559939554345027 0.0046819717914308298 0.0029288960145580447 0.001036424894989505 -0.00052831454971641551 -0.004087164384054676
leaf_weight=17010 11391 15018 11340 2964 37950 22836 17010 5895 4050 14820 14160 10200 20070 2646
leaf_count=17010 11391 15018 11340 2964 37950 22836 17010 5895 4050 14820 14160 10200 20070 2646
internal_value=-0.00232407 0.00226272 -0.0187055 0.00640527 0.00372479 -0.0101649 -0.0124938 0.0173736 0.000995025 0.0220378 0.00178101 0.00495521 0.000232574 -0.0181431
internal_weight=207360 162000 45360 121500 103716 40500 34020 17286 86430 17784 82380 44430 30270 17664
internal_count=207360 162000 45360 121500 103716 40500 34020 17286 86430 17784 82380 44430 30270 17664
is_linear=0
shrinkage=0.08


Tree=30
num_leaves=15
num_cat=0
split_feature=0 12 12 5 12 5 12 6 0 12 0 8 0 0
split_gain=2219.44 1179.46 757.32 726.105 570.455 291.715 225.27 222.665 152.225 138.375 135.601 313.99 123.99 148.214
threshold=0.20526315789473687 1.1300000000000001 1.1300000000000001 39.115168820953372 0.52000000000000013 31.498867291051361 0.52000000000000013 32.910862467217676 0.98421052631578954 0.82000000000000017 0.52105263157894754 0.068529383742076885 0.9526315789473685 0.37368421052631584
decision_type=2 2 2 2 2 2 2 2 2 2 2 2 2 2
left_child=2 3 6 4 7 12 -1 -2 10 -5 -6 -12 13 -3
right_child=1 5 -4 9 8 -7 -8 -9 -10 -11 11 -13 -14 -15
leaf_value=0.00051222790149276778 0.0027834297783621942 -0.0021924199635176222 -0.0041999370619187236 0.015820398960964627 -0.00024479639899978257 -0.00043782057934828702 -0.0015769530237284314 0.013903465485407676 -0.0019985887225995968 0.0031273136770863541 -3.412886838518148e-05 0.00256332393639358 -0.0037865364863210261 -0.00078917510722261493
leaf_weight=5400 11865 8100 10800 7389 38985 21204 27000 6192 2700 7389 31650 16950 2676 9060
leaf_count=5400 11865 8100 10800 7389 38985 21204 27000 6192 2700 7389 31650 16950 2676 9060
internal_value=-0.00221605 0.00202973 -0.01835 0.00594477 0.00367577 -0.0097154 -0.0122346 0.0166561 0.00107969 0.0225795 0.00165645 0.00447572 -0.0166888 -0.0141911
internal_weight=207360 164160 43200 123120 108342 41040 32400 18057 90285 14778 87585 48600 19836 17160
internal_count=207360 164160 43200 123120 108342 41040 32400 18057 90285 14778 87585 48600 19836 17160
is_linear=0
shrinkage=0.08


Tree=31
num_leaves=15
num_cat=0
split_feature=0 12 12 6 8 0 12 12 12 10 0 0 0 12
split_gain=1992.89 1055.62 735.766 465.307 419.672 628.495 266.304 259.275 191.581 150.442 134.808 149.288 151.646 153.544
threshold=0.20526315789473687 0.82000000000000017 1.1300000000000001 34.928699026208996 0.073840783963680226 0.55263157894736847 1.1300000000000001 0.52000000000000013 0.52000000000000013 1.0000000180025095e-35 0.94210526315789489 0.48947368421052634 0.82631578947368434 0.52000000000000013
decision_type=2 2 2 2 2 2 2 2 2 2 2 2 2 2
left_child=2 3 8 10 6 -6 -3 -5 -1 -8 11 -2 13 -13
right_child=1 4 -4 7 5 -7 9 -9 -10 -11 -12 12 -14 -15
leaf_value=0.00047124966937334812 0.00050135431858678193 -0.00037552390640831267 -0.0038639420969652249 0.022247767871000034 -0.00062763029616295322 0.0019828892906758044 -0.0023249007913390954 0.0046277609918333523 -0.0014507967818301549 -0.0008905409374196083 -0.0014164440803471701 0.013957032971010204 0.00097981000289095723 0.0037888847223812583
leaf_weight=5400 19944 29106 10800 6102 33120 20970 10764 12204 27000 8640 4860 3513 7911 7026
leaf_count=5400 19944 29106 10800 6102 33120 20970 10764 12204 27000 8640 4860 3513 7911 7026
internal_value=-0.00212461 0.00189864 -0.017413 0.0101806 -0.00307057 0.00177482 -0.0084733 0.0208718 -0.0113852 -0.0157328 0.00565589 0.00724488 0.0124314 0.0187152
internal_weight=207360 164160 43200 61560 102600 54090 48510 18306 32400 19404 43254 38394 18450 10539
internal_count=207360 164160 43200 61560 102600 54090 48510 18306 32400 19404 43254 38394 18450 10539
is_linear=0
shrinkage=0.08


Tree=32
num_leaves=15
num_cat=0
split_feature=0 12 12 6 12 0 0 0 0 12 0 12 0 0
split_gain=1794.68 949.754 664.784 635.988 462.668 247.581 364.4 196.902 301.744 160.435 125.277 119.106 118.156 293.498
threshold=0.19473684210526318 1.1300000000000001 1.1300000000000001 39.650856901844683 0.52000000000000013 0.37368421052631584 0.88947368421052642 0.87894736842105281 0.48947368421052634 0.52000000000000013 0.98421052631578954 0.52000000000000013 0.53157894736842115 0.70000000000000007
decision_type=2 2 2 2 2 2 2 2 2 2 2 2 2 2
left_child=2 3 9 4 7 -3 -7 8 -2 -1 12 -5 -6 -14
right_child=1 5 -4 11 10 6 -8 -9 -10 -11 -12 -13 13 -15
leaf_value=0.00033206205925731427 0.0016611521505050853 -0.0020198932044141007 -0.0036171666311321407 0.032838078854153546 -0.00021834283630487228 -0.00017895032456458182 -0.0025166701289652637 -0.00078047758958202265 0.01313580672718901 -0.0013904921172099404 -0.0017771986604505452 0.0047371923031167551 0.0025478697428307309 -1.0007447912663281e-06
leaf_weight=5130 7515 9180 10260 2166 42075 26460 5940 3240 7869 25650 2700 10830 14925 33420
leaf_count=5130 7515 9180 10260 2166 42075 26460 5940 3240 7869 25650 2700 10830 14925 33420
internal_value=-0.00198611 0.00171092 -0.0169688 0.00520122 0.00325315 -0.00875998 -0.00547407 0.0147637 0.0185387 -0.0110903 0.000951031 0.0219514 0.00145808 0.00415596
internal_weight=207360 166320 41040 124740 111744 41580 32400 18624 15384 30780 93120 12996 90420 48345
internal_count=207360 166320 41040 124740 111744 41580 32400 18624 15384 30780 93120 12996 90420 48345
is_linear=0
shrinkage=0.08


Tree=33
num_leaves=15
num_cat=0
split_feature=0 12 12 6 5 12 12 0 0 0 0 12 0 8
split_gain=1613.34 868.008 643.356 439.953 339.347 284.235 205.79 179.918 231.142 174.089 296.931 136.775 103.988 94.2311
threshold=0.19473684210526318 0.82000000000000017 1.1300000000000001 39.115168820953372 42.42564285169162 1.1300000000000001 0.52000000000000013 0.96315789473684221 0.37368421052631584 0.85789473684210538 0.50000000000000011 0.52000000000000013 0.85789473684210538 0.049164924959916458
decision_type=2 2 2 2 2 2 2 2 2 2 2 2 2 2
left_child=2 3 11 6 5 13 9 8 -7 10 -2 -1 -10 -3
right_child=1 4 -4 -5 -6 7 -8 -9 12 -11 -12 -13 -14 -15
leaf_value=0.00030549709451673125 0.0015892994057287524 -0.00037309494722160164 -0.0033277933006415684 0.013350160461322567 0.0038798586501296219 -0.0018583017480609731 0.00071887959502132677 -0.0034629577870557648 -0.0002242608889764508 -0.00041797931403592337 0.013068966216057465 -0.0012792527478331461 -0.0015121386224135702 0.00034178633657377055
leaf_weight=5130 7716 28377 10260 7389 4365 9180 36654 2160 23094 3780 6831 25650 5400 31374
leaf_count=5130 7716 28377 10260 7389 4365 9180 36654 2160 23094 3780 6831 25650 5400 31374
internal_value=-0.00186458 0.00164069 -0.0160702 0.00910181 -0.00283598 -0.00379294 0.00663866 -0.00902746 -0.00774009 0.0135603 0.0175349 -0.0102872 -0.00418334 -0.000303259
internal_weight=207360 166320 41040 62370 103950 99585 54981 39834 37674 18327 14547 30780 28494 59751
internal_count=207360 166320 41040 62370 103950 99585 54981 39834 37674 18327 14547 30780 28494 59751
is_linear=0
shrinkage=0.08


Tree=34
num_leaves=15
num_cat=0
split_feature=0 12 12 6 8 0 12 12 0 0 10 12 12 12
split_gain=1446.19 788.469 527.645 384.855 321.594 446.306 211.452 173.481 144.934 281.852 126.759 108.675 108.237 70.4084
threshold=0.1736842105263158 0.82000000000000017 1.1300000000000001 38.312289293337756 0.073840783963680226 0.56315789473684219 1.1300000000000001 0.52000000000000013 0.84736842105263166 0.51052631578947383 1.0000000180025095e-35 0.82000000000000017 0.52000000000000013 1.1300000000000001
decision_type=2 2 2 2 2 2 2 2 2 2 2 2 2 2
left_child=2 3 11 7 6 13 -3 8 9 -2 -8 -1 -5 -6
right_child=1 4 -4 12 5 -7 10 -9 -10 -11 -12 -13 -14 -15
leaf_value=-0.000934884909189031 0.0015191396888143993 -0.00032074219734642864 -0.0031532477407192694 0.025336552652641037 -0.00014742837605086657 0.0017213988501029575 -0.0019004627271223607 0.00059478027342426017 -0.0003119403672236132 0.012332192085594275 -0.00072078408970871033 -0.0012600883007730479 0.0061510333686110828 -0.00099739561406850578
leaf_weight=13770 8370 31536 9180 2958 20682 19620 12384 36744 4041 5961 8640 13770 5916 13788
leaf_count=13770 8370 31536 9180 2958 20682 19620 12384 36744 4041 5961 8640 13770 5916 13788
internal_value=-0.00175463 0.00134459 -0.0161569 0.00836506 -0.0028677 0.00146275 -0.0073242 0.00587561 0.0122229 0.0159961 -0.0135388 -0.0106202 0.0238269 -0.00401973
internal_weight=207360 170640 36720 63990 106650 54090 52560 55116 18372 14331 21024 27540 8874 34470
internal_count=207360 170640 36720 63990 106650 54090 52560 55116 18372 14331 21024 27540 8874 34470
is_linear=0
shrinkage=0.08


Tree=35
num_leaves=15
num_cat=0
split_feature=8 0 12 12 10 0 0 12 0 12 12 12 6 12
split_gain=1289.49 944.908 782.608 498.81 382.386 283.986 161.817 151.415 117.419 110.103 99.2654 89.6938 113.38 78.65
threshold=1.0000000180025095e-35 0.54210526315789487 1.1300000000000001 0.52000000000000013 1.0000000180025095e-35 0.1315789473684211 0.68947368421052646 1.1300000000000001 0.98421052631578954 0.52000000000000013 0.82000000000000017 0.52000000000000013 29.960999727822102 0.82000000000000017
decision_type=2 2 2 2 2 2 2 2 2 2 2 2 2 2
left_child=2 7 5 -3 -4 13 10 11 9 -7 -5 -2 -13 -1
right_child=1 3 4 6 -6 8 -8 -9 -10 -11 -12 12 -14 -15
leaf_value=-0.0011368937493811493 0.0022850826332346409 0.019464016605410441 -0.0025027008966887988 0.0075011186924975439 -0.00064890349218681197 0.0019498147848576108 0.00048552358737962819 -0.0010374797642335599 -0.0019386580755847583 -0.00021704816142119611 0.0016632301998288669 0.0004042692694145966 -0.00089718137731917389 -0.0013516409226090298
leaf_weight=10530 7290 5670 17820 7560 8100 8910 13230 14580 3240 44550 18900 16110 20340 10530
leaf_count=10530 7290 5670 17820 7560 8100 8910 13230 14580 3240 44550 18900 16110 20340 10530
internal_value=-0.00166512 0.00464352 -0.00797377 0.0133034 -0.0200123 -0.00396091 0.0101325 -0.00209191 -0.00101446 -0.000118219 0.0137445 0.000261545 -0.00135857 -0.0118936
internal_weight=207360 103680 103680 45360 25920 77760 39690 58320 56700 53460 26460 43740 36450 21060
internal_count=207360 103680 103680 45360 25920 77760 39690 58320 56700 53460 26460 43740 36450 21060
is_linear=0
shrinkage=0.08


Tree=36
num_leaves=15
num_cat=0
split_feature=0 8 12 12 0 0 0 5 0 12 6 6 12 0
split_gain=1167.23 777.077 661.347 534.281 263.904 225.397 214.287 180.167 120.951 115.301 143.337 106.743 102.009 84.8673
threshold=0.46842105263157902 0.018061979117841246 1.1300000000000001 0.52000000000000013 0.18421052631578952 0.1315789473684211 0.97368421052631593 42.711553493862681 0.56315789473684219 0.52000000000000013 29.960999727822102 29.893552987076848 0.82000000000000017 0.88947368421052642
decision_type=2 2 2 2 2 2 2 2 2 2 2 2 2 2
left_child=2 6 5 -3 -4 -1 9 8 -5 -2 13 -7 -10 -11
right_child=1 3 4 7 -6 11 -8 -9 12 10 -12 -13 -14 -15
leaf_value=-0.001178379653454238 0.0027164079316402126 0.01590289879239986 -0.0026618303471555162 0.0001153295266451515 -0.0013110719066989351 0.00010949989197773569 -0.0019861547672221013 0.0054088407032747646 0.0052846033511669615 0.0018842753040231154 -0.00074227449143876361 -0.0012040249113329127 0.00092060921661643038 4.9546546556706872e-05
leaf_weight=21060 5988 6972 9720 16338 14580 37908 6480 5271 7770 3822 28581 13932 19425 9513
leaf_count=21060 5988 6972 9720 16338 14580 37908 6480 5271 7770 3822 28581 13932 19425 9513
internal_value=-0.00152546 0.00411256 -0.00791523 0.0107473 -0.0193449 -0.00410535 -0.00269197 0.00778789 0.00609652 -0.000845023 -0.00232847 -0.00127006 0.00936496 0.00452043
internal_weight=207360 110160 97200 55776 24300 72900 54384 48804 43533 47904 41916 51840 27195 13335
internal_count=207360 110160 97200 55776 24300 72900 54384 48804 43533 47904 41916 51840 27195 13335
is_linear=0
shrinkage=0.08


Tree=37
num_leaves=15
num_cat=0
split_feature=0 12 5 12 12 6 0 0 12 12 8 0 6 0
split_gain=1023.72 572.206 481.91 383.299 295.031 189.525 146.746 205.206 84.1297 80.2236 76.1015 232.165 110.628 71.6599
threshold=0.16315789473684214 1.1300000000000001 41.043891785353843 1.1300000000000001 0.52000000000000013 34.399440464689668 0.37368421052631584 0.87894736842105281 0.52000000000000013 0.52000000000000013 0.049164924959916458 0.55263157894736847 29.893552987076848 0.84736842105263166
decision_type=2 2 2 2 2 2 2 2 2 2 2 2 2 2
left_child=3 2 4 8 5 13 -3 -8 -1 -4 -6 12 -12 -2
right_child=1 6 9 -5 10 -7 7 -9 -10 -11 11 -13 -14 -15
leaf_value=0.00021348763260338189 0.0025699375690816772 -0.0014139425543778228 0.029026455933702577 -0.0025312098547468453 -0.00019349355714067375 0.010351947803451332 -0.00013181003142511471 -0.0017258971320129103 -0.0010812244163707697 0.0046252397154076339 0.00057087677834503751 0.0020627874605289786 -0.00076606929037331467 -0.0006396666418598862
leaf_weight=4320 11091 10800 1467 8640 50760 5247 25920 6480 21600 7335 12480 16725 20700 3795
leaf_count=4320 11091 10800 1467 8640 50760 5247 25920 6480 21600 7335 12480 16725 20700 3795
internal_value=-0.00141242 0.00110139 0.00375926 -0.0139815 0.00244242 0.011283 -0.00687222 -0.00418025 -0.00911728 0.0218314 0.000674316 0.0028927 -0.000981314 0.00667473
internal_weight=207360 172800 129600 34560 120798 20133 43200 32400 25920 8802 100665 49905 33180 14886
internal_count=207360 172800 129600 34560 120798 20133 43200 32400 25920 8802 100665 49905 33180 14886
is_linear=0
shrinkage=0.08


Tree=38
num_leaves=15
num_cat=0
split_feature=0 0 12 12 0 0 0 0 6 12 12 12 6 0
split_gain=911.694 615.16 501.677 463.68 208.823 182.352 169.937 149.457 116.525 132.46 104.483 78.452 75.3541 74.1565
threshold=0.46842105263157902 0.73157894736842122 1.1300000000000001 0.52000000000000013 0.22631578947368422 0.96315789473684221 0.11052631578947369 0.56315789473684219 29.893552987076848 0.52000000000000013 0.82000000000000017 1.1300000000000001 29.893552987076848 0.52105263157894754
decision_type=2 2 2 2 2 2 2 2 2 2 2 2 2 2
left_child=2 3 6 13 -4 8 -1 -5 -3 -10 -9 -7 -8 -2
right_child=1 5 4 7 -6 11 12 10 9 -11 -12 -13 -14 -15
leaf_value=-0.0010960540430610766 0.0039889468656121351 0.00073559401923384282 -0.0021319149440279161 0.00017861908721796381 -0.0010235503054817885 -0.0010536326028480359 3.2321242506825335e-05 0.0059397121245182132 0.0031548977071353779 -0.00060837111488154961 0.0011388086287741172 -0.0025993392410037152 -0.0010831193431629239 0.016527519733880478
leaf_weight=17820 1350 13104 11880 17010 12420 6480 41148 8640 4302 30114 21600 2160 13932 5400
leaf_count=17820 1350 13104 11880 17010 12420 6480 41148 8640 4302 30114 21600 2160 13932 5400
internal_value=-0.00130015 0.00368264 -0.00694733 0.00977926 -0.0169021 -0.00217949 -0.00362908 0.00697735 -0.00023569 -0.00268015 0.0103519 -0.0128704 -0.0014321 0.0293926
internal_weight=207360 110160 97200 54000 24300 56160 72900 47250 47520 34416 30240 8640 55080 6750
internal_count=207360 110160 97200 54000 24300 56160 72900 47250 47520 34416 30240 8640 55080 6750
is_linear=0
shrinkage=0.08


Tree=39
num_leaves=15
num_cat=0
split_feature=0 0 12 12 0 0 6 0 12 6 0 0 12 6
split_gain=787.253 536.33 439.679 406.54 181.857 166.356 149.03 144.258 101.267 93.5333 89.5303 74.0741 70.1043 68.9144
threshold=0.46842105263157902 0.7210526315789475 1.1300000000000001 0.52000000000000013 0.1736842105263158 0.96315789473684221 42.708069004206884 0.12105263157894738 0.82000000000000017 30.071627455056479 0.57368421052631591 0.53157894736842115 1.1300000000000001 29.893552987076848
decision_type=2 2 2 2 2 2 2 2 2 2 2 2 2 2
left_child=2 3 7 11 -4 8 10 -1 -3 -10 -5 -2 -7 -9
right_child=1 5 4 6 -6 12 -8 13 9 -11 -12 -13 -14 -15
leaf_value=-0.00097365023227820042 0.0044665164938909726 0.0011417548276073041 -0.0021212490985212562 0.000172817994883383 -0.0010442120193568361 -0.00096934199462019206 0.0047503146557214479 5.9482458845685484e-05 0.00037602339761952489 -0.00063650883310301782 0.0014855474005965874 0.015880099464822404 -0.0023913921017234196 -0.00099646979570988886
leaf_weight=19440 1620 18630 9180 18207 15120 6480 4935 39528 8865 22185 22218 4860 2160 13932
leaf_count=19440 1620 18630 9180 18207 15120 6480 4935 39528 8865 22185 22218 4860 2160 13932
internal_value=-0.00119599 0.00343428 -0.00644362 0.00935494 -0.015763 -0.00182853 0.00667725 -0.00333717 -4.66989e-05 -0.00284444 0.00507508 0.0280988 -0.0120741 -0.00119117
internal_weight=207360 110160 97200 51840 24300 58320 45360 72900 49680 31050 40425 6480 8640 53460
internal_count=207360 110160 97200 51840 24300 58320 45360 72900 49680 31050 40425 6480 8640 53460
is_linear=0
shrinkage=0.08


Tree=40
num_leaves=15
num_cat=0
split_feature=8 0 12 12 10 0 12 6 5 0 0 0 12 12
split_gain=700.127 525.492 439.352 437.095 203.271 135.97 131.947 75.891 74.0926 67.7666 66.2797 56.4144 55.778 51.8209
threshold=1.0000000180025095e-35 0.53157894736842115 1.1300000000000001 0.52000000000000013 1.0000000180025095e-35 0.14210526315789476 0.82000000000000017 29.893552987076848 43.472477216291004 0.37368421052631584 0.99473684210526325 0.36315789473684218 0.52000000000000013 0.52000000000000013
decision_type=2 2 2 2 2 2 2 2 2 2 2 2 2 2
left_child=2 7 5 -3 -4 12 -5 11 -8 -9 -7 -2 -1 -11
right_child=1 3 4 6 -6 10 8 9 -10 13 -12 -13 -14 -15
leaf_value=0.00018301585207738391 -8.0329906681766432e-05 0.013372077935487106 -0.0017049024917818179 0.0044223626749410449 -0.00045114283282165823 -1.5817909248252439e-05 0.00040498989238226815 -0.0018928276326806027 0.0033736957779358437 0.0020294919425820979 -0.0020881622946798783 0.0010768877716920012 -0.00095284643845644057 -0.00063840554702348845
leaf_weight=3780 18360 5940 17820 11880 8100 53460 27330 4344 2370 3303 1620 7032 18900 23121
leaf_count=3780 18360 5940 17820 11880 8100 53460 27330 4344 2370 3303 1620 7032 18900 23121
internal_value=-0.0011061 0.00354244 -0.00575463 0.00973401 -0.0147747 -0.00274794 0.00683405 -0.00169658 0.00398384 -0.00436817 -0.000601307 0.00154064 -0.0079612 -0.0028459
internal_weight=207360 103680 103680 47520 25920 77760 41580 56160 29700 30768 55080 25392 22680 26424
internal_count=207360 103680 103680 47520 25920 77760 41580 56160 29700 30768 55080 25392 22680 26424
is_linear=0
shrinkage=0.08


Tree=41
num_leaves=15
num_cat=0
split_feature=8 0 12 12 10 0 0 5 12 0 12 12 0 6
split_gain=604.074 457.877 376.669 374.593 176.712 118.996 111.947 81.4306 73.9918 55.6066 54.9795 49.0011 46.519 44.507
threshold=1.0000000180025095e-35 0.54210526315789487 1.1300000000000001 0.52000000000000013 1.0000000180025095e-35 0.11052631578947369 0.68947368421052646 39.115168820953372 1.1300000000000001 0.99473684210526325 0.52000000000000013 0.82000000000000017 0.1315789473684211 29.960999727822102
decision_type=2 2 2 2 2 2 2 2 2 2 2 2 2 2
left_child=2 8 5 -3 12 -1 7 11 13 10 -7 -5 -4 -2
right_child=1 3 4 6 -6 9 -8 -9 -10 -11 -12 -13 -14 -15
leaf_value=-0.0008635677001469056 0.00038525033903969997 0.012559571587192835 -0.0019405722964618045 0.0039256887333233518 -0.00041505140619592541 0.0011962729304122056 9.9988022181918268e-05 0.0034393448042361508 -0.00067690023552080091 -0.0019211093111054867 -0.00018393338476342837 0.00051830438591221389 -0.0012733336414167086 -0.00035120693642209933
leaf_weight=17820 19332 5670 7020 4992 8100 9720 13230 8988 14580 1620 48600 12480 10800 24408
leaf_count=17820 19332 5670 7020 4992 8100 9720 13230 8988 14580 1620 48600 12480 10800 24408
internal_value=-0.00100926 0.00330864 -0.00532716 0.00933686 -0.013679 -0.00254321 0.00658907 0.00959335 -0.00137997 -0.000836837 -0.000430727 0.00641026 -0.0181324 0.000265203
internal_weight=207360 103680 103680 45360 25920 77760 39690 26460 58320 59940 58320 17472 17820 43740
internal_count=207360 103680 103680 45360 25920 77760 39690 26460 58320 59940 58320 17472 17820 43740
is_linear=0
shrinkage=0.08


Tree=42
num_leaves=15
num_cat=0
split_feature=0 0 12 12 0 0 0 0 12 0 5 6 0 0
split_gain=532.474 356.894 300.872 294.745 124.732 121.117 120.189 87.3946 81.9754 80.3037 70.6537 66.7451 64.2016 59.1409
threshold=0.4578947368421053 0.71052631578947378 1.1300000000000001 0.52000000000000013 0.98421052631578954 0.57368421052631591 0.16315789473684214 0.10000000000000002 0.82000000000000017 0.51052631578947383 38.939821580390351 30.071627455056479 0.88947368421052642 0.92105263157894746
decision_type=2 2 2 2 2 2 2 2 2 2 2 2 2 2
left_child=2 3 7 9 8 -5 -4 -1 -3 -2 -7 12 -10 -13
right_child=1 4 6 5 -6 10 -8 -9 11 -11 -12 13 -14 -15
leaf_value=-0.00083127623135500258 0.0020509679636385235 0.00086391793190959026 -0.0017017584165839716 0.00016255329337032886 -0.0017108096127120432 0.00099670882001939637 -0.00086296695710144091 -0.0001444216756404404 0.0013407191286043596 0.012298808030525993 0.0032981905699740999 -0.00044958234791713013 -0.00010465803573812328 -0.0019004208566222936
leaf_weight=16200 1350 21060 8640 20790 4320 15981 15120 55080 3060 5130 8589 21960 8235 1845
leaf_count=16200 1350 21060 8640 20790 4320 15981 15120 55080 3060 5130 8589 21960 8235 1845
internal_value=-0.000917824 0.00281125 -0.00532492 0.0076821 -0.00136376 0.00540212 -0.0131212 -0.00272615 -0.000356125 0.023642 0.00920472 -0.00272365 0.00234086 -0.00512665
internal_weight=207360 112320 95040 51840 60480 45360 23760 71280 56160 6480 24570 35100 11295 23805
internal_count=207360 112320 95040 51840 60480 45360 23760 71280 56160 6480 24570 35100 11295 23805
is_linear=0
shrinkage=0.08


Tree=43
num_leaves=15
num_cat=0
split_feature=12 6 0 0 12 5 12 0 0 0 8 0 6 12
split_gain=472.309 394.729 234.195 186.539 139.156 118.898 108.607 88.5213 55.0196 52.5685 46.2864 103.053 71.7778 44.8359
threshold=1.1300000000000001 40.859985198652282 0.22631578947368422 0.15263157894736842 0.52000000000000013 35.76726248231909 0.52000000000000013 0.97368421052631593 0.83684210526315794 0.50000000000000011 0.13255526571103443 0.57368421052631591 29.73350195717769 0.52000000000000013
decision_type=2 2 2 2 2 2 2 2 2 2 2 2 2 2
left_child=1 3 -2 13 5 8 -3 -4 9 -5 -6 12 -12 -1
right_child=2 6 7 4 10 -7 -8 -9 -10 -11 11 -13 -14 -15
leaf_value=0.00033022649464746755 -0.0014215944440400309 0.021211229515756626 -0.00042396296261399958 0.00081971919983388382 -0.00013104752678004818 0.0077089935753392519 0.0032550581017422608 -0.0021428561370347098 -0.00072690799097888006 0.004516390145708051 0.00079512823995852027 0.0017062252763877517 -0.00037066353560811117 -0.00074241171693314458
leaf_weight=4050 11880 1569 38340 8217 58830 3624 7845 1620 4203 4257 8250 11340 23085 20250
leaf_count=4050 11880 1569 38340 8217 58830 3624 7845 1620 4203 4257 8250 11340 23085 20250
internal_value=-0.000865355 0.00133899 -0.0074784 0.000315935 0.0015927 0.00763903 0.0172169 -0.00454655 0.00478503 0.0074523 0.000383429 0.00238922 2.4254e-05 -0.00608395
internal_weight=207360 155520 51840 146106 121806 20301 9414 39960 16677 12474 101505 42675 31335 24300
internal_count=207360 155520 51840 146106 121806 20301 9414 39960 16677 12474 101505 42675 31335 24300
is_linear=0
shrinkage=0.08


Tree=44
num_leaves=15
num_cat=0
split_feature=12 5 0 12 0 5 12 0 0 0 6 0 6 8
split_gain=413.944 351.742 209.357 167.568 141.74 138.956 78.5248 76.1095 40.0283 39.7055 49.273 47.0984 45.4501 39.1905
threshold=1.1300000000000001 41.468794929014358 0.22631578947368422 0.52000000000000013 0.16315789473684214 35.76726248231909 0.52000000000000013 0.97368421052631593 0.94210526315789489 0.37368421052631584 29.893552987076848 0.85789473684210538 28.910200617966371 0.13255526571103443
decision_type=2 2 2 2 2 2 2 2 2 2 2 2 2 2
left_child=1 3 -2 5 -5 8 -3 9 -1 10 -4 -11 -13 -6
right_child=2 6 7 4 13 -7 -8 -9 -10 11 -12 12 -14 -15
leaf_value=0.0011107735444091382 -0.0013078668885168289 0.021009112547925143 -0.00053886806458846247 -0.00066040716740628947 -0.00011190805683330751 0.0075064161519018844 0.0035156406522345307 -0.0019714276460719351 -0.0018567929886399081 -8.4620536799842057e-05 -0.0024687561156785322 1.7059810874016089e-05 -0.001322029843760788 0.00038127240399228769
leaf_weight=19107 11880 1269 6468 21600 58290 3924 6345 1620 1620 24840 1092 2250 3690 43365
leaf_count=19107 11880 1269 6468 21600 58290 3924 6345 1620 1620 24840 1092 2250 3690 43365
internal_value=-0.00078125 0.00128241 -0.00697222 0.000419185 -0.000785039 0.00644031 0.018051 -0.0042002 0.00382689 -0.00348252 -0.00867725 -0.00220663 -0.00860606 0.000465496
internal_weight=207360 155520 51840 147906 123255 24651 7614 39960 20727 38340 7560 30780 5940 101655
internal_count=207360 155520 51840 147906 123255 24651 7614 39960 20727 38340 7560 30780 5940 101655
is_linear=0
shrinkage=0.08


Tree=45
num_leaves=15
num_cat=0
split_feature=0 0 12 12 0 0 0 12 6 0 0 12 0 5
split_gain=366.865 273.224 242 200.799 104.013 93.2821 92.4774 65.3333 64.3179 83.6019 74.0187 71.7916 52.3408 44.5818
threshold=0.46842105263157902 0.71052631578947378 0.82000000000000017 1.1300000000000001 0.55263157894736847 0.98421052631578954 0.15263157894736842 0.52000000000000013 29.893552987076848 0.91052631578947374 0.87894736842105281 0.52000000000000013 0.078947368421052641 43.472477216291004
decision_type=2 2 2 2 2 2 2 2 2 2 2 2 2 2
left_child=3 2 4 12 -2 8 -5 -6 10 11 -3 -10 -1 -4
right_child=1 5 13 6 7 -7 -8 -9 9 -11 -12 -13 -14 -15
leaf_value=-0.00071660102018135331 0.0017683062963407448 0.002001388706298084 0.00025241598563262356 -0.0013770768681086998 0.011147145369652663 -0.0014338032800318733 -0.00066617903232522369 0.0047339857748835623 0.0026012901069076299 -0.0015117777739824768 0.000124740453432437 -0.00029324090091016332 -0.00015035999885890884 0.0023728496601023255
leaf_weight=12960 6480 3480 28785 8100 4050 4320 16200 8100 4371 4320 13392 30597 59940 2265
leaf_count=12960 6480 3480 28785 8100 4050 4320 16200 8100 4371 4320 13392 30597 59940 2265
internal_value=-0.000740355 0.00242048 0.00681643 -0.00432263 0.0140247 -0.00119048 -0.0106206 0.0183901 -0.000319088 -0.00209326 0.00381223 -0.000796156 -0.00222332 0.00249147
internal_weight=207360 110160 49680 97200 18630 60480 24300 12150 56160 39288 16872 34968 72900 31050
internal_count=207360 110160 49680 97200 18630 60480 24300 12150 56160 39288 16872 34968 72900 31050
is_linear=0
shrinkage=0.08


Tree=46
num_leaves=15
num_cat=0
split_feature=12 5 0 0 0 12 12 0 6 0 0 6 0 6
split_gain=327.067 286.61 160.577 128.811 108.243 140.022 76.8984 61.3833 46.1285 100.177 45.092 44.3382 42.3708 39.1075
threshold=1.1300000000000001 41.468794929014358 0.18421052631578952 0.47894736842105268 0.77368421052631586 0.52000000000000013 0.52000000000000013 0.96315789473684221 30.133454156720713 0.91052631578947374 0.08947368421052633 29.846277160675733 0.37368421052631584 29.893552987076848
decision_type=2 2 2 2 2 2 2 2 2 2 2 2 2 2
left_child=1 3 -2 10 5 -5 -3 12 9 -6 -1 -12 13 -4
right_child=2 6 7 4 8 -7 -8 -9 -10 -11 11 -13 -14 -15
leaf_value=-0.00063905498834566205 -0.0011895222104337066 0.01870109827012021 -0.00051742001939488749 0.0059583254060918203 0.001892609846802773 0.00066885697394811314 0.003094298474349424 -0.0015707962164909417 -0.00046849419471261199 -0.00016763894250512834 2.9113131317475283e-05 -0.00076945084808108352 -0.00021671459260005132 -0.0022179613038382294
leaf_weight=14580 9720 1269 8628 6309 4986 31545 6345 2160 19008 11592 44316 15570 30240 1092
leaf_count=14580 9720 1269 8628 6309 4986 31545 6345 2160 19008 11592 44316 15570 30240 1092
internal_value=-0.000685185 0.00114918 -0.00618827 0.000369965 0.00274728 0.00572515 0.0162858 -0.00404938 -0.00042039 0.00266377 -0.00197459 -0.00100324 -0.00333934 -0.00793416
internal_weight=207360 155520 51840 147906 73440 37854 7614 42120 35586 16578 74466 59886 39960 9720
internal_count=207360 155520 51840 147906 73440 37854 7614 42120 35586 16578 74466 59886 39960 9720
is_linear=0
shrinkage=0.08


Tree=47
num_leaves=15
num_cat=0
split_feature=12 5 0 0 0 12 0 6 5 5 12 0 6 12
split_gain=283.766 266.266 193.081 79.917 151.868 78.9188 63.9005 102.426 72.5542 49.4166 47.9801 47.1783 44.8745 39.602
threshold=0.82000000000000017 40.864686643558088 0.35263157894736846 0.50000000000000011 0.80526315789473701 1.1300000000000001 0.93157894736842117 30.133454156720713 32.039477502374993 43.472477216291004 0.52000000000000013 0.12105263157894738 28.965403878451799 0.52000000000000013
decision_type=2 2 2 2 2 2 2 2 2 2 2 2 2 2
left_child=1 3 5 -1 10 -2 7 -4 -9 -10 -5 -7 -8 -3
right_child=2 13 6 4 -6 11 12 8 9 -11 -12 -13 -14 -15
leaf_value=-9.3503798643483908e-05 -0.00038353982232608441 0.016291941665376033 0.00074601373011427884 0.0053692215163507221 -0.00022600244465111884 -0.0012501034197076933 -0.00027915413129996568 -0.00071335715501810173 -4.7195416423968521e-05 0.0020253759187822242 0.0018916043615886302 -0.00065929067503316618 -0.0015248135568455923 0.0058409313749275427
leaf_weight=38736 27540 1566 12090 6312 15390 6480 6570 13215 46530 2415 12624 11880 2880 3132
leaf_count=38736 27540 1566 12090 6312 15390 6480 6570 13215 46530 2415 12624 11880 2880 3132
internal_value=-0.000638503 0.0031821 -0.00293086 0.00199502 0.00480569 -0.00710065 -0.000644205 0.000144377 -0.00116602 0.000254163 0.00960287 -0.0111634 -0.00684021 0.0216433
internal_weight=207360 77760 129600 73062 34326 45900 83700 74250 62160 48945 18936 18360 9450 4698
internal_count=207360 77760 129600 73062 34326 45900 83700 74250 62160 48945 18936 18360 9450 4698
is_linear=0
shrinkage=0.08


Tree=48
num_leaves=15
num_cat=0
split_feature=12 5 0 12 5 0 0 12 0 0 6 0 0 0
split_gain=256.181 239.319 122.124 108.037 113.168 84.4648 58.6187 51.8215 36.7166 31.6068 35.598 31.5416 27.8527 70.3531
threshold=1.1300000000000001 42.42564285169162 0.22631578947368422 0.52000000000000013 35.76726248231909 0.16315789473684214 0.88947368421052642 0.82000000000000017 0.50000000000000011 0.42631578947368426 28.910200617966371 0.98421052631578954 0.52105263157894754 0.68947368421052646
decision_type=2 2 2 2 2 2 2 2 2 2 2 2 2 2
left_child=1 3 -2 4 11 -5 9 -3 -6 10 -4 -1 -7 -14
right_child=2 7 6 5 8 12 -8 -9 -10 -11 -12 -13 13 -15
leaf_value=0.0007662673643229035 -0.00093647686762766025 0.010507316424757374 -0.0001730315271037175 -0.00052634793515994539 2.6761526299416971e-05 -0.00012871838056749407 -0.00097769903401943034 0.0019073973782528153 0.0071551496838708675 -5.2817689519466527e-05 -0.0012093439960761598 -0.0032637924102197147 0.0011238884096056356 -3.6191792525528398e-05
leaf_weight=20187 11880 2619 6102 21600 687 45810 5940 2619 3633 23760 4158 540 18135 39690
leaf_count=20187 11880 2619 6102 21600 687 45810 5940 2619 3633 23760 4158 540 18135 39690
internal_value=-0.000594136 0.00102932 -0.00546451 0.000443433 0.00523975 -0.00051583 -0.00334735 0.0178389 0.0170185 -0.00206702 -0.00577778 0.00278477 0.000432672 0.0016
internal_weight=207360 155520 51840 150282 25047 125235 39960 5238 4320 34020 10260 20727 103635 57825
internal_count=207360 155520 51840 150282 25047 125235 39960 5238 4320 34020 10260 20727 103635 57825
is_linear=0
shrinkage=0.08


Tree=49
num_leaves=15
num_cat=0
split_feature=12 5 0 12 5 0 12 0 0 0 0 6 5 0
split_gain=221.069 215.598 107.401 91.0855 97.7467 70.5179 49.2677 48.4846 31.541 31.2954 35.2885 34.1646 30.1511 27.475
threshold=1.1300000000000001 42.42564285169162 0.15263157894736842 0.52000000000000013 35.76726248231909 0.15263157894736842 0.82000000000000017 0.98421052631578954 0.50000000000000011 0.37368421052631584 0.85789473684210538 28.910200617966371 30.126795513146089 0.98421052631578954
decision_type=2 2 2 2 2 2 2 2 2 2 2 2 2 2
left_child=1 3 -2 4 13 -5 -3 9 -6 12 -11 -12 -4 -1
right_child=2 6 7 5 8 -7 -8 -9 -10 10 11 -13 -14 -15
leaf_value=0.00070496597517706757 -0.0010031251139770304 0.0096667311107767866 -0.00041042187071639537 -0.00049771821827747863 2.4620604195462194e-05 5.063946448880863e-05 0.0017548055879925873 -0.0017515203057700667 0.0065827377091611976 -4.8039785954796524e-05 -7.8044019205547604e-06 -0.0011111955321106849 -0.0017538076283233651 -0.0030026890174021403
leaf_weight=20187 8100 2619 10098 20250 687 104985 2619 1080 3633 24840 2664 3816 1242 540
leaf_count=20187 8100 2619 10098 20250 687 104985 2619 1080 3633 24840 2664 3816 1242 540
internal_value=-0.000525077 0.000983025 -0.00504938 0.000426931 0.00483092 -0.000453867 0.0169378 -0.0034824 0.0157778 -0.0030586 -0.00175479 -0.00701235 -0.00665961 0.00254933
internal_weight=207360 155520 51840 150282 25047 125235 5238 43740 4320 42660 31320 6480 11340 20727
internal_count=207360 155520 51840 150282 25047 125235 5238 43740 4320 42660 31320 6480 11340 20727
is_linear=0
shrinkage=0.08


Tree=50
num_leaves=15
num_cat=0
split_feature=8 0 12 12 6 0 5 0 0 0 0 0 0 12
split_gain=193.547 217.545 157.605 129.974 64.6811 50.3213 48.65 43.0523 39.8775 36.5581 35.0327 32.8209 30.9219 29.9762
threshold=0.046717464696057191 0.56315789473684219 0.82000000000000017 1.1300000000000001 29.893552987076848 0.14210526315789476 42.995005878057619 0.46842105263157902 0.67894736842105274 0.42631578947368426 0.08947368421052633 0.98421052631578954 0.99473684210526325 0.52000000000000013
decision_type=2 2 2 2 2 2 2 2 2 2 2 2 2 2
left_child=3 4 6 10 9 -5 13 -6 -4 -2 -1 -7 -12 -3
right_child=1 2 8 5 7 11 -8 -9 -10 -11 12 -13 -14 -15
leaf_value=-0.00049921522912159237 0.00019622789680960652 0.006665611948043537 0.00081143567899501614 -0.00094737201781510468 -0.00082302437564193195 -0.00041304265208737424 0.010643748697550385 6.2866610923117964e-06 -0.00029215074202794346 0.0020058457554616238 -1.810502989937568e-05 -0.0016113986813084602 -0.0013943478455180002 0.0028425531123271067
leaf_weight=14580 17856 3603 14850 7560 18432 20538 1719 18600 6030 2352 71334 1080 1620 7206
leaf_count=14580 17856 3603 14850 7560 18432 20538 1719 18600 6030 2352 71334 1080 1620 7206
internal_value=-0.000482253 0.00229106 0.00742098 -0.00263623 -0.000703005 -0.00726026 0.0145147 -0.00268957 0.00316475 0.00293745 -0.00109489 -0.00529559 -0.000379417 0.0125266
internal_weight=207360 90648 33408 116712 57240 29178 12528 37032 20880 20208 87534 21618 72954 10809
internal_count=207360 90648 33408 116712 57240 29178 12528 37032 20880 20208 87534 21618 72954 10809
is_linear=0
shrinkage=0.08


Tree=51
num_leaves=15
num_cat=0
split_feature=5 12 0 0 0 12 12 0 0 6 0 12 0 12
split_gain=178.85 147.473 75.7883 75.1316 97.6519 71.5306 63.3665 36.5517 29.4886 47.1576 70.1496 30.7951 27.624 27.0815
threshold=42.711553493862681 1.1300000000000001 0.18421052631578952 0.51052631578947383 0.68947368421052646 0.52000000000000013 0.82000000000000017 0.97368421052631593 0.99473684210526325 29.893552987076848 0.87894736842105281 0.52000000000000013 0.7947368421052633 0.82000000000000017
decision_type=2 2 2 2 2 2 2 2 2 2 2 2 2 2
left_child=1 3 -3 -1 5 -5 -2 -4 9 10 -6 12 -11 -7
right_child=6 2 7 4 8 13 -8 -9 -10 11 -12 -13 -14 -15
leaf_value=-0.00016721752849963023 0.0086954117809816545 -0.00079188653818005 -0.00028217183547471161 0.0058707697849141385 0.0026598412114859651 0.0024490061065578586 0.0011078694922334975 -0.0013035879212108625 -0.0012828000178765598 0.0034349849379645293 0.00022241287188802029 -0.00032354720998498896 -0.00027096451990316517 0.00035059234189900758
leaf_weight=79344 2322 9720 38952 3957 2628 7914 3870 1620 1620 2505 11592 26625 2820 11871
leaf_count=79344 2322 9720 38952 3957 2628 7914 3870 1620 1620 2505 11592 26625 2820 11871
internal_value=-0.000445988 -0.000858188 -0.00460988 0.000392375 0.00227255 0.00646618 0.0129457 -0.00308982 0.000189161 0.000561404 0.00439381 -0.00114429 0.00440939 0.0045024
internal_weight=207360 201168 50292 150876 71532 23742 6192 40572 47790 46170 14220 31950 5325 19785
internal_count=207360 201168 50292 150876 71532 23742 6192 40572 47790 46170 14220 31950 5325 19785
is_linear=0
shrinkage=0.08


Tree=52
num_leaves=15
num_cat=0
split_feature=5 12 0 12 5 12 0 0 4 6 5 10 8 0
split_gain=160.695 126.516 68.2728 65.96 81.5754 59.3067 49.1176 29.2691 28.6681 25.7728 81.8899 57.5081 41.9719 25.186
threshold=42.711553493862681 1.1300000000000001 0.14210526315789476 0.52000000000000013 37.080025162268676 0.82000000000000017 0.16315789473684214 0.97368421052631593 1.0000000180025095e-35 30.133454156720713 32.039477502374993 1.0000000180025095e-35 0.17869468224528742 0.94210526315789489
decision_type=2 2 2 2 2 2 2 2 2 2 2 2 2 2
left_child=1 3 -3 4 13 -2 -5 8 -4 11 -11 12 -8 -1
right_child=5 2 7 6 -6 -7 9 -9 -10 10 -12 -13 -14 -15
leaf_value=0.00074211570731634428 0.0079997788385031219 -0.00080823133333549177 -0.00063295892446429524 -0.00040324871680351925 0.005720152378213275 0.0010192399328548163 -6.3918620446896666e-05 -0.0011993008875139921 -0.0001180743007878693 -0.00084518437509667704 0.00017230102147821835 0.0013668047451937994 0.00077604115463207894 -0.001411405950807323
leaf_weight=20424 2322 7560 13230 21600 3102 3870 29850 1620 27882 15255 45570 5040 8415 1620
leaf_count=20424 2322 7560 13230 21600 3102 3870 29850 1620 27882 15255 45570 5040 8415 1620
internal_value=-0.000407022 -0.000797741 -0.00427265 0.000360561 0.00410085 0.0122868 -0.000387497 -0.00303286 -0.00261724 0.000332661 -0.000729305 0.00182427 0.000766235 0.00239158
internal_weight=207360 201168 50292 150876 25146 6192 125730 42732 41112 104130 60825 43305 38265 22044
internal_count=207360 201168 50292 150876 25146 6192 125730 42732 41112 104130 60825 43305 38265 22044
is_linear=0
shrinkage=0.08


Tree=53
num_leaves=15
num_cat=0
split_feature=5 12 0 5 12 6 12 6 0 5 12 2 0 0
split_gain=144.256 114.037 84.3189 68.693 48.7782 42.5143 41.3016 38.9054 66.3037 57.3089 30.6295 31.9119 28.6004 33.0671
threshold=43.206043710636415 0.82000000000000017 0.36315789473684218 37.551528120246189 0.52000000000000013 28.910200617966371 0.82000000000000017 30.133454156720713 0.9526315789473685 31.309954464950597 1.1300000000000001 1.0000000180025095e-35 0.97368421052631593 0.51052631578947383
decision_type=2 2 2 2 2 2 2 2 2 2 2 2 2 2
left_child=1 3 5 12 -5 10 -2 8 -4 -9 -3 -12 13 -1
right_child=6 2 7 4 -6 -7 -8 9 -10 -11 11 -13 -14 -15
leaf_value=-5.580675215788311e-05 0.0080329147446182424 -0.00020265970191937432 0.00062698270410742611 0.0062180033534091454 0.0011655187565906733 -0.0011099954842387484 0.0013495211209155666 -0.00079077421662153034 -0.00036959985182521304 -6.9131538176980817e-05 -0.0008017664817163905 -0.00040942108026486234 -0.0013235741856488258 0.00086742825083798716
leaf_weight=38304 1737 25578 13170 2892 5784 4620 2895 9585 6180 50520 2454 14598 2430 26613
leaf_count=38304 1737 25578 13170 2892 5784 4620 2895 9585 6180 50520 2454 14598 2430 26613
internal_value=-0.000384259 -0.000703208 -0.00217292 0.00174631 0.00844629 -0.0048491 0.0135751 -0.000581461 0.0025385 -0.00158589 -0.00405911 -0.00668543 0.000883187 0.00120215
internal_weight=207360 202728 126705 76023 8676 47250 4632 79455 19350 60105 42630 17052 67347 64917
internal_count=207360 202728 126705 76023 8676 47250 4632 79455 19350 60105 42630 17052 67347 64917
is_linear=0
shrinkage=0.08


Tree=54
num_leaves=15
num_cat=0
split_feature=8 0 12 12 5 5 0 0 0 0 0 12 5 0
split_gain=125.318 152.259 106.812 68.9896 54.0526 37.7695 34.4415 33.8076 29.5343 24.209 23.4877 22.9656 20.7737 18.7244
threshold=0.018061979117841246 0.56315789473684219 0.82000000000000017 1.1300000000000001 30.126795513146089 43.472477216291004 0.67894736842105274 0.11052631578947369 0.37368421052631584 0.42631578947368426 0.068421052631578952 0.52000000000000013 40.665243647325205 0.99473684210526325
decision_type=2 2 2 2 2 2 2 2 2 2 2 2 2 2
left_child=3 4 5 10 9 11 -4 -5 -6 -2 -1 12 -3 -12
right_child=1 2 6 7 8 -7 -8 -9 -10 -11 13 -13 -14 -15
leaf_value=-0.00046114530027895561 0.00016642531984733643 0.0042079681967096506 0.00071213248412317577 -0.00077545688813898672 -0.0010514764076281558 0.0083196027085659461 -0.00023936714497246658 -0.00035600161325922698 -0.0002887131544479482 0.0015784119269676134 -3.9025113694179939e-05 0.0022208808980511653 0.012095326708609341 -0.0010955062541560246
leaf_weight=11340 19944 3369 14850 5940 4872 1314 7860 21786 32880 2424 70218 8208 735 1620
leaf_count=11340 19944 3369 14850 5940 4872 1314 7860 21786 32880 2424 70218 8208 735 1620
internal_value=-0.00033642 0.00177241 0.00586085 -0.00217053 -0.000698603 0.0114604 0.0025011 -0.00562649 -0.00254503 0.00241774 -0.00101854 0.0100845 0.0149708 -0.000484423
internal_weight=207360 96456 36336 110904 60120 13626 22710 27726 37752 22368 83178 12312 4104 71838
internal_count=207360 96456 36336 110904 60120 13626 22710 27726 37752 22368 83178 12312 4104 71838
is_linear=0
shrinkage=0.08


Tree=55
num_leaves=15
num_cat=0
split_feature=8 0 12 12 6 0 0 5 12 0 0 12 0 0
split_gain=111.069 150.936 79.8617 67.4376 50.5091 32.6381 29.5673 26.5707 23.7063 24.811 22.426 21.6077 20.3075 19.6299
threshold=0.097180122417125675 0.57368421052631591 0.82000000000000017 1.1300000000000001 29.630740933039878 0.11052631578947369 0.4578947368421053 43.774092683067259 0.52000000000000013 0.84736842105263166 0.66842105263157903 0.52000000000000013 0.42631578947368426 0.14210526315789476
decision_type=2 2 2 2 2 2 2 2 2 2 2 2 2 2
left_child=3 4 7 8 12 -5 -6 11 9 -1 -4 -3 -2 -10
right_child=1 2 10 5 6 -7 -8 -9 13 -11 -12 -13 -14 -15
leaf_value=0.0008728447019530661 0.00029975580096494483 0.0059484303654135304 0.00078288907042476817 -0.0007134203370878678 -0.00064996187303846488 -0.00032947269901584367 -2.1668962926524314e-06 0.0088301360227170198 -0.00035741336525254799 -0.00073881911277364322 -0.00016973928617009193 0.0025012321512764045 0.001816935233998911 -7.4642895300636167e-05
leaf_weight=11514 12912 3120 12150 5940 17784 25188 22968 936 18900 4050 5010 6240 1728 58920
leaf_count=11514 12912 3120 12150 5940 17784 25188 22968 936 18900 4050 5010 6240 1728 58920
internal_value=-0.000327932 0.00194187 0.00679196 -0.00183822 -0.000462161 -0.00506297 -0.00191009 0.0123621 -0.0007633 0.00208687 0.00344988 0.0110769 0.00356831 -0.00133333
internal_weight=207360 82848 27456 124512 55392 31128 40752 10296 93384 15564 17160 9360 14640 77820
internal_count=207360 82848 27456 124512 55392 31128 40752 10296 93384 15564 17160 9360 14640 77820
is_linear=0
shrinkage=0.08


Tree=56
num_leaves=15
num_cat=0
split_feature=5 12 5 12 0 12 0 0 0 4 2 6 5 10
split_gain=98.6678 80.6598 50.0587 58.9615 44.5193 28.9588 28.6575 42.823 27.1036 24.8476 26.3887 22.3818 52.4374 49.7308
threshold=43.206043710636415 1.1300000000000001 36.962993902686257 0.52000000000000013 0.1315789473684211 0.52000000000000013 0.52105263157894754 0.7210526315789475 0.08947368421052633 1.0000000180025095e-35 0.75000000000000011 30.133454156720713 31.36608248338133 1.0000000180025095e-35
decision_type=2 2 2 2 2 2 2 2 2 2 2 2 2 2
left_child=1 2 8 -4 -3 -2 -5 -8 -1 10 -6 13 -13 -10
right_child=5 4 3 6 9 -7 7 -9 11 -11 -12 12 -14 -15
leaf_value=-0.00035984059971221782 0.014023082282219974 -0.0006198983829293869 0.0046866474295817187 -0.00076295189955990497 -0.00074797925541914554 0.001770199679877198 0.0014894390254280056 -0.0004406824414035704 6.2470308145157194e-05 -0.00010871804039552902 6.3805695914525011e-05 -0.00084504842215952451 7.542194083906217e-05 0.0012176809009716827
leaf_weight=14580 579 7020 3399 3285 10392 4053 9345 4365 57258 29490 3780 12870 40896 6048
leaf_count=14580 579 7020 3399 3285 10392 4053 9345 4365 57258 29490 3780 12870 40896 6048
internal_value=-0.000301312 -0.000565092 0.000356208 0.00404433 -0.00332899 0.0112435 0.00212062 0.00372867 -0.000215113 -0.00237827 -0.00513124 0.000189969 -0.0010103 0.00120936
internal_weight=207360 202728 152046 20394 50682 4632 16995 13710 131652 43662 14172 117072 53766 63306
internal_count=207360 202728 152046 20394 50682 4632 16995 13710 131652 43662 14172 117072 53766 63306
is_linear=0
shrinkage=0.08


Tree=57
num_leaves=15
num_cat=0
split_feature=8 0 12 12 5 0 12 0 0 5 2 0 12 5
split_gain=87.6824 124.505 63.4726 53.7986 46.433 26.393 22.4621 22.2246 20.9333 20.2824 20.1688 18.2837 17.0526 16.2956
threshold=0.13255526571103443 0.57368421052631591 0.82000000000000017 1.1300000000000001 30.198147919139242 0.10000000000000002 0.52000000000000013 0.83684210526315794 0.4578947368421053 39.285585940039155 0.58333333333333337 0.98421052631578954 0.52000000000000013 38.158051999768823
decision_type=2 2 2 2 2 2 2 2 2 2 2 2 2 2
left_child=3 4 9 6 -2 -5 7 13 -6 -3 -8 -7 -11 -1
right_child=1 2 -4 5 8 11 10 -9 -10 12 -12 -13 -14 -15
leaf_value=0.00064468235329995238 0.00045726920570707822 0.0026745491424321165 0.00050043963923098291 -0.0006322597538971753 -0.00058937288690496419 -0.0002496812267594539 -9.4221407107752957e-06 -0.00066710899939910636 -3.4235658438737107e-05 0.012687182460516064 -0.00031984991167775199 -0.0011817625218868799 0.0040452230334899579 0.0051279770210496166
leaf_weight=11034 14088 6183 15435 5400 16368 25998 46935 4320 22296 1026 34260 1080 2052 885
leaf_count=11034 14088 6183 15435 5400 16368 25998 46935 4320 22296 1026 34260 1080 2052 885
internal_value=-0.000284722 0.00184588 0.00653385 -0.0015549 -0.000348802 -0.00437465 -0.00061498 0.00210111 -0.0017815 0.0117698 -0.0011582 -0.00335623 0.017076 0.00388288
internal_weight=207360 77448 24696 129912 52752 32478 97434 16239 38664 9261 81195 27078 3078 11919
internal_count=207360 77448 24696 129912 52752 32478 97434 16239 38664 9261 81195 27078 3078 11919
is_linear=0
shrinkage=0.08


Tree=58
num_leaves=15
num_cat=0
split_feature=6 12 5 12 0 2 0 0 0 0 6 5 10 6
split_gain=76.7982 63.7123 40.8701 43.9671 34.9608 28.4448 28.3636 23.7894 35.5343 22.8373 26.0817 45.2201 40.0667 22.2059
threshold=43.4760135641042 1.1300000000000001 36.962993902686257 0.52000000000000013 0.37368421052631584 1.0000000180025095e-35 0.85789473684210538 0.52105263157894754 0.7210526315789475 0.14210526315789476 30.133454156720713 31.309954464950597 1.0000000180025095e-35 28.965403878451799
decision_type=2 2 2 2 2 2 2 2 2 2 2 2 2 2
left_child=1 2 9 -4 5 -3 -6 -5 -9 -1 12 -12 -11 -8
right_child=-2 4 3 7 6 -7 13 8 -10 10 11 -13 -14 -15
leaf_value=-0.00027371257916975145 0.0024521253788583322 -0.00064471497858735959 0.0043626482789823661 -0.00067719442415370868 8.7006496963137902e-06 -0.00033155896265208985 -8.9448934348190792e-05 0.0013342815128031349 -0.0004056254426408046 9.6306517877857713e-05 -0.00079466715335203115 6.1290467058663369e-05 0.0011349239626314712 -0.00093560250966393086
leaf_weight=22680 3840 2808 3498 3330 23880 16632 3654 9810 4350 49158 12276 41490 6048 3906
leaf_count=22680 3840 2808 3498 3330 23880 16632 3654 9810 4350 49158 12276 41490 6048 3906
internal_value=-0.000270833 -0.000482311 0.000334906 0.00361349 -0.00293396 -0.00560082 -0.00128499 0.00197599 0.00340678 -0.000187768 0.000292919 -0.000961202 0.00151433 -0.00555556
internal_weight=207360 203520 152640 20988 50880 19440 31440 17490 14160 131652 108972 53766 55206 7560
internal_count=207360 203520 152640 20988 50880 19440 31440 17490 14160 131652 108972 53766 55206 7560
is_linear=0
shrinkage=0.08


Tree=59
num_leaves=15
num_cat=0
split_feature=5 12 0 5 6 6 0 0 12 0 0 0 6 6
split_gain=69.6536 58.0628 48.242 40.3804 38.8292 31.7381 48.6054 41.1291 29.5464 22.314 23.6403 36.5421 30.0129 25.319
threshold=43.774092683067259 0.82000000000000017 0.36315789473684218 39.438497622546237 28.910200617966371 30.133454156720713 0.88947368421052642 0.93157894736842117 0.52000000000000013 0.98421052631578954 0.51052631578947383 0.82631578947368434 29.893552987076848 29.893552987076848
decision_type=2 2 2 2 2 2 2 2 2 2 2 2 2 2
left_child=1 3 4 9 -3 6 -4 -7 -5 10 13 -12 -13 -1
right_child=-2 2 5 8 -6 7 -8 -9 -10 -11 11 12 -14 -15
leaf_value=0.00014895870995751626 0.0027771644727576429 -0.00021242772723185644 0.00077090643458340932 0.0063094871710863568 -0.00090056597244239981 -0.00011455994384540702 -8.6547637552838454e-05 -0.0014261553873656753 0.00099721406291464199 -0.0014274428117044024 0.001418169005054768 0.00077767899692585021 -0.00097748418164949951 -0.0010386754015090371
leaf_weight=29700 3096 42630 8445 1878 4620 59730 10905 1335 3756 1620 18063 5895 6246 9441
leaf_count=29700 3096 42630 8445 1878 4620 59730 10905 1335 3756 1620 18063 5895 6246 9441
internal_value=-0.000255787 -0.000436298 -0.00148106 0.00130498 -0.00350984 -0.000289001 0.00253437 -0.00118366 0.00782393 0.00078743 0.00100425 0.00268574 -0.000708344 -0.000293299
internal_weight=207360 204264 127665 76599 47250 80415 19350 61065 5634 70965 69345 30204 12141 39141
internal_count=207360 204264 127665 76599 47250 80415 19350 61065 5634 70965 69345 30204 12141 39141
is_linear=0
shrinkage=0.08


Tree=60
num_leaves=15
num_cat=0
split_feature=8 0 12 5 12 0 5 12 2 2 0 0 0 4
split_gain=62.777 89.2777 47.937 40.1837 35.8707 22.1974 17.3705 16.3816 21.1697 18.1381 15.7701 15.023 14.2598 13.6581
threshold=0.13255526571103443 0.57368421052631591 0.82000000000000017 30.198147919139242 1.1300000000000001 0.08947368421052633 43.774092683067259 0.52000000000000013 0.41666666666666669 0.58333333333333337 0.98421052631578954 0.4578947368421053 0.66842105263157903 1.0000000180025095e-35
decision_type=2 2 2 2 2 2 2 2 2 2 2 2 2 2
left_child=4 3 6 -2 7 -6 -3 8 -1 13 -7 -5 -4 -9
right_child=1 2 12 11 5 10 -8 9 -10 -11 -12 -13 -14 -15
leaf_value=-0.0002919931819313426 0.00040602804581796326 0.0027611053024066035 0.00060474621996982065 -0.0005076622165293476 -0.00056044008078913075 -0.00019421611743041247 0.0068112099244344113 0.00024224053796930269 0.0010210996031092367 -0.00028660024135129358 -0.0010449092168161611 -5.3916272733198767e-05 -0.00031269430255524087 -0.00011227374474056085
leaf_weight=7077 14088 8370 12135 16368 4860 26538 891 16110 9162 34260 1080 22296 3300 30825
leaf_count=7077 14088 8370 12135 16368 4860 26538 891 16110 9162 34260 1080 22296 3300 30825
internal_value=-0.000246142 0.00155666 0.0055264 -0.00030179 -0.00132089 -0.00362338 0.0100767 -0.0005534 0.00176612 -0.0010173 -0.00274604 -0.0016346 0.00279624 4.26121e-06
internal_weight=207360 77448 24696 52752 129912 32478 9261 97434 16239 81195 27618 38664 15435 46935
internal_count=207360 77448 24696 52752 129912 32478 9261 97434 16239 81195 27618 38664 15435 46935
is_linear=0
shrinkage=0.08


Tree=61
num_leaves=15
num_cat=0
split_feature=5 0 12 5 12 0 0 6 12 0 6 6 0 0
split_gain=56.7171 49.7902 38.8942 31.991 25.9411 21.9478 32.366 33.9617 19.0032 14.8724 33.0462 28.9514 47.7432 28.4778
threshold=44.146333004133396 0.14210526315789476 0.82000000000000017 40.864686643558088 0.52000000000000013 0.83684210526315794 0.52105263157894754 29.893552987076848 1.1300000000000001 0.36315789473684218 28.910200617966371 29.073574355030313 0.93157894736842117 0.9526315789473685
decision_type=2 2 2 2 2 2 2 2 2 2 2 2 2 2
left_child=1 8 3 5 -5 6 7 -3 -1 10 -4 13 -13 -11
right_child=-2 2 9 4 -6 -7 -8 -9 -10 11 -12 12 -14 -15
leaf_value=-0.00023218704152893068 0.0028595574511146716 0.00042549974092641384 -9.7703731130531764e-05 0.0075876898764092185 0.0010394760578477237 -0.00034092902541662975 0.0012665323834836516 -0.0008812560417233062 -0.00042596461537527941 0.00061832657803592153 -0.00075879917451405544 -5.7614917540331766e-05 -0.0010672513894347934 -0.00010820924707328317
leaf_weight=22680 2304 18414 24120 1278 2556 12960 19944 10404 7560 7320 4230 65610 2670 5310
leaf_count=22680 2304 18414 24120 1278 2556 12960 19944 10404 7560 7320 4230 65610 2670 5310
internal_value=-0.000224923 -0.000365169 0.000153304 0.00169382 0.00878456 0.00125336 0.00203109 0.000316469 -0.00336243 -0.000771005 -0.0023478 -0.000218514 -0.000869361 0.00330008
internal_weight=207360 205056 174816 65556 3834 61722 48762 28818 30240 109260 28350 80910 68280 12630
internal_count=207360 205056 174816 65556 3834 61722 48762 28818 30240 109260 28350 80910 68280 12630
is_linear=0
shrinkage=0.08


Tree=62
num_leaves=15
num_cat=0
split_feature=8 0 12 5 0 0 12 0 2 0 0 12 5 5
split_gain=48.9546 70.1934 36.3003 30.1695 28.4671 24.8655 20.0912 16.0633 14.8502 13.8046 13.0958 23.245 12.6311 12.3536
threshold=0.13255526571103443 0.58421052631578962 0.52000000000000013 30.126795513146089 0.068421052631578952 0.99473684210526325 0.52000000000000013 0.66842105263157903 0.41666666666666669 0.42631578947368426 0.52105263157894754 0.82000000000000017 39.285585940039155 30.126795513146089
decision_type=2 2 2 2 2 2 2 2 2 2 2 2 2 2
left_child=4 3 -3 9 -1 6 8 12 -6 -2 -5 -12 -4 -8
right_child=1 2 7 10 5 -7 13 -9 -10 -11 11 -13 -14 -15
leaf_value=-0.00039033913626486117 0.0002188199273528979 0.0050939756459266227 0.00059012848160921116 -0.00034652631933913993 -0.00016527281184013808 -0.0010239352089582332 -3.001928379125829e-05 -3.7929858081500178e-05 0.0010854662254354875 0.0012455185986150962 0.0015551932710362593 -0.00030053554914826196 0.0016835855150799173 -0.00028923201190447447
leaf_weight=15120 11376 2817 9933 28368 6141 2160 63315 4620 7938 2496 4752 7920 5166 35238
leaf_count=15120 11376 2817 9933 28368 6141 2160 63315 4620 7938 2496 4752 7920 5166 35238
internal_value=-0.000200617 0.00139139 0.00515087 -0.000151515 -0.0011497 -0.000719911 -0.000556858 0.00393732 0.00227005 0.00307382 -0.00124172 0.000896465 0.00520034 -0.000960701
internal_weight=207360 77448 22536 54912 129912 114792 112632 19719 14079 13872 41040 12672 15099 98553
internal_count=207360 77448 22536 54912 129912 114792 112632 19719 14079 13872 41040 12672 15099 98553
is_linear=0
shrinkage=0.08


Tree=63
num_leaves=15
num_cat=0
split_feature=0 0 0 12 0 6 0 0 12 2 6 4 12 5
split_gain=43.5821 44.0291 41.3394 31.4889 22.9838 32.7917 37.6369 33.8627 22.6329 25.1059 22.3907 17.5116 14.1548 14.0814
threshold=0.46842105263157902 0.68947368421052646 0.58421052631578962 0.52000000000000013 0.99473684210526325 29.893552987076848 0.93157894736842117 0.86842105263157909 1.1300000000000001 1.0000000180025095e-35 29.893552987076848 1.0000000180025095e-35 0.82000000000000017 35.937867084967699
decision_type=2 2 2 2 2 2 2 2 2 2 2 2 2 2
left_child=8 2 10 -4 5 7 -7 -3 13 11 -2 -10 -12 -1
right_child=1 4 3 -5 -6 6 -8 -9 9 -11 12 -13 -14 -15
leaf_value=-6.5699879775416034e-05 0.0020290641318886117 0.0014309443613223815 0.0051463710306279961 0.0007197615713717331 -0.00094202039224157604 -0.00011624142001695148 -0.0011834618536237041 0.00012326639403731799 -0.00072380772589597856 -0.00019843168923280529 0.00075803749954756589 -0.00036274621349789536 -0.00022949396233772567 -0.0012528816935728315
leaf_weight=70830 840 2856 2700 18900 2160 41256 2424 16104 1350 20790 8595 2160 14325 2070
leaf_count=70830 840 2856 2700 18900 2160 41256 2424 16104 1350 20790 8595 2160 14325 2070
internal_value=-0.000193287 0.000896151 0.00280776 0.00534074 -0.000441975 -0.000162197 -0.00136813 0.00261603 -0.00142798 -0.00354239 0.000505051 -0.00980057 3.4904e-05 -0.000723182
internal_weight=207360 110160 45360 21600 64800 62640 43680 18960 97200 24300 23760 3510 22920 72900
internal_count=207360 110160 45360 21600 64800 62640 43680 18960 97200 24300 23760 3510 22920 72900
is_linear=0
shrinkage=0.08


Tree=64
num_leaves=15
num_cat=0
split_feature=5 0 12 6 0 12 12 12 0 6 6 0 0 6
split_gain=41.7264 37.0569 26.4096 22.3057 18.3553 17.144 13.816 12.783 12.4933 28.8053 25.5233 35.2289 20.3611 11.6395
threshold=44.146333004133396 0.12105263157894738 0.82000000000000017 40.859985198652282 0.98421052631578954 0.52000000000000013 0.82000000000000017 1.1300000000000001 0.35263157894736846 28.910200617966371 29.073574355030313 0.93157894736842117 0.96315789473684221 29.893552987076848
decision_type=2 2 2 2 2 2 2 2 2 2 2 2 2 2
left_child=1 7 3 4 13 -5 -2 -1 9 -4 12 -12 -10 -3
right_child=6 2 8 5 -6 -7 -8 -9 10 -11 11 -13 -14 -15
leaf_value=-0.00021042994827710881 0.0063175498257018962 0.00045570381853956123 -9.4273077108990576e-05 0.0063345956045781195 -0.0012364406722913124 0.00085022683253895611 0.00094412054573144387 -0.00037770897116209512 0.00049487364148399489 -0.00074978564204545737 -5.1404830945525059e-05 -0.00091962739461153074 -0.00013922751168983892 7.6196205783034547e-05
leaf_weight=19440 864 26478 26250 1281 1620 2562 1440 6480 8820 3450 66360 2670 4410 35235
leaf_count=19440 864 26478 26250 1281 1620 2562 1440 6480 8820 3450 66360 2670 4410 35235
internal_value=-0.000185185 -0.000305478 0.000103608 0.00135763 0.000998532 0.00727557 0.0105208 -0.00313272 -0.000648803 -0.00205522 -0.000141016 -0.000757931 0.00307785 0.00121919
internal_weight=207360 205056 179136 67176 63333 3843 2304 25920 111960 29700 82260 69030 13230 61713
internal_count=207360 205056 179136 67176 63333 3843 2304 25920 111960 29700 82260 69030 13230 61713
is_linear=0
shrinkage=0.08


Tree=65
num_leaves=15
num_cat=0
split_feature=5 0 12 2 4 5 12 6 5 10 0 4 2 2
split_gain=37.4398 31.7449 22.3837 19.1837 24.9926 16.4157 21.9471 21.0529 34.1895 26.0885 17.6054 16.2692 16.054 25.3931
threshold=44.146333004133396 0.15263157894736842 1.1300000000000001 0.75000000000000011 1.0000000180025095e-35 37.187606278581413 0.52000000000000013 30.133454156720713 31.309954464950597 1.0000000180025095e-35 0.87894736842105281 0.13636363636363638 0.25000000000000006 1.0000000180025095e-35
decision_type=2 2 2 2 2 2 2 2 2 2 2 2 2 2
left_child=1 -1 5 4 -4 7 -7 9 -9 -3 -11 -5 13 -6
right_child=-2 2 3 11 12 6 -8 8 -10 10 -12 -13 -14 -15
leaf_value=-0.00022990276024329904 0.0023152023041370473 8.7335929609106967e-05 -0.00059144864699912979 0.00036211730119205086 -0.00023422155071865626 0.0034165775344063131 0.00028781356102411507 -0.00066551102367697903 4.5992081796417671e-05 0.0017450782053938729 0.00031443591844144026 -0.00030721696455779493 -0.00022764549490525754 0.0007369121825767566
leaf_weight=32400 2304 47538 10374 7656 3792 3486 17430 12276 42714 3060 2988 4374 13080 3888
leaf_count=32400 2304 47538 10374 7656 3792 3486 17430 12276 42714 3060 2988 4374 13080 3888
internal_value=-0.000175926 -0.000289872 0.000141321 -0.00143638 -0.00248474 0.000667223 0.00271945 0.000271883 -0.000827787 0.00140037 0.00634921 0.00127681 -0.000882466 0.00202083
internal_weight=207360 205056 172656 43164 31134 129492 20916 108576 54990 53586 6048 12030 20760 7680
internal_count=207360 205056 172656 43164 31134 129492 20916 108576 54990 53586 6048 12030 20760 7680
is_linear=0
shrinkage=0.08


Tree=66
num_leaves=15
num_cat=0
split_feature=8 0 12 6 0 0 12 0 0 2 12 2 2 12
split_gain=32.3795 50.2582 26.3497 24.6606 19.8334 17.3675 13.7428 13.7594 13.0391 12.1106 16.0973 13.7757 12.9738 14.1459
threshold=0.15696041524984508 0.58421052631578962 0.82000000000000017 29.630740933039878 0.05789473684210527 0.99473684210526325 0.52000000000000013 0.83684210526315794 0.42631578947368426 0.58333333333333337 0.82000000000000017 0.41666666666666669 0.75000000000000011 1.1300000000000001
decision_type=2 2 2 2 2 2 2 2 2 2 2 2 2 2
left_child=4 3 -3 8 -1 6 7 -6 -2 10 11 -8 13 -11
right_child=1 2 -4 -5 5 -7 9 -9 -10 12 -12 -13 -14 -15
leaf_value=-0.0003245268800022094 0.00023137276820508923 0.0025311261843671672 0.00032181407851653357 -0.00016347518180703568 0.00074992307280946418 -0.00083287693052922049 0.00015730162285455763 -0.00042966594499310062 0.0013564902332094508 -0.00029416363711765926 -7.8198426037454636e-05 0.0010153208594305375 -9.7087417535157708e-05 -0.00067887331917769413
leaf_weight=12960 9504 7875 13125 41952 10707 2160 12852 4050 1728 10485 42615 4194 28959 4194
leaf_count=12960 9504 7875 13125 41952 10707 2160 12852 4050 1728 10485 42615 4194 28959 4194
internal_value=-0.000169367 0.00117006 0.00448381 -0.000138387 -0.00091548 -0.000594929 -0.000464864 0.0018188 0.00319088 -0.000791102 -5.02841e-05 0.00202746 -0.00180393 -0.0037414
internal_weight=207360 74184 21000 53184 133176 120216 118056 14757 11232 103299 59661 17046 43638 14679
internal_count=207360 74184 21000 53184 133176 120216 118056 14757 11232 103299 59661 17046 43638 14679
is_linear=0
shrinkage=0.08


Tree=67
num_leaves=15
num_cat=0
split_feature=5 12 4 2 5 6 10 8 12 0 0 2 2 2
split_gain=30.9644 24.5225 24.6025 22.0397 18.0386 26.0728 31.8473 20.2604 18.7743 17.5115 16.2663 16.173 19.3261 15.1398
threshold=44.146333004133396 1.1300000000000001 1.0000000180025095e-35 0.75000000000000011 33.052244413820468 30.133454156720713 1.0000000180025095e-35 0.068529383742076885 0.52000000000000013 0.43684210526315798 0.87894736842105281 0.58333333333333337 0.91666666666666685 0.41666666666666669
decision_type=2 2 2 2 2 2 2 2 2 2 2 2 2 2
left_child=1 4 3 -3 5 6 7 -1 13 -9 -8 -10 -13 -6
right_child=-2 2 -4 -5 8 -7 10 9 11 -11 -12 12 -14 -15
leaf_value=-8.5469201728163299e-05 0.0021040530553729122 -0.00055067425265707291 -5.0464357693897901e-05 3.7242201126703732e-05 0.00025025069523795909 -0.00041164155789767069 0.0016117278230453592 0.00018237174876345908 0.00038201296246614724 0.0016962129555673756 0.00029629247870902601 -0.00043946187166403748 0.00064377643338907385 0.0030914644907955591
leaf_weight=56520 2304 12354 34422 4488 3363 26892 3060 13230 23145 2088 2988 12960 4740 4806
leaf_count=56520 2304 12354 34422 4488 3363 26892 3060 13230 23145 2088 2988 12960 4740 4806
internal_value=-0.000160108 -0.000263733 -0.00177903 -0.00428453 0.000241365 -0.000351219 0.000390314 -7.90668e-05 0.00150814 0.00250163 0.00596561 0.000807932 -0.00101243 0.00500918
internal_weight=207360 205056 51264 16842 153792 104778 77886 71838 49014 15318 6048 40845 17700 8169
internal_count=207360 205056 51264 16842 153792 104778 77886 71838 49014 15318 6048 40845 17700 8169
is_linear=0
shrinkage=0.08


Tree=68
num_leaves=15
num_cat=0
split_feature=0 0 12 0 6 0 0 5 0 6 0 0 0 6
split_gain=26.374 41.7485 34.8251 16.6368 22.1972 25.1726 24.0032 15.953 14.1079 15.6887 21.3051 20.9112 12.2623 11.7591
threshold=0.52105263157894754 0.67894736842105274 0.82000000000000017 0.99473684210526325 29.893552987076848 0.93157894736842117 0.86842105263157909 39.438497622546237 0.05789473684210527 29.893552987076848 0.33157894736842114 0.41578947368421054 0.59473684210526323 24.570416826029966
decision_type=2 2 2 2 2 2 2 2 2 2 2 2 2 2
left_child=8 2 7 4 6 -6 -3 -2 -1 11 -11 13 -4 -10
right_child=1 3 12 -5 5 -7 -8 -9 9 10 -12 -13 -14 -15
leaf_value=-0.00028877721414471091 0.0013226462928175842 0.0011477379800220388 -0.00016317278098874511 -0.00076080943370999911 -9.3476308218192191e-05 -0.00096493280305929967 0.00010633092551243006 0.0033379887504639428 -0.00014897976883412544 -0.0012469949267964809 -0.00027122868948155522 0.0010424822810996882 0.00041290664137638266 5.0868165953970036e-05
leaf_weight=12960 8307 2904 9450 2160 43368 2424 16104 3843 22200 1176 27480 2784 10800 41400
leaf_count=12960 8307 2904 9450 2160 43368 2424 16104 3843 22200 1176 27480 2784 10800 41400
internal_value=-0.000152392 0.000788245 0.00314568 -0.000352449 -0.000122222 -0.00107617 0.00217593 0.00653169 -0.00101778 -0.000680135 -0.00224456 -4.82044e-06 0.00111407 -0.000301887
internal_weight=207360 99360 32400 66960 64800 45792 19008 12150 108000 95040 28656 66384 20250 63600
internal_count=207360 99360 32400 66960 64800 45792 19008 12150 108000 95040 28656 66384 20250 63600
is_linear=0
shrinkage=0.08


Tree=69
num_leaves=15
num_cat=0
split_feature=5 12 4 2 5 0 0 12 2 2 12 4 12 4
split_gain=23.6508 20.834 21.3772 19.2148 14.8755 18.797 24.8355 13.2227 10.9641 14.0205 10.8206 10.6187 16.0553 24.1559
threshold=44.146333004133396 1.1300000000000001 1.0000000180025095e-35 0.75000000000000011 37.187606278581413 0.51052631578947383 0.70000000000000007 0.82000000000000017 0.58333333333333337 1.0000000180025095e-35 0.52000000000000013 1.0000000180025095e-35 0.52000000000000013 0.13636363636363638
decision_type=2 2 2 2 2 2 2 2 2 2 2 2 2 2
left_child=1 4 3 8 11 -6 10 -2 9 -3 -7 -1 13 -13
right_child=7 2 -4 -5 5 6 -8 -9 -10 -11 -12 12 -14 -15
leaf_value=0.00015018178715432652 0.0049992362154670199 -0.00057751397577639803 -4.2082604108408806e-05 4.106000395128984e-05 -0.0005714717782251944 0.0049415127133238899 -0.00013504477528162529 0.00051703765720938493 -0.00071702466598762011 -0.00032208966390953608 0.00092702228177934389 0.0010500462683702772 -0.00012496042632069272 -0.0003927227670242761
leaf_weight=41256 864 2760 34422 4488 3114 1908 6354 1440 2172 7422 9540 7785 76350 7485
leaf_count=41256 864 2760 34422 4488 3114 1908 6354 1440 2172 7422 9540 7785 76350 7485
internal_value=-0.000143519 -0.000234082 -0.00163077 -0.00396627 0.000231481 0.00221457 0.00321762 0.00791667 -0.00559495 -0.00449421 0.00544375 -8.06767e-05 -0.000560576 0.00180747
internal_weight=207360 205056 51264 16842 153792 20916 17802 2304 12354 10182 11448 132876 91620 15270
internal_count=207360 205056 51264 16842 153792 20916 17802 2304 12354 10182 11448 132876 91620 15270
is_linear=0
shrinkage=0.08


Tree=70
num_leaves=15
num_cat=0
split_feature=0 6 0 12 2 6 5 0 5 0 2 4 4 0
split_gain=20.9997 18.3672 16.6563 15.3415 19.3955 20.3539 16.032 39.5426 26.7007 14.277 13.8622 13.5371 12.9559 12.2262
threshold=0.12105263157894738 44.146333004133396 0.97368421052631593 0.52000000000000013 0.41666666666666669 41.460507496508605 30.126795513146089 0.33157894736842114 31.309954464950597 0.33157894736842114 0.25000000000000006 1.0000000180025095e-35 0.13636363636363638 0.87894736842105281
decision_type=2 2 2 2 2 2 2 2 2 2 2 2 2 2
left_child=-1 2 3 4 10 12 7 -5 -8 -10 11 -2 -6 -9
right_child=1 -3 -4 6 5 -7 8 13 9 -11 -12 -13 -14 -15
leaf_value=-0.00019261796958018886 -0.00062217644623104192 0.0016291161585161884 -0.0004158803324465077 -7.2200331737075628e-05 0.0014019965943512026 0.009108473925594893 -0.00049414181874691382 0.00056530029544767937 -0.0010405227117957149 -1.2241351356263586e-05 -0.0012747207293915253 0.0010155512940286649 2.3574545771456459e-05 0.00015252145447439247
leaf_weight=25920 2370 2304 6480 36603 7440 564 14175 14385 378 73941 3117 3840 4251 11592
leaf_count=25920 2370 2304 6480 36603 7440 564 14175 14385 378 73941 3117 3840 4251 11592
internal_value=-0.000144676 0.000159612 6.8328e-05 0.000217774 0.00221296 0.00430518 -6.72518e-05 0.000912752 -0.000760278 -0.000153393 -0.000536078 0.00164895 0.00358909 0.00329984
internal_weight=207360 181440 179136 172656 21582 12255 151074 62580 88494 74319 9327 6210 11691 25977
internal_count=207360 181440 179136 172656 21582 12255 151074 62580 88494 74319 9327 6210 11691 25977
is_linear=0
shrinkage=0.08


Tree=71
num_leaves=15
num_cat=0
split_feature=0 0 12 0 6 0 0 12 0 6 0 0 5 6
split_gain=19.5412 41.4438 23.629 12.2377 22.2923 18.5136 16.717 11.5345 10.9959 12.0267 20.1127 18.9342 9.98604 9.46517
threshold=0.55263157894736847 0.67894736842105274 0.82000000000000017 0.98421052631578954 29.893552987076848 0.92105263157894746 0.86842105263157909 1.1300000000000001 0.05789473684210527 29.893552987076848 0.33157894736842114 0.43684210526315798 24.589348502844064 29.073574355030313
decision_type=2 2 2 2 2 2 2 2 2 2 2 2 2 2
left_child=8 2 -2 4 6 -6 7 -3 13 11 -11 12 -10 -1
right_child=1 3 -4 -5 5 -7 -8 -9 9 10 -12 -13 -14 -15
leaf_value=-0.00020931254734198214 0.0019826420649496778 0.0016621100924290833 0.00023386132059860732 -0.00046045323771694459 -7.4091437775289929e-05 -0.0007431777183035471 0.00014570892818453141 -8.1570426486541334e-05 -0.00012614888951031022 -0.0010897957548914494 -0.00021300348908181554 0.0012528446790817727 5.4939755372055423e-05 -0.00093414381503114101
leaf_weight=12384 9720 2178 16200 4320 42456 3240 14040 726 21480 1176 33864 1824 43176 576
leaf_count=12384 9720 2178 16200 4320 42456 3240 14040 726 21480 1176 33864 1824 43176 576
internal_value=-0.00013696 0.000725237 0.00344136 -0.000326165 -4.21456e-05 -0.000961134 0.00243626 0.00796143 -0.000836478 -0.000556344 -0.00175571 7.58123e-05 -0.000150953 -0.00303086
internal_weight=207360 92880 25920 66960 62640 45696 16944 2904 114480 101520 35040 66480 64656 12960
internal_count=207360 92880 25920 66960 62640 45696 16944 2904 114480 101520 35040 66480 64656 12960
is_linear=0
shrinkage=0.08


Tree=72
num_leaves=15
num_cat=0
split_feature=12 5 4 12 2 2 4 12 4 2 2 12 12 6
split_gain=17.9542 23.1735 18.1028 16.2549 15.7455 11.2655 9.43871 17.4823 22.9901 10.7992 24.8559 25.1473 13.5506 10.476
threshold=1.1300000000000001 42.995005878057619 1.0000000180025095e-35 0.52000000000000013 0.75000000000000011 0.58333333333333337 1.0000000180025095e-35 0.52000000000000013 0.13636363636363638 0.58333333333333337 0.41666666666666669 0.82000000000000017 0.82000000000000017 21.85072539302897
decision_type=2 2 2 2 2 2 2 2 2 2 2 2 2 2
left_child=1 6 4 -3 5 -2 -1 8 -8 10 -9 -12 -11 -13
right_child=2 3 -4 -5 -6 -7 7 9 -10 12 11 13 -14 -15
leaf_value=0.00016316417696267128 -0.00037015203288510713 0.0082593981996016558 -2.9710513407801287e-05 0.00088866087901427358 3.780996168563422e-05 -0.00066891666015548418 0.0011320120431271485 -0.00011610383326124741 -0.0002426042871071621 -0.00089213574964990721 0.0015172843380557399 -0.00099974320499072187 -6.4708247849387665e-05 7.2125898430421833e-05
leaf_weight=49176 10368 678 34560 3390 4608 2304 8484 35370 8562 14844 5100 252 22266 7398
leaf_count=49176 10368 678 34560 3390 4608 2304 8484 35370 8562 14844 5100 252 22266 7398
internal_value=-0.000114969 0.000314815 -0.00140432 0.00627335 -0.00351852 -0.00497475 0.000154769 -0.000283155 0.00205561 -0.000750909 3.99002e-05 0.00306824 -0.00177634 0.00016732
internal_weight=207360 155520 51840 4068 17280 12672 151452 102276 17046 85230 48120 12750 37110 7650
internal_count=207360 155520 51840 4068 17280 12672 151452 102276 17046 85230 48120 12750 37110 7650
is_linear=0
shrinkage=0.08


Tree=73
num_leaves=15
num_cat=0
split_feature=0 0 6 12 5 6 0 6 0 0 0 0 0 4
split_gain=16.425 17.784 24.0757 16.7249 22.2678 16.4048 14.9446 14.6542 16.5429 13.1234 10.0738 20.1659 9.63133 9.53634
threshold=0.4578947368421053 0.94210526315789489 30.133454156720713 0.52000000000000013 42.711553493862681 29.893552987076848 0.84736842105263166 29.073574355030313 0.32105263157894742 0.32105263157894742 0.67894736842105274 0.59473684210526323 0.80526315789473701 0.13636363636363638
decision_type=2 2 2 2 2 2 2 2 2 2 2 2 2 2
left_child=7 2 6 4 12 -3 -2 8 -1 -9 11 -5 13 -4
right_child=1 5 3 10 -6 -7 -8 9 -10 -11 -12 -13 -14 -15
leaf_value=-7.2683633832915104e-05 0.0011290773701191448 -0.0001296464759631366 0.001789050149452276 -9.2781251544415971e-05 0.0072608935847320666 -0.0011459979116286356 0.00029667366659563932 -0.00070270376152963942 0.00031391147924033638 -0.00026983192814701741 -0.00012345277567593182 0.0005348718890410886 -0.0005282135426153367 -1.6162832709607501e-05
leaf_weight=64248 4344 11208 4965 23100 774 1752 8640 2712 8520 19560 37506 14973 2253 2805
leaf_count=64248 4344 11208 4965 23100 774 1752 8640 2712 8520 19560 37506 14973 2253 2805
internal_value=-0.000120756 0.000534188 0.000897746 0.00041493 0.00336019 -0.00225309 0.00410967 -0.000894781 -0.000345207 -0.00269037 -5.82172e-06 0.000910882 0.00235059 0.00368597
internal_weight=207360 112320 99360 86376 10797 12960 12984 95040 72768 22272 75579 38073 10023 7770
internal_count=207360 112320 99360 86376 10797 12960 12984 95040 72768 22272 75579 38073 10023 7770
is_linear=0
shrinkage=0.08


Tree=74
num_leaves=15
num_cat=0
split_feature=12 5 4 2 2 0 0 5 6 0 12 6 2 2
split_gain=14.9833 19.1531 15.6547 13.3588 10.4921 9.18761 21.4011 13.1567 11.7152 25.4759 9.19009 8.55651 14.7957 8.79835
threshold=1.1300000000000001 44.146333004133396 1.0000000180025095e-35 0.75000000000000011 0.58333333333333337 0.54210526315789487 0.66842105263157903 36.962993902686257 29.893552987076848 0.88947368421052642 0.82000000000000017 36.356927176852459 0.25000000000000006 0.41666666666666669
decision_type=2 2 2 2 2 2 2 2 2 2 2 2 2 2
left_child=1 5 3 4 11 -1 7 10 9 -8 -7 12 -2 -13
right_child=2 -3 -4 -5 -6 6 8 -9 -10 -11 -12 13 -14 -15
leaf_value=-4.8241903945147604e-05 -0.00049503227619836611 0.0024917326038934907 -2.559926844561744e-05 4.0653062214731642e-05 -0.00060841297025659882 0.0010863338400651302 0.0012423198030377235 0.0012778491880836242 -0.00012573363123796088 2.0870252637423814e-05 -0.00019454498851686708 0.00029689577499277588 -0.00019154815551990722 -0.001683851874015141
leaf_weight=84204 4320 1728 34560 4608 2304 4995 3222 8172 35604 12600 4995 1902 3924 222
leaf_count=84204 4320 1728 34560 4608 2304 4995 3222 8172 35604 12600 4995 1902 3924 222
internal_value=-0.000110725 0.000281893 -0.00128858 -0.00325463 -0.00459596 0.000187786 0.000867966 0.00322872 3.42239e-05 0.00184553 0.00128128 -0.0035108 -0.00467734 0.00101695
internal_weight=207360 155520 51840 17280 12672 153792 69588 18162 51426 15822 9990 10368 8244 2124
internal_count=207360 155520 51840 17280 12672 153792 69588 18162 51426 15822 9990 10368 8244 2124
is_linear=0
shrinkage=0.08


Tree=75
num_leaves=15
num_cat=0
split_feature=0 5 0 12 2 5 2 4 6 4 2 4 5 0
split_gain=13.338 12.1097 11.427 8.51653 19.6121 16.0136 13.8126 11.1498 12.3646 9.5901 13.624 9.40135 9.09101 25.4983
threshold=0.05789473684210527 44.574452998165263 0.99473684210526325 0.52000000000000013 0.41666666666666669 42.202470853007874 0.25000000000000006 1.0000000180025095e-35 21.85072539302897 0.13636363636363638 0.91666666666666685 1.0000000180025095e-35 30.126795513146089 0.33157894736842114
decision_type=2 2 2 2 2 2 2 2 2 2 2 2 2 2
left_child=-1 2 3 4 6 9 7 -2 -9 10 -6 -12 13 -5
right_child=1 -3 -4 12 5 -7 -8 8 -10 -11 11 -13 -14 -15
leaf_value=-0.00021239298416064756 -0.00063357009692348147 0.001896434421229043 -0.00060376253673616548 -5.9401825184828287e-05 0.0014942437594581916 0.0084215850431354159 -0.0013642228081018181 0.0017475640588619169 0.00059962575802354758 4.3080518804297084e-05 -0.0012886458871541873 0.00085375537973897409 -9.3914498796818799e-05 0.00025733752419732081
leaf_weight=12960 2625 1512 2160 47943 6270 453 3459 114 4110 4749 1005 1056 89313 29631
leaf_count=12960 2625 1512 2160 47943 6270 453 3459 114 4110 4749 1005 1056 89313 29631
internal_value=-0.000101466 6.41975e-05 8.29497e-06 7.38224e-05 0.00148819 0.00349073 -0.00114086 0.000940283 0.00348485 0.00297859 0.00461409 -0.00102863 -0.00012823 0.000505324
internal_weight=207360 194400 192888 190728 23841 13533 10308 6849 4224 13080 8331 2061 166887 77574
internal_count=207360 194400 192888 190728 23841 13533 10308 6849 4224 13080 8331 2061 166887 77574
is_linear=0
shrinkage=0.08


Tree=76
num_leaves=15
num_cat=0
split_feature=12 5 4 2 2 4 12 4 6 2 5 6 5 2
split_gain=11.9368 14.5147 13.0232 11.0611 9.40931 8.26712 13.2237 17.826 12.2004 9.50948 19.9836 13.8624 11.4206 9.04307
threshold=1.1300000000000001 44.146333004133396 1.0000000180025095e-35 0.75000000000000011 0.58333333333333337 1.0000000180025095e-35 0.52000000000000013 0.13636363636363638 36.770295214227737 0.91666666666666685 35.482384960949723 21.449489906984386 38.780387115444604 0.25000000000000006
decision_type=2 2 2 2 2 2 2 2 2 2 2 2 2 2
left_child=1 5 3 4 -2 13 7 8 -7 11 -11 -9 -13 -1
right_child=2 -3 -4 -5 -6 6 -8 9 -10 10 -12 12 -14 -15
leaf_value=0.00037088642235159506 -0.00030173287225844004 0.0021635866427614659 -2.1068417740532919e-05 3.2526224615201384e-05 -0.00055744077235694964 0.00072419179221000724 -7.9999388700597863e-05 0.0014242882918700506 0.0047100630457763163 0.0018352841268527299 -0.0035990529559737183 -0.00074583714490188417 0.004488818752442736 3.5914116714397264e-05
leaf_weight=16920 10368 1728 34560 4608 2304 7716 86055 165 903 1062 90 6627 648 33606
leaf_count=16920 10368 1728 34560 4608 2304 7716 86055 165 903 1062 90 6627 648 33606
internal_value=-9.52932e-05 0.000255144 -0.0011466 -0.00293981 -0.00416035 0.000173221 -0.000237058 0.00178723 0.00435781 -0.000791434 0.00597222 -0.00183871 -0.00235876 0.00101176
internal_weight=207360 155520 51840 17280 12672 153792 103266 17211 8619 8592 1152 7440 7275 50526
internal_count=207360 155520 51840 17280 12672 153792 103266 17211 8619 8592 1152 7440 7275 50526
is_linear=0
shrinkage=0.08


Tree=77
num_leaves=15
num_cat=0
split_feature=0 0 0 0 5 12 0 5 6 6 5 0 6 6
split_gain=11.1092 12.1359 11.88 20.4542 17.6997 14.9075 11.8689 11.8146 11.77 10.092 17.1167 14.1751 8.02449 7.9485
threshold=0.04736842105263158 0.96315789473684221 0.55263157894736847 0.66842105263157903 30.126795513146089 0.82000000000000017 0.86842105263157909 30.769859431460102 28.965403878451799 30.133454156720713 31.23379742612536 0.43684210526315798 29.237270527121321 28.910200617966371
decision_type=2 2 2 2 2 2 2 2 2 2 2 2 2 2
left_child=12 2 9 5 6 -4 -5 -6 -3 11 -11 -2 -1 -8
right_child=1 8 3 4 7 -7 13 -9 -10 10 -12 -13 -14 -15
leaf_value=-0.0001811837972650976 -4.9464396028442437e-06 -0.00014813382104279072 0.0016262449043121397 0.00078046732866742462 -0.00058320728624908333 0.00018589564772187206 0.00030952641702293839 -4.2960775700602305e-05 -0.00088037138015864438 -0.00081110331786203636 -0.00012855043827092238 0.00096108396799617698 -0.0010091139768221736 -0.00017974863562863374
leaf_weight=10464 67752 6864 8910 4344 4032 14850 7224 40032 1776 4416 29184 2328 336 4848
leaf_count=10464 67752 6864 8910 4344 4032 14850 7224 40032 1776 4416 29184 2328 336 4848
internal_value=-9.45216e-05 4.2735e-05 0.000177522 0.000883191 0.000101852 0.00287205 0.00234405 -0.000733479 -0.00288889 -0.000395833 -0.00153571 0.000150685 -0.00259259 0.00105368
internal_weight=207360 196560 187920 84240 60480 23760 16416 44064 8640 103680 33600 70080 10800 12072
internal_count=207360 196560 187920 84240 60480 23760 16416 44064 8640 103680 33600 70080 10800 12072
is_linear=0
shrinkage=0.08


Tree=78
num_leaves=15
num_cat=0
split_feature=5 0 0 0 6 12 6 0 5 2 2 12 12 4
split_gain=11.0129 9.9098 11.4858 15.5331 13.1451 11.2596 11.045 9.05211 7.97601 6.87038 16.3882 12.8456 8.995 8.94906
threshold=45.349083655819506 0.97368421052631593 0.55263157894736847 0.65789473684210542 28.910200617966371 0.52000000000000013 29.893552987076848 0.91052631578947374 30.126795513146089 1.0000000180025095e-35 0.25000000000000006 0.82000000000000017 1.1300000000000001 1.0000000180025095e-35
decision_type=2 2 2 2 2 2 2 2 2 2 2 2 2 2
left_child=1 2 9 5 -5 -4 -3 8 -6 12 11 -11 13 -1
right_child=-2 6 3 4 7 -7 -8 -9 -10 10 -12 -13 -14 -15
leaf_value=0.00022936133245962331 0.0023662685906773542 -0.00024461490840702813 0.0026575274279464801 0.00030465953357359908 0.00034763004149962029 0.00031366892158111174 -0.0014945228113725517 -0.00038636356200036918 -5.6958494282175478e-05 -9.860743261589367e-05 -8.5696230402394497e-05 0.00031427704984347658 -0.00031141390586789222 -0.00033176496910606977
leaf_weight=4770 768 6048 2631 9480 5520 18417 432 6312 43272 6201 81408 10335 4134 7632
leaf_count=4770 768 6048 2631 9480 5520 18417 432 6312 43272 6201 81408 10335 4134 7632
internal_value=-8.29475e-05 -0.000118494 -1.87895e-05 0.000681988 6.68896e-05 0.00256937 -0.00319753 -0.000406504 -3.77111e-05 -0.000542977 -0.000288328 0.00200774 -0.00205128 -0.000974036
internal_weight=207360 206592 200112 85632 64584 21048 6480 55104 48792 114480 97944 16536 16536 12402
internal_count=207360 206592 200112 85632 64584 21048 6480 55104 48792 114480 97944 16536 16536 12402
is_linear=0
shrinkage=0.08


Tree=79
num_leaves=15
num_cat=0
split_feature=0 0 0 12 6 0 0 6 6 0 0 0 12 6
split_gain=9.28182 9.43008 16.6496 12.1625 9.1279 12.0752 8.30459 7.223 6.64199 20.7186 14.4232 7.66642 6.04598 9.73254
threshold=0.99473684210526325 0.55263157894736847 0.66842105263157903 0.82000000000000017 28.910200617966371 0.93157894736842117 0.88947368421052642 44.146333004133396 29.893552987076848 0.33157894736842114 0.43684210526315798 0.15263157894736842 0.82000000000000017 28.910200617966371
decision_type=2 2 2 2 2 2 2 2 2 2 2 2 2 2
left_child=1 8 3 7 6 -6 -4 -3 10 -10 11 -1 -13 -14
right_child=-2 2 4 -5 5 -7 -8 -9 9 -11 -12 12 13 -15
leaf_value=-0.00010457602167553315 -0.00049877844344921264 0.0012473880749316812 0.00087845488952679627 0.00014593048217763195 -2.1167038740141919e-05 -0.00049662127925257813 0.00011025139861831513 0.0037831067595662307 -0.00097952506332931182 -0.00016238931296712613 0.0010194727436073369 0.00028707264621289144 1.8250523300586962e-05 -0.00037035767714918235
leaf_weight=32304 2160 8325 1584 14850 49512 4488 11376 585 1272 33864 1824 16956 24795 3465
leaf_count=32304 2160 8325 1584 14850 49512 4488 11376 585 1272 33864 1824 16956 24795 3465
internal_value=-7.94753e-05 -2.45614e-05 0.000584656 0.00240404 -6.09319e-05 -0.000518519 0.00184568 0.00474074 -0.000507338 -0.00142304 -0.000101835 -0.000267286 0.000405166 -0.000311394
internal_weight=207360 205200 90720 23760 66960 54000 12960 8910 114480 35136 79344 77520 45216 28260
internal_count=207360 205200 90720 23760 66960 54000 12960 8910 114480 35136 79344 77520 45216 28260
is_linear=0
shrinkage=0.08


Tree=80
num_leaves=15
num_cat=0
split_feature=0 0 6 5 5 6 0 0 12 12 5 5 5 2
split_gain=8.28723 8.4199 7.46919 7.18688 6.5349 11.4215 12.2766 13.0731 8.69251 8.33344 13.1206 8.46768 8.80524 8.36302
threshold=0.99473684210526325 0.036842105263157905 29.237270527121321 45.349083655819506 24.589348502844064 28.910200617966371 0.37368421052631584 0.91052631578947374 1.1300000000000001 0.52000000000000013 42.711553493862681 30.126795513146089 30.842728330846704 0.41666666666666669
decision_type=2 2 2 2 2 2 2 2 2 2 2 2 2 2
left_child=1 2 -1 4 -3 -6 8 9 -7 10 13 -11 -13 -8
right_child=-2 3 -4 -5 5 6 7 -9 -10 11 -12 12 -14 -15
leaf_value=-0.00017468483677395951 -0.00045887616797327672 -9.0973650242930367e-05 -0.00091660442882520951 0.0019818257407059293 0.00011936307973747562 -0.00017590161013926188 -0.00022315049611552952 -0.00039509033719228317 -0.00052480592731543152 0.00032236121086162142 0.0049877968778026457 -0.0004267828718214384 -4.764337282905373e-06 0.0012112934856934833
leaf_weight=8328 2160 24096 312 768 52632 6192 5217 7152 2064 7770 678 6006 76923 7062
leaf_count=8328 2160 24096 312 768 52632 6192 5217 7152 2064 7770 678 6006 76923 7062
internal_value=-7.06019e-05 -1.87135e-05 -0.00246296 8.87261e-05 5.84294e-05 0.000231572 -0.000202244 1.94932e-05 -0.00317829 0.000247743 0.00214556 -2.3374e-05 -0.000259981 0.00154736
internal_weight=207360 205200 8640 196560 195792 171696 119064 110808 8256 103656 12957 90699 82929 12279
internal_count=207360 205200 8640 196560 195792 171696 119064 110808 8256 103656 12957 90699 82929 12279
is_linear=0
shrinkage=0.08


Tree=81
num_leaves=15
num_cat=0
split_feature=12 4 5 2 2 2 6 4 12 4 5 2 2 2
split_gain=7.80158 10.0741 9.59913 9.13891 8.12591 9.75656 16.3182 7.35555 9.04336 15.1374 9.05887 9.10945 8.70545 23.6634
threshold=1.1300000000000001 1.0000000180025095e-35 44.574452998165263 0.75000000000000011 0.41666666666666669 0.25000000000000006 36.881242085403464 1.0000000180025095e-35 0.52000000000000013 0.13636363636363638 37.187606278581413 0.25000000000000006 0.58333333333333337 0.41666666666666669
decision_type=2 2 2 2 2 2 2 2 2 2 2 2 2 2
left_child=2 3 7 4 5 6 -2 -1 9 10 -9 -12 13 -10
right_child=1 -3 -4 -5 -6 -7 -8 8 12 -11 11 -13 -14 -15
leaf_value=0.00014570696432090636 -0.00040919516956212655 -1.0208058384140183e-05 0.002449258213631129 5.0328946494458964e-05 -0.00055248412064651926 0.00038380823019089404 0.00039876923076096474 0.00065233695980282391 -9.8640177352087298e-05 -0.00022104328659503292 -0.0013308286229870704 0.0050312297575046475 -0.00019680384422057662 0.00035884252757830028
leaf_weight=51012 4470 34560 1134 4608 4608 2304 1290 7785 35760 8592 111 741 37440 12945
leaf_count=51012 4470 34560 1134 4608 4608 2304 1290 7785 35760 8592 111 741 37440 12945
internal_value=-6.8287e-05 -0.00091821 0.000215021 -0.00249537 -0.0036048 -0.00207341 -0.00383333 0.000161155 -0.000226749 0.0014464 0.00381151 0.0116432 -0.000561379 0.000143722
internal_weight=207360 51840 155520 17280 12672 8064 5760 154386 103374 17229 8637 852 86145 48705
internal_count=207360 51840 155520 17280 12672 8064 5760 154386 103374 17229 8637 852 86145 48705
is_linear=0
shrinkage=0.08


Tree=82
num_leaves=15
num_cat=0
split_feature=0 6 0 0 6 0 12 12 0 12 6 2 12 2
split_gain=7.33366 9.04802 8.97953 19.0954 10.5782 8.17642 6.95544 6.31142 6.08479 7.40204 5.20676 4.95701 4.91156 4.89412
threshold=0.97368421052631593 29.893552987076848 0.58421052631578962 0.65789473684210542 29.893552987076848 0.84736842105263166 0.52000000000000013 0.82000000000000017 0.91052631578947374 1.1300000000000001 42.708069004206884 0.58333333333333337 0.52000000000000013 0.58333333333333337
decision_type=2 2 2 2 2 2 2 2 2 2 2 2 2 2
left_child=2 12 13 6 5 7 10 -5 -6 -10 -4 -12 -2 -1
right_child=1 -3 3 4 8 -7 -8 -9 9 -11 11 -13 -14 -15
leaf_value=3.5590255217521351e-06 -0.0013806642123605384 -0.0012834959959112679 0.0022804531113103546 0.0027847938297939656 -2.8149775765973217e-05 0.00013930126363831397 0.00042552679286679497 0.00025733874931725074 -0.00020076429974065892 -0.00093000073897095078 0.0027176728231418147 0.011356594776246355 -0.00011360910054787787 -0.00011794114247332121
leaf_weight=69888 756 432 1569 729 45648 13128 13230 1215 3060 1020 186 135 5292 51072
leaf_count=69888 756 432 1569 729 45648 13128 13230 1215 3060 1020 186 135 5292 51072
internal_value=-5.4784e-05 -0.0027037 3.06651e-05 0.000688689 9.1358e-05 0.00194798 0.00324868 0.00679012 -0.000471364 -0.00343137 0.00778836 0.0170717 -0.00190476 -0.000404101
internal_weight=207360 6480 200880 79920 64800 15072 15120 1944 49728 4080 1890 321 6048 120960
internal_count=207360 6480 200880 79920 64800 15072 15120 1944 49728 4080 1890 321 6048 120960
is_linear=0
shrinkage=0.08


Tree=83
num_leaves=15
num_cat=0
split_feature=0 0 6 5 5 5 0 2 2 12 5 2 12 12
split_gain=6.44911 6.8173 7.80323 5.74427 5.94199 19.6032 13.8572 8.30647 9.56375 11.9681 11.8352 9.56704 7.19087 7.86502
threshold=0.068421052631578952 0.96315789473684221 28.965403878451799 45.349083655819506 30.126795513146089 31.104159062374205 0.32105263157894742 0.91666666666666685 0.25000000000000006 0.52000000000000013 38.626911563733323 0.41666666666666669 0.52000000000000013 0.82000000000000017
decision_type=2 2 2 2 2 2 2 2 2 2 2 2 2 2
left_child=-1 3 -3 4 6 -6 -2 8 -7 10 11 -10 -8 -14
right_child=1 2 -4 -5 5 7 12 -9 9 -11 -12 -13 13 -15
leaf_value=-0.00014829288113636042 -1.2687475074775189e-05 -0.00010189322964874182 -0.00064521854119894419 0.0018192780252089503 -0.00042158975229690033 0.00015872065202724884 -0.00023638141987002205 0.00040223549309341687 -0.0023401211016384504 -0.00018255150044985236 0.0042667497140971558 0.00087913587612302284 0.0009764658015357419 0.0001566644452313093
leaf_weight=15120 50904 6864 1776 768 13656 26928 3678 10872 1002 44667 1620 3759 7356 18390
leaf_count=15120 50904 6864 1776 768 13656 26928 3678 10872 1002 44667 1620 3759 7356 18390
internal_value=-4.93827e-05 7.57387e-05 -0.00212037 0.000179085 0.000150083 -0.000253649 0.000665272 0.000180083 -0.000108751 -0.000752233 0.00248864 0.000478891 0.00204731 0.00252
internal_weight=207360 192240 8640 183600 182832 102504 80328 88848 77976 51048 6381 4761 29424 25746
internal_count=207360 192240 8640 183600 182832 102504 80328 88848 77976 51048 6381 4761 29424 25746
is_linear=0
shrinkage=0.08


Tree=84
num_leaves=15
num_cat=0
split_feature=12 2 2 4 5 4 4 2 2 6 8 5 2 6
split_gain=5.7909 8.45627 15.8978 14.3452 18.5373 12.1747 11.7668 10.0071 21.0157 10.1974 9.8114 8.52354 8.06417 7.44313
threshold=1.1300000000000001 0.75000000000000011 0.58333333333333337 0.13636363636363638 22.654045859150042 1.0000000180025095e-35 0.13636363636363638 1.0000000180025095e-35 0.25000000000000006 28.965403878451799 0.47727493093781997 35.209931901520839 0.41666666666666669 44.146333004133396
decision_type=2 2 2 2 2 2 2 2 2 2 2 2 2 2
left_child=13 2 6 4 -3 -6 -2 -8 -9 12 -7 -4 -10 -1
right_child=1 3 11 -5 5 10 7 8 9 -11 -12 -13 -14 -15
leaf_value=1.8829997647524798e-05 -0.00014126472282878998 -0.00068120110290937903 -0.00050376631292529787 -0.00027506330462912177 6.5848278586909669e-05 0.00055915233159310241 -0.00018264919596591822 0.0012492574588219185 1.1257962919443143e-05 -0.00025172737188042585 0.0025058452509792353 -0.00013668916316343039 0.0004889727440041447 0.0015862434407462002
leaf_weight=153792 20736 594 5076 5184 4386 4026 2304 2304 1080 2730 210 2412 798 1728
leaf_count=153792 20736 594 5076 5184 4386 4026 2304 2304 1080 2730 210 2412 798 1728
internal_value=-4.86111e-05 -0.000780864 -0.00141453 0.000866667 0.00276042 0.00370216 -0.000590278 0.00178819 0.00331019 0.000190972 0.0067611 -0.00471154 0.00472843 0.000195473
internal_weight=207360 51840 37440 14400 9216 8622 29952 9216 6912 4608 4236 7488 1878 155520
internal_count=207360 51840 37440 14400 9216 8622 29952 9216 6912 4608 4236 7488 1878 155520
is_linear=0
shrinkage=0.08


Tree=85
num_leaves=15
num_cat=0
split_feature=0 0 6 6 0 5 5 2 2 12 6 2 8 4
split_gain=5.72749 6.05578 5.16786 5.09574 16.0039 10.8003 8.25095 6.32311 7.84866 9.83818 10.2737 8.70912 6.65535 6.15435
threshold=0.99473684210526325 0.10000000000000002 29.073574355030313 29.893552987076848 0.3421052631578948 31.309954464950597 25.876686167607698 0.91666666666666685 0.25000000000000006 0.52000000000000013 39.285585940039155 0.41666666666666669 0.63559770414375094 0.13636363636363638
decision_type=2 2 2 2 2 2 2 2 2 2 2 2 2 2
left_child=1 2 -1 6 -5 -6 -3 8 12 10 11 -10 -7 -9
right_child=-2 3 -4 4 5 7 -8 13 9 -11 -12 -13 -14 -15
leaf_value=-9.3858241570206054e-05 -0.00036460869695745582 -3.9772745900654716e-05 -0.00064311193098293921 -0.00068525833282547801 -0.00024320857719653199 0.00024600988529821955 0.00013629523226263096 0.00016213314961396996 -0.0023051372621238644 -0.00015088315877053837 0.0047962306601763063 0.00090288232264426507 -0.0004261064789743285 0.0011115064407937437
leaf_weight=21024 2160 28608 576 1656 18480 22872 48384 7872 987 43344 1395 3810 3456 2736
leaf_count=21024 2160 28608 576 1656 18480 22872 48384 7872 987 43344 1395 3810 3456 2736
internal_value=-5.01543e-05 -7.01754e-06 -0.00127407 0.000142048 -0.000216119 -9.29949e-05 0.000637988 0.000282172 2.6363e-05 -0.00056686 0.00241602 0.000658745 0.00114251 0.00211161
internal_weight=207360 205200 21600 183600 106608 104952 76992 86472 75864 49536 6192 4797 26328 10608
internal_count=207360 205200 21600 183600 106608 104952 76992 86472 75864 49536 6192 4797 26328 10608
is_linear=0
shrinkage=0.08


Tree=86
num_leaves=15
num_cat=0
split_feature=0 0 0 5 5 0 12 6 5 12 2 2 12 12
split_gain=5.68751 8.3237 13.5301 10.7243 8.09268 6.96437 5.46194 5.34492 4.88133 4.70374 4.43878 11.741 10.0137 6.73146
threshold=0.94210526315789489 0.58421052631578962 0.65789473684210542 30.126795513146089 29.130551400623151 0.84736842105263166 0.82000000000000017 29.176490495628233 30.71957033814644 0.52000000000000013 1.0000000180025095e-35 0.25000000000000006 0.82000000000000017 0.52000000000000013
decision_type=2 2 2 2 2 2 2 2 2 2 2 2 2 2
left_child=1 10 6 5 9 -4 -3 -7 -5 -2 -1 12 13 -12
right_child=4 2 3 8 -6 7 -8 -9 -10 -11 11 -13 -14 -15
leaf_value=-0.00015209920867479632 -0.00094682849689709414 0.0014705664853116485 0.00074336217386395732 -0.00041288713307421123 -0.00065043067887843981 0.00030854433165312001 0.00025134871730934092 -0.00011807276648160281 -2.3775946642285995e-05 -9.2213340507418803e-06 0.00046476672954914199 -6.0582914297737655e-05 0.00028263314086415028 -0.00032896838222044037
leaf_weight=17472 1326 5670 3072 3456 2352 5952 9450 3720 42120 9282 2184 86016 10920 4368
leaf_count=17472 1326 5670 3072 3456 2352 5952 9450 3720 42120 9282 2184 86016 10920 4368
internal_value=-5.01543e-05 5.80247e-05 0.000729847 0.000176955 -0.00167284 0.0022285 0.00286243 0.00117452 -0.0003967 -0.000731523 -0.000349868 -0.000150742 0.00173993 -0.000732601
internal_weight=207360 194400 73440 58320 12960 12744 15120 9672 45576 10608 120960 103488 17472 6552
internal_count=207360 194400 73440 58320 12960 12744 15120 9672 45576 10608 120960 103488 17472 6552
is_linear=0
shrinkage=0.08


Tree=87
num_leaves=15
num_cat=0
split_feature=0 6 0 0 5 0 5 6 0 0 5 2 2 4
split_gain=4.85765 7.79631 5.65095 12.3055 6.80703 8.08126 5.81042 4.44057 13.2027 10.2453 5.41556 4.71458 9.0135 5.89256
threshold=0.97368421052631593 29.893552987076848 0.58421052631578962 0.65789473684210542 30.126795513146089 0.84736842105263166 30.662625000374653 29.960999727822102 0.32105263157894742 0.41578947368421054 31.715160095496323 1.0000000180025095e-35 0.25000000000000006 1.0000000180025095e-35
decision_type=2 2 2 2 2 2 2 2 2 2 2 2 2 2
left_child=2 -2 7 -4 5 -5 -6 9 -9 11 -10 13 -13 -1
right_child=1 -3 3 4 6 -7 -8 8 10 -11 -12 12 -14 -15
leaf_value=6.6374109862712418e-05 -0.00014083795224254292 -0.0010421384708511573 0.0004723641493992714 0.0006838931999548414 -0.00043316497541326496 6.3914400597691045e-05 -2.8486804247696009e-05 -0.00089392989664254245 -0.00039560783485811159 0.00065558656592677343 -4.666935564309416e-05 0.00018315212638838951 -3.3962305939641003e-05 -0.00031203464998956877
leaf_weight=3912 6048 432 15120 3072 3408 15360 42960 816 7872 3120 32520 11184 54576 6960
leaf_count=3912 6048 432 15120 3072 3408 15360 42960 816 7872 3120 32520 11184 54576 6960
internal_value=-5.40123e-05 -0.00220988 1.55317e-05 0.000537538 5.80247e-05 0.00135851 -0.000458937 -0.000329365 -0.00100369 1.90591e-05 -0.000800158 -0.0001639 9.12409e-05 -0.00170714
internal_weight=207360 6480 200880 79920 64800 18432 46368 120960 41208 79752 40392 76632 65760 10872
internal_count=207360 6480 200880 79920 64800 18432 46368 120960 41208 79752 40392 76632 65760 10872
is_linear=0
shrinkage=0.08


Tree=88
num_leaves=15
num_cat=0
split_feature=12 2 2 4 5 4 8 4 0 0 5 2 2 6
split_gain=4.99075 7.38963 13.731 12.323 13.6246 10.2555 10.5047 9.22561 8.61647 8.91599 7.77631 7.45501 14.9758 9.11442
threshold=1.1300000000000001 0.75000000000000011 0.58333333333333337 0.13636363636363638 22.654045859150042 1.0000000180025095e-35 0.47727493093781997 0.13636363636363638 0.88947368421052642 0.40526315789473694 29.628738005555686 1.0000000180025095e-35 0.25000000000000006 28.965403878451799
decision_type=2 2 2 2 2 2 2 2 2 2 2 2 2 2
left_child=-1 2 7 4 -3 -6 -7 -2 9 -4 -10 -9 -13 -14
right_child=1 3 8 -5 5 6 -8 11 10 -11 -12 12 13 -15
leaf_value=2.3880304076038249e-05 -0.00013174998255566895 -0.00061595957738558749 -0.000399795533298557 -0.00025773126530599156 6.538524241172295e-05 0.00051381767684428154 0.0022991599554390519 -0.00014416211607364726 -0.00043569855085443313 -0.00010796971080123452 -0.0014640897246247064 0.0011173992802347955 0.00017254849613623335 -0.00020743714666602743
leaf_weight=155520 20736 594 3042 5184 4386 4026 210 2304 492 3588 366 2304 1878 2730
leaf_count=155520 20736 594 3042 5184 4386 4026 210 2304 492 3588 366 2304 1878 2730
internal_value=-5.4784e-05 -0.000734568 -0.00132692 0.000805556 0.00256076 0.00336813 0.00617564 -0.000560897 -0.00439103 -0.00341478 -0.0119347 0.00154514 0.0028588 0.000225694
internal_weight=207360 51840 37440 14400 9216 8622 4236 29952 7488 6630 858 9216 6912 4608
internal_count=207360 51840 37440 14400 9216 8622 4236 29952 7488 6630 858 9216 6912 4608
is_linear=0
shrinkage=0.08


Tree=89
num_leaves=15
num_cat=0
split_feature=0 0 5 5 5 0 12 0 6 0 12 5 2 12
split_gain=4.71572 4.95453 6.44064 4.31269 12.8607 11.2187 5.58905 7.66385 6.24573 5.53392 5.25102 9.575 6.88644 5.23931
threshold=0.068421052631578952 0.94210526315789489 29.130551400623151 30.126795513146089 31.104159062374205 0.33157894736842114 0.52000000000000013 0.37368421052631584 28.910200617966371 0.35263157894736846 0.52000000000000013 43.774092683067259 0.41666666666666669 1.1300000000000001
decision_type=2 2 2 2 2 2 2 2 2 2 2 2 2 2
left_child=-1 3 -3 5 -5 -2 7 9 -8 -7 11 12 -6 -10
right_child=1 2 -4 4 10 6 8 -9 13 -11 -12 -13 -14 -15
leaf_value=-0.00011706683892695691 -2.5142222208607292e-06 -5.9226657539623863e-05 -0.00055736132858235537 -0.00033343413674446375 -0.00028122750446032187 -0.00052757823271018186 0.00039948416313848604 0.00025081093075845828 0.00030258799705594084 -0.0037845450375454527 -7.8598991523781691e-06 0.0058375300538191155 0.0012351878738427579 -0.00016166912635131813
leaf_weight=15120 52632 10608 2352 13224 4524 369 10689 2370 7365 261 78246 387 6267 2946
leaf_count=15120 52632 10608 2352 13224 4524 369 10689 2370 7365 261 78246 387 6267 2946
internal_value=-4.70679e-05 5.99251e-05 -0.00145062 0.000169121 -0.000169901 0.000623238 0.00205667 -0.00117333 0.0025181 -0.00901587 0.00017445 0.00179639 0.00135298 0.00111337
internal_weight=207360 192240 12960 179280 102648 76632 24000 3000 21000 630 89424 11178 10791 10311
internal_count=207360 192240 12960 179280 102648 76632 24000 3000 21000 630 89424 11178 10791 10311
is_linear=0
shrinkage=0.08


Tree=90
num_leaves=15
num_cat=0
split_feature=5 0 0 6 2 2 5 6 12 4 4 12 4 0
split_gain=4.30544 4.1591 4.27837 3.41121 3.49465 10.9696 19.2827 10.9899 7.75088 11.905 7.48904 6.46737 9.54702 6.05335
threshold=45.349083655819506 0.99473684210526325 0.026315789473684213 20.403883444634864 1.0000000180025095e-35 0.25000000000000006 37.080025162268676 28.910200617966371 1.1300000000000001 1.0000000180025095e-35 1.0000000180025095e-35 0.52000000000000013 1.0000000180025095e-35 0.40526315789473694
decision_type=2 2 2 2 2 2 2 2 2 2 2 2 2 2
left_child=1 2 -1 -4 -5 6 7 -6 11 -10 -8 -9 13 -13
right_child=-2 -3 3 4 5 -7 10 8 9 -11 -12 12 -14 -15
leaf_value=-0.0001674210688848654 0.0015489221369750438 -0.00030761681154406251 -0.00046585090732221722 -8.8156759168398489e-05 0.00022579190201749366 -1.1130331038682328e-05 0.0015940512652386296 0.00077803741228620992 -0.00046551395035239197 0.00077998924792635818 0.0005641039530503545 0.0020121854530753612 -0.00052506147852016127 -7.1987877846506628e-05
leaf_weight=6480 768 2160 840 28200 11328 140376 1968 1710 1200 2220 1560 390 5550 2610
leaf_count=6480 768 2160 840 28200 11328 140376 1968 1710 1200 2220 1560 390 5550 2610
internal_value=-4.12809e-05 -6.35068e-05 -2.66103e-05 3.96056e-05 6.1285e-05 0.00019892 0.00162882 0.000847729 -0.000678363 0.00261988 0.00716553 -0.00177778 -0.00267602 0.00096
internal_weight=207360 206592 204432 197952 197112 168912 28536 25008 13680 3420 3528 10260 8550 3000
internal_count=207360 206592 204432 197952 197112 168912 28536 25008 13680 3420 3528 10260 8550 3000
is_linear=0
shrinkage=0.08


Tree=91
num_leaves=15
num_cat=0
split_feature=12 4 6 8 2 4 12 4 2 5 6 5 5 0
split_gain=4.19794 7.15009 8.56801 11.6411 6.51709 6.40085 6.66644 11.6667 7.75641 24.339 12.6374 9.95462 7.43391 7.05761
threshold=1.1300000000000001 1.0000000180025095e-35 35.947628745267238 0.37310366416710056 0.75000000000000011 1.0000000180025095e-35 0.52000000000000013 0.13636363636363638 0.91666666666666685 35.482384960949723 21.449489906984386 39.839695575557776 24.395389629199261 0.28947368421052638
decision_type=2 2 2 2 2 2 2 2 2 2 2 2 2 2
left_child=5 4 3 -3 -2 -1 7 -7 10 12 -9 -12 -10 -14
right_child=1 2 -4 -5 -6 6 -8 8 9 -11 11 -13 13 -15
leaf_value=0.00013430639106948528 -0.0002442634509293429 -7.7218904489717575e-06 -0.00035445977336069135 0.00041009855976039235 5.8308108929323587e-05 0.0007434746755711119 -5.3711023845486317e-05 0.0013347594162185139 -0.0075897528954856778 -0.0038404090691110684 -0.00069104988243648077 0.0051663221241701239 0.0022147449318742486 0.0016515696385606482
leaf_weight=51840 12672 24534 5598 4428 4608 8640 86400 165 90 90 6849 474 252 720
leaf_count=51840 12672 24534 5598 4428 4608 8640 86400 165 90 90 6849 474 252 720
internal_value=-3.39506e-05 -0.000657407 6.94444e-06 0.000560735 -0.00198611 0.000173868 -0.000189043 0.00124537 -0.000833333 0.00527778 -0.0017735 -0.00226683 0.0086629 0.0106996
internal_weight=207360 51840 34560 28962 17280 155520 103680 17280 8640 1152 7488 7323 1062 972
internal_count=207360 51840 34560 28962 17280 155520 103680 17280 8640 1152 7488 7323 1062 972
is_linear=0
shrinkage=0.08


Tree=92
num_leaves=15
num_cat=0
split_feature=5 0 6 0 0 6 0 0 6 12 2 2 6 6
split_gain=3.99616 3.70462 5.69045 4.00067 7.58595 4.77557 5.0521 4.60261 6.86885 4.53752 4.76043 5.42956 4.71897 4.382
threshold=45.349083655819506 0.98421052631578954 29.893552987076848 0.57368421052631591 0.65789473684210542 28.910200617966371 0.86842105263157909 0.84736842105263166 30.206506736575246 1.1300000000000001 0.75000000000000011 0.41666666666666669 34.841817437912709 29.960999727822102
decision_type=2 2 2 2 2 2 2 2 2 2 2 2 2 2
left_child=1 3 -3 13 -5 6 -6 8 -7 12 11 -11 -9 -1
right_child=-2 2 -4 4 5 7 -8 9 -10 10 -12 -13 -14 -15
leaf_value=3.7303489814854983e-06 0.0014445494420913896 -0.00016490477235733047 -0.0014481511942264302 0.00034286585169499343 0.00088941555639791446 0.00053700446261351954 0.00012348502164839293 -1.6659194773729345e-05 -7.3305144912172442e-06 -0.00018987399577692355 5.5425419615995344e-05 -0.00083599443102948094 -0.00070641468773550823 -0.00015341147163438595
leaf_weight=79704 768 4128 192 16752 768 2472 10368 11808 35856 1758 1212 1350 1152 39072
leaf_count=79704 768 4128 192 16752 768 2472 10368 11808 35856 1758 1212 1350 1152 39072
internal_value=-3.08642e-05 -5.2277e-05 -0.00237037 -2.76855e-06 0.000421577 3.95541e-05 0.00155172 -0.000263271 0.000225423 -0.00134722 -0.00359259 -0.00525097 -0.000598765 -0.000301071
internal_weight=207360 206592 4320 202272 83496 66744 11136 55608 38328 17280 4320 3108 12960 118776
internal_count=207360 206592 4320 202272 83496 66744 11136 55608 38328 17280 4320 3108 12960 118776
is_linear=0
shrinkage=0.08


Tree=93
num_leaves=15
num_cat=0
split_feature=5 2 4 12 5 12 4 2 12 5 2 6 5 12
split_gain=3.72658 6.39722 29.2823 22.4692 18.3838 12.5393 10.3686 26.8703 9.16301 9.6144 7.39964 9.24185 6.58005 17.8794
threshold=24.995019365207614 0.91666666666666685 0.13636363636363638 1.1300000000000001 35.482384960949723 0.52000000000000013 0.13636363636363638 0.58333333333333337 0.52000000000000013 39.839695575557776 1.0000000180025095e-35 28.910200617966371 31.36608248338133 1.1300000000000001
decision_type=2 2 2 2 2 2 2 2 2 2 2 2 2 2
left_child=-1 6 12 4 -4 -6 -2 8 9 -8 -10 -12 13 -3
right_child=1 2 3 -5 5 -7 7 -9 10 -11 11 -13 -14 -15
leaf_value=-6.6120328039604998e-05 4.9276658478292211e-05 -0.00045886478172412425 0.0012050919597031773 -0.00023207429169793347 -0.0035270787452296214 -0.0001874750869984787 -0.000840166784774965 -0.00044192955989219573 -0.00016377738286087683 0.0054764653188474101 0.00036532269347754553 6.2711227238028134e-05 0.00013000582470348298 0.0003538467747560725
leaf_weight=32352 101184 5220 5652 2064 90 450 3618 19944 7224 240 6216 13566 7800 1740
leaf_count=32352 101184 5220 5652 2064 90 450 3618 19944 7224 240 6216 13566 7800 1740
internal_value=-2.97068e-05 0.000116109 0.00135905 0.00517442 0.00758398 -0.00651852 -7.21091e-05 -0.00100457 0.000474339 -0.00317263 0.000995334 0.00179557 -0.000775068 -0.00256322
internal_weight=207360 175008 23016 8256 6192 540 151992 50808 30864 3858 27006 19782 14760 6960
internal_count=207360 175008 23016 8256 6192 540 151992 50808 30864 3858 27006 19782 14760 6960
is_linear=0
shrinkage=0.08


Tree=94
num_leaves=15
num_cat=0
split_feature=5 0 0 6 12 12 5 6 0 0 12 6 5 12
split_gain=3.57988 3.46685 3.47074 4.91335 4.47787 4.00315 3.15283 6.5245 8.25165 6.38235 7.97439 5.39437 8.31013 6.3175
threshold=45.349083655819506 0.026315789473684213 0.96315789473684221 28.965403878451799 0.82000000000000017 1.1300000000000001 24.45091616650538 28.910200617966371 0.4578947368421053 0.33157894736842114 0.52000000000000013 35.845866829727576 31.968256642203027 0.82000000000000017
decision_type=2 2 2 2 2 2 2 2 2 2 2 2 2 2
left_child=1 -1 6 4 -4 -6 -3 9 11 -8 -11 12 -9 -13
right_child=-2 2 3 -5 5 -7 7 8 -10 10 -12 13 -14 -15
leaf_value=-0.00014872136834229277 0.0013250433540458141 -6.1504938814073152e-05 -0.00047421842624743692 -0.00045874379531388735 0.00024057791832290176 -0.000166779738470082 3.4463740968233573e-05 -0.00028485185648448932 3.0043369665453403e-05 -0.0004712640949599223 0.00030409385917814504 -0.0025013325870549786 8.6840266885546136e-05 -0.00020195947467994914
leaf_weight=6480 768 22944 2574 1776 2574 1716 36264 12168 94632 1830 12810 630 9144 1050
leaf_count=6480 768 22944 2574 1776 2574 1716 36264 12168 94632 1830 12810 630 9144 1050
internal_value=-3.5108e-05 -5.53748e-05 3.59799e-06 -0.00156481 -0.000594406 0.000988345 7.43712e-05 0.000194152 -0.000133306 0.000950809 0.00236066 -0.00149269 -0.00114865 -0.00585714
internal_weight=207360 206592 200112 8640 6864 4290 191472 168528 117624 50904 14640 22992 21312 1680
internal_count=207360 206592 200112 8640 6864 4290 191472 168528 117624 50904 14640 22992 21312 1680
is_linear=0
shrinkage=0.08


Tree=95
num_leaves=15
num_cat=0
split_feature=5 0 6 0 0 5 0 12 6 2 12 8 8 4
split_gain=3.2935 3.1457 4.69664 4.03054 8.28649 5.13015 4.81395 3.77363 5.06002 3.53582 9.06122 6.83305 6.54383 6.13853
threshold=45.349083655819506 0.94210526315789489 28.910200617966371 0.59473684210526323 0.65789473684210542 30.126795513146089 0.84736842105263166 0.82000000000000017 29.893552987076848 0.58333333333333337 0.52000000000000013 0.42616950619965627 0.63559770414375094 0.13636363636363638
decision_type=2 2 2 2 2 2 2 2 2 2 2 2 2 2
left_child=1 3 -3 9 -5 6 7 8 -6 12 -11 -12 -1 -13
right_child=-2 2 -4 4 5 -7 -8 -9 -10 10 11 13 -14 -15
leaf_value=3.5363870367797203e-05 0.0012190398857221485 -2.6529750424901801e-05 -0.00037620887596591325 0.00041796405522501526 0.0024889215350394744 -4.149801809526954e-05 8.2558221830366648e-05 0.00018339756962787668 0.00073201230122848409 0.00054117202120369963 -0.00015473853115158809 0.00027513353180813382 -0.00032767658124098096 -0.00035329493136287304
leaf_weight=62184 768 9264 3696 12528 648 45360 9672 1920 504 6492 34398 7161 8880 3885
leaf_count=62184 768 9264 3696 12528 648 45360 9672 1920 504 6492 34398 7161 8880 3885
internal_value=-2.08333e-05 -4.02726e-05 -0.00124691 4.04892e-05 0.000522143 0.000119785 0.00153798 0.00429688 0.00791667 -0.000236098 -0.000737831 -0.00113722 0.000130587 0.00059388
internal_weight=207360 206592 12960 193632 70632 58104 12744 3072 1152 123000 51936 45444 71064 11046
internal_count=207360 206592 12960 193632 70632 58104 12744 3072 1152 123000 51936 45444 71064 11046
is_linear=0
shrinkage=0.08


Tree=96
num_leaves=15
num_cat=0
split_feature=12 5 0 0 6 5 2 2 2 4 6 4 8 8
split_gain=3.1014 7.37631 6.2471 9.57316 5.80992 5.64927 5.22689 5.0475 6.49625 9.44146 11.1678 6.10518 10.4237 6.01218
threshold=1.1300000000000001 42.711553493862681 0.85789473684210538 0.78421052631578958 30.015400967780213 44.574452998165263 1.0000000180025095e-35 0.41666666666666669 0.75000000000000011 0.13636363636363638 22.997181937528318 1.0000000180025095e-35 0.47727493093781997 0.016372669708769647
decision_type=2 2 2 2 2 2 2 2 2 2 2 2 2 2
left_child=5 2 3 6 -5 -1 -2 -8 -9 10 -10 -12 13 -13
right_child=1 -3 -4 4 -6 -7 7 8 9 -11 11 12 -14 -15
leaf_value=1.3402422314852114e-05 -0.00018149155594571643 -0.00071748521632587271 -0.000207074170522763 -0.00033001431470511825 0.00052218464119349942 0.001747228657461215 9.107373650662942e-05 -0.00016265224973208037 -0.0004412044492505596 -0.00026358513154967956 0.00011048690163919518 0.00059192877766244272 0.0020610270021434963 0.00029071975141166108
leaf_weight=154386 5460 1548 7560 540 3240 1134 11370 11112 726 4050 3084 1002 210 1938
leaf_count=154386 5460 1548 7560 540 3240 1134 11370 11112 726 4050 3084 1002 210 1938
internal_value=-1.96759e-05 -0.000555556 -0.000388133 -1.31049e-05 0.00383069 0.000158951 -0.000386116 -1.19432e-05 -0.000716029 0.000661217 0.00244828 0.00354187 0.00601905 0.00478912
internal_weight=207360 51840 50292 42732 3780 155520 38952 33492 22122 11010 6960 6234 3150 2940
internal_count=207360 51840 50292 42732 3780 155520 38952 33492 22122 11010 6960 6234 3150 2940
is_linear=0
shrinkage=0.08


Tree=97
num_leaves=15
num_cat=0
split_feature=0 6 5 0 5 5 8 2 4 5 12 12 0 2
split_gain=3.17861 3.26253 2.96066 2.96068 3.50206 11.9385 5.62624 4.69975 6.93095 20.9323 8.91746 8.43715 8.15548 5.76512
threshold=0.068421052631578952 30.015400967780213 20.403883444634864 0.99473684210526325 30.126795513146089 31.104159062374205 0.70818989015484757 0.91666666666666685 0.13636363636363638 35.482384960949723 0.52000000000000013 0.82000000000000017 0.4578947368421053 0.25000000000000006
decision_type=2 2 2 2 2 2 2 2 2 2 2 2 2 2
left_child=1 -1 -2 4 6 -6 -4 13 -9 11 -11 12 -10 -7
right_child=2 -3 3 -5 5 7 -8 8 9 10 -12 -13 -14 -15
leaf_value=-8.1869624041849281e-05 -0.00040081278437697489 -0.0012061418026105542 3.7323308289187732e-05 -0.00024259669638661442 -0.00031206110381113209 0.00012218960330750761 0.00066741791807250822 8.1605691188380011e-05 -0.0031406326807443818 -0.0032505794247153119 -0.00038639590789267596 0.00077606913184527396 0.0032412322527546602 -8.8817681932571447e-05
leaf_weight=15024 840 96 84384 2160 13872 27360 1272 8088 81 90 630 1320 711 51432
leaf_count=15024 840 96 84384 2160 13872 27360 1272 8088 81 90 630 1320 711 51432
internal_value=-1.54321e-05 -0.00113228 7.24095e-05 9.32079e-05 0.000126823 -0.000186129 0.000505277 0.000151596 0.00170696 0.00511299 -0.00666667 0.00912879 0.0156566 -6.39659e-05
internal_weight=207360 15120 192240 191400 189240 103584 85656 89712 10920 2832 720 2112 792 78792
internal_count=207360 15120 192240 191400 189240 103584 85656 89712 10920 2832 720 2112 792 78792
is_linear=0
shrinkage=0.08


Tree=98
num_leaves=15
num_cat=0
split_feature=6 2 2 5 6 12 12 12 4 12 12 4 12 6
split_gain=2.73916 2.73361 8.81213 15.7204 8.41419 7.59554 8.53333 6.17076 9.71819 5.5468 6.1388 9.49812 5.90011 13.2664
threshold=20.403883444634864 1.0000000180025095e-35 0.25000000000000006 37.080025162268676 28.910200617966371 0.82000000000000017 1.1300000000000001 1.1300000000000001 0.13636363636363638 0.82000000000000017 1.1300000000000001 1.0000000180025095e-35 0.52000000000000013 24.209353727759197
decision_type=2 2 2 2 2 2 2 2 2 2 2 2 2 2
left_child=-1 -2 3 4 9 -5 -7 -6 -9 12 -11 -12 13 -3
right_child=1 2 -4 5 7 6 -8 8 -10 10 11 -13 -14 -15
leaf_value=-0.00038309037491068176 -7.1338138713323841e-05 0.00091379865181647098 -1.5752095998251558e-05 0.00035538559144690398 -0.0002467940466524832 0.0025837010288507047 0.00036607257565492992 -3.5039121755635618e-05 0.0012171200081988198 0.00043895897582476586 -0.00028224257298657072 0.00026935281302778338 -0.00024687424005232162 -0.0001510630257568124
leaf_weight=840 29880 489 146856 1323 10332 1323 882 2472 972 4680 1152 1968 3120 1071
leaf_count=840 29880 489 146856 1323 10332 1323 882 2472 972 4680 1152 1968 3120 1071
internal_value=-1.23457e-05 6.19795e-06 0.000125906 0.00138061 0.000706886 0.00639456 0.00926984 -0.000656214 0.00227642 0.00221154 0.00351795 0.000769231 3.4188e-05 0.00405128
internal_weight=207360 206520 176640 29784 26256 3528 2205 13776 3444 12480 7800 3120 4680 1560
internal_count=207360 206520 176640 29784 26256 3528 2205 13776 3444 12480 7800 3120 4680 1560
is_linear=0
shrinkage=0.08


Tree=99
num_leaves=15
num_cat=0
split_feature=5 0 6 6 5 0 8 8 2 4 5 12 0 12
split_gain=2.77035 2.59154 2.97491 2.50821 10.1357 7.52543 6.3104 4.37106 4.31461 6.22534 17.5203 7.37997 8.69121 5.80179
threshold=45.349083655819506 0.05789473684210527 29.176490495628233 30.133454156720713 31.104159062374205 0.48947368421052634 0.70818989015484757 0.20040106007294364 0.91666666666666685 0.13636363636363638 35.482384960949723 0.82000000000000017 0.47894736842105268 0.52000000000000013
decision_type=2 2 2 2 2 2 2 2 2 2 2 2 2 2
left_child=1 2 -1 6 5 7 -3 -5 -6 -10 11 12 -11 -12
right_child=-2 3 -4 4 8 -7 -8 -9 9 10 13 -13 -14 -15
leaf_value=-6.8029212982415594e-05 0.001110706210269612 2.425066561564715e-05 -0.00050540396056425463 -0.00098378901391620098 -1.6915709332327999e-05 -0.00017558819437428984 0.00069659593885628367 -0.00062404390500355508 7.5702869518599065e-05 -0.001825151973163055 -0.0029892729030582287 0.00071346929982027516 0.0031399755940370567 -0.00035422406758140124
leaf_weight=12456 768 89448 504 528 77880 11208 1440 2376 7968 126 90 1290 648 630
leaf_count=12456 768 89448 504 528 77880 11208 1440 2376 7968 126 90 1290 648 630
internal_value=-4.24383e-06 -2.20725e-05 -0.00111728 5.12312e-05 -0.000219575 -0.00221088 0.000357363 -0.00584022 9.74817e-05 0.0015997 0.00485632 0.00860465 0.0147804 -0.00588889
internal_weight=207360 206592 12960 193632 102744 14112 90888 2904 88632 10752 2784 2064 774 720
internal_count=207360 206592 12960 193632 102744 14112 90888 2904 88632 10752 2784 2064 774 720
is_linear=0
shrinkage=0.08


Tree=100
num_leaves=15
num_cat=0
split_feature=5 6 0 12 6 0 2 12 2 12 2 4 6 12
split_gain=2.65627 5.33516 6.91473 7.29601 8.91469 5.42523 3.49135 5.64088 4.4367 6.59601 3.45313 7.98434 11.7948 10.2234
threshold=25.478279592464933 28.910200617966371 0.35263157894736846 0.82000000000000017 29.893552987076848 0.9526315789473685 1.0000000180025095e-35 0.82000000000000017 0.58333333333333337 0.52000000000000013 0.91666666666666685 0.13636363636363638 35.492186295681556 1.1300000000000001
decision_type=2 2 2 2 2 2 2 2 2 2 2 2 2 2
left_child=-1 6 3 4 -3 10 7 -2 9 -8 -4 -12 13 -13
right_child=1 2 5 -5 -6 -7 8 -9 -10 -11 11 12 -14 -15
leaf_value=-4.858395093393364e-05 0.0003680666157165202 0.00067229629800742436 -1.4369393662365671e-05 -0.00034091326732874408 -0.0011081906678882447 -0.00036626314884558031 -0.00036643566535260241 -0.000190843645828771 2.6818759586220155e-05 0.00021066330380049348 -2.4920007575703897e-05 0.001123344887037261 -0.00062300727058399289 -0.00014627463671927911
leaf_weight=38928 2745 1386 96864 3840 918 2664 2616 4575 19464 18312 9816 3384 720 1128
leaf_count=38928 2745 1386 96864 3840 918 2664 2616 4575 19464 18312 9816 3384 720 1128
internal_value=-3.85802e-07 0.000137266 -0.000145792 -0.00276042 0.000798611 -5.58581e-06 0.000853454 -0.000754098 0.00114478 0.00195336 7.93481e-05 0.0012068 0.00373089 0.00524823
internal_weight=207360 168432 120720 6144 2304 114576 47712 7320 40392 20928 111912 15048 5232 4512
internal_count=207360 168432 120720 6144 2304 114576 47712 7320 40392 20928 111912 15048 5232 4512
is_linear=0
shrinkage=0.08


Tree=101
num_leaves=15
num_cat=0
split_feature=8 0 6 0 12 5 6 12 0 2 12 12 2 12
split_gain=2.50348 6.09709 7.21365 6.09138 5.94038 3.85465 3.37449 3.39909 6.14286 3.3526 5.64647 7.37527 5.56544 7.23012
threshold=0.18526196211925883 0.59473684210526323 30.133454156720713 0.4578947368421053 0.82000000000000017 31.104159062374205 28.910200617966371 0.52000000000000013 0.39473684210526322 0.58333333333333337 0.52000000000000013 0.82000000000000017 0.75000000000000011 1.1300000000000001
decision_type=2 2 2 2 2 2 2 2 2 2 2 2 2 2
left_child=9 2 3 6 -3 -4 7 8 -2 -1 -11 -12 13 -13
right_child=1 4 5 -5 -6 -7 -8 -9 -10 10 11 12 -14 -15
leaf_value=1.0882551413569085e-05 -0.0012007525210986803 0.0010841837849239777 -0.00045292549424863493 0.00091495373111772922 7.6625232398734865e-05 -4.6123412365157712e-05 -9.394659600296951e-05 0.00024622625255537711 0.0017343211527687608 0.0003564180165392905 -0.00047242819429957008 -1.6522501963205372e-05 3.9285219087935586e-05 -0.00030492815394203234
leaf_weight=79104 660 6336 3888 1680 10560 36696 4632 5796 168 7230 14460 7290 24000 4860
leaf_count=79104 660 6336 3888 1680 10560 36696 4632 5796 168 7230 14460 7290 24000 4860
internal_value=-1.27315e-05 0.000374915 -4.33483e-05 0.00160173 0.00169981 -0.000567711 0.000931059 0.00208937 -0.00270531 -0.000212057 -0.000674965 -0.000973721 -0.000362932 -0.00175802
internal_weight=207360 70416 53520 12936 16896 40584 11256 6624 828 136944 57840 50610 36150 12150
internal_count=207360 70416 53520 12936 16896 40584 11256 6624 828 136944 57840 50610 36150 12150
is_linear=0
shrinkage=0.08


Tree=102
num_leaves=15
num_cat=0
split_feature=0 0 6 12 6 5 0 12 2 2 8 2 4 4
split_gain=2.46636 2.53246 4.15203 4.02412 2.74639 7.52991 6.27116 4.38076 7.23107 5.98085 5.53155 5.22365 4.79442 4.4835
threshold=0.10000000000000002 0.98421052631578954 29.893552987076848 0.52000000000000013 30.133454156720713 31.104159062374205 0.48947368421052634 0.82000000000000017 1.0000000180025095e-35 0.75000000000000011 0.66566031758535926 0.25000000000000006 1.0000000180025095e-35 1.0000000180025095e-35
decision_type=2 2 2 2 2 2 2 2 2 2 2 2 2 2
left_child=-1 4 3 -3 7 6 -6 9 13 -2 11 -10 -12 -9
right_child=1 2 -4 -5 5 -7 -8 8 10 -11 12 -13 -14 -15
leaf_value=-6.6296406646055848e-05 0.00033942299154356983 -0.0014978766230076125 -0.001157062816796568 -3.0489336081649387e-05 -0.00063029132438709558 1.80331803065803e-05 -0.00014749350706251053 4.0932529546322537e-05 0.00017291717374184223 -0.00010820979335839809 -4.6282968438000618e-05 -1.0256227477836167e-05 0.0011809286951488108 -0.0003357217675187174
leaf_weight=21600 20916 516 192 3612 2904 89376 11088 1995 6795 8361 405 34500 570 4530
leaf_count=21600 20916 516 192 3612 2904 89376 11088 1995 6795 8361 405 34500 570 4530
internal_value=-1.31173e-05 8.09647e-05 -0.00183333 -0.00129845 0.000126543 -0.000143952 -0.00186964 0.000484681 2.04939e-05 0.00125833 0.000403123 0.000262502 0.00635897 -0.00245824
internal_weight=207360 185760 4320 4128 181440 103368 13992 78072 48795 29277 42270 41295 975 6525
internal_count=207360 185760 4320 4128 181440 103368 13992 78072 48795 29277 42270 41295 975 6525
is_linear=0
shrinkage=0.08


Tree=103
num_leaves=15
num_cat=0
split_feature=5 6 0 12 6 12 12 0 5 5 2 4 6 12
split_gain=2.4079 2.1521 2.08452 3.0006 2.64757 2.34972 2.38966 2.1328 2.58402 7.81924 4.12796 6.06824 14.5024 5.55677
threshold=20.403883444634864 45.354823791791453 0.99473684210526325 0.52000000000000013 29.893552987076848 1.1300000000000001 0.82000000000000017 0.078947368421052641 30.126795513146089 30.842728330846704 0.91666666666666685 0.13636363636363638 35.492186295681556 1.1300000000000001
decision_type=2 2 2 2 2 2 2 2 2 2 2 2 2 2
left_child=-1 2 7 -4 5 6 -5 -2 -9 -10 -11 -12 13 -13
right_child=1 -3 3 4 -6 -7 -8 8 9 10 11 12 -14 -15
leaf_value=-0.0003571952129551703 -6.8192699886385772e-05 0.0010677930606081576 -0.0020321881862640592 -0.00054319491892615976 -0.0010241380740538598 -0.00034656695178448827 0.00036466507002292482 4.1889858945390879e-05 -0.00029742399486154091 -2.3619228126015025e-05 5.7322957384755571e-05 0.001398788721237767 -0.00059686511111245455 8.9894242449879431e-05
leaf_weight=840 17280 744 270 516 84 516 774 83496 9768 81528 8352 1854 720 618
leaf_count=840 17280 744 270 516 84 516 774 83496 9768 81528 8352 1854 720 618
internal_value=-1.11883e-05 6.19795e-06 -9.33053e-06 -0.00248148 -0.0013545 -0.000708749 0.00111628 1.68945e-05 9.5741e-05 -0.000172695 5.32921e-05 0.00146916 0.00443609 0.00734628
internal_weight=207360 206520 205776 2160 1890 1806 1290 203616 186336 102840 93072 11544 3192 2472
internal_count=207360 206520 205776 2160 1890 1806 1290 203616 186336 102840 93072 11544 3192 2472
is_linear=0
shrinkage=0.08


Tree=104
num_leaves=15
num_cat=0
split_feature=6 6 0 12 6 0 6 0 8 12 5 12 12 5
split_gain=2.23877 4.06878 6.28104 5.79819 7.27298 4.64374 3.94686 8.40941 4.00786 3.96825 3.88768 8.65454 4.75038 6.79706
threshold=25.467066394003641 28.910200617966371 0.35263157894736846 0.82000000000000017 29.893552987076848 0.83684210526315794 30.133454156720713 0.4578947368421053 0.62758824840261906 1.1300000000000001 31.309954464950597 1.1300000000000001 0.52000000000000013 43.472477216291004
decision_type=2 2 2 2 2 2 2 2 2 2 2 2 2 2
left_child=-1 -2 3 4 -3 6 7 -4 10 -9 11 -8 13 -12
right_child=1 2 5 -5 -6 -7 8 9 -10 -11 12 -13 -14 -15
leaf_value=-4.4201556685026234e-05 7.2504003623916619e-05 0.00062061519121193065 -7.7294069658888638e-05 -0.00030110489444811205 -0.0010192879660361686 -0.00013625661659715681 -0.00039262302329096333 0.0011247597276712229 -0.0001996237227128761 1.4037683298639969e-05 0.00058801626763504977 0.00032332786732327759 4.1066373825904283e-05 0.005136508448638573
leaf_weight=38880 47760 1386 3552 3840 918 20040 6246 2520 15456 840 7566 2082 55860 414
leaf_count=38880 47760 1386 3552 3840 918 20040 6246 2520 15456 840 7566 2082 55860 414
internal_value=-4.24383e-06 0.000122032 -0.000125249 -0.00261719 0.000555556 8.37872e-06 0.00024287 0.00208333 9.76901e-05 0.00495238 0.000348077 -0.00127762 0.00056015 0.00238596
internal_weight=207360 168480 120720 6144 2304 114576 94536 6912 87624 3360 72168 8328 63840 7980
internal_count=207360 168480 120720 6144 2304 114576 94536 6912 87624 3360 72168 8328 63840 7980
is_linear=0
shrinkage=0.08


Tree=105
num_leaves=15
num_cat=0
split_feature=5 0 6 12 0 0 12 2 12 12 8 4 0 8
split_gain=2.09555 1.92397 3.68459 2.63621 2.42676 7.94279 3.63196 2.66493 6.63977 7.13295 5.57156 7.94425 5.70641 6.23441
threshold=20.403883444634864 0.98421052631578954 29.893552987076848 0.52000000000000013 0.59473684210526323 0.6473684210526317 0.52000000000000013 0.58333333333333337 0.52000000000000013 0.82000000000000017 0.69341324821682238 1.0000000180025095e-35 0.39473684210526322 0.16050803148254383
decision_type=2 2 2 2 2 2 2 2 2 2 2 2 2 2
left_child=-1 4 3 -3 7 6 -6 -2 -9 10 12 -12 13 -10
right_child=1 2 -4 -5 5 -7 -8 8 9 -11 11 -13 -14 -15
leaf_value=-0.00032508347138395568 1.359122763184284e-05 -0.0012304851147561457 -0.00097398288407033904 -3.4258316244428766e-05 0.0021908302155802151 8.2485351323313693e-06 0.00029684221959022764 0.00047013825743057679 -0.00053721439177313536 -2.405751877586404e-05 0.0014664563713906809 -0.0013369130665322794 -0.0016689988511049236 0.00047371313788100003
leaf_weight=840 70656 516 192 3612 1350 69120 9450 6453 7074 32265 606 738 2988 1500
leaf_count=840 70656 516 192 3612 1350 69120 9450 6453 7074 32265 606 738 2988 1500
internal_value=-1.23457e-05 3.87372e-06 -0.00166667 -0.00116279 3.95648e-05 0.000382382 0.0024 -0.000184495 -0.000621416 -0.000964336 -0.00255385 0.00232143 -0.00312057 -0.00207138
internal_weight=207360 206520 4320 4128 202200 79920 10800 122280 51624 45171 12906 1344 11562 8574
internal_count=207360 206520 4320 4128 202200 79920 10800 122280 51624 45171 12906 1344 11562 8574
is_linear=0
shrinkage=0.08


Tree=106
num_leaves=15
num_cat=0
split_feature=12 5 2 4 5 2 0 6 2 4 8 6 4 12
split_gain=1.96992 7.51976 5.09238 8.52633 9.48991 7.19786 7.94724 8.262 7.1532 5.56131 9.46738 6.39458 4.91157 5.29932
threshold=1.1300000000000001 42.995005878057619 0.75000000000000011 0.13636363636363638 22.654045859150042 0.41666666666666669 0.88947368421052642 29.893552987076848 1.0000000180025095e-35 1.0000000180025095e-35 0.51671424041443437 34.595672834545759 1.0000000180025095e-35 0.52000000000000013
decision_type=2 2 2 2 2 2 2 2 2 2 2 2 2 2
left_child=12 2 5 4 -4 8 -7 -8 -2 -6 11 -11 13 -1
right_child=1 -3 3 -5 9 6 7 -9 -10 10 -12 -13 -14 -15
leaf_value=-0.00025489112140509196 -0.00013427658108959407 -0.00075416607574128045 -0.00048711362676633784 -0.00016896811608450358 8.6618624647771811e-05 -0.00011214640109702412 -0.00040721153008387077 -0.0010121919909230903 7.7898353840986085e-05 0.00055718225398901811 0.0019626717957198637 -0.00019495056076106686 -2.3072977036162623e-05 0.00016396225458588322
leaf_weight=8640 7146 1356 594 5184 4164 12756 1110 606 14688 3342 162 732 103680 43200
leaf_count=8640 7146 1356 594 5184 4164 12756 1110 606 14688 3342 162 732 103680 43200
internal_value=-6.55864e-06 -0.000433642 -0.000275731 0.00101002 0.00249944 -0.000777833 -0.00216142 -0.00727273 0.000139232 0.00319048 0.00523135 0.00447717 0.000135802 0.000771605
internal_weight=207360 51840 50484 14178 8994 36306 14472 1716 21834 8400 4236 4074 155520 51840
internal_count=207360 51840 50484 14178 8994 36306 14472 1716 21834 8400 4236 4074 155520 51840
is_linear=0
shrinkage=0.08


Tree=107
num_leaves=15
num_cat=0
split_feature=6 9 0 6 0 12 6 0 6 5 12 2 2 8
split_gain=1.95706 1.86677 2.23459 2.40899 4.81435 4.07931 4.67068 3.67984 3.61461 3.46146 3.34259 2.50081 2.592 2.49468
threshold=45.354823791791453 0.44677632932052969 0.15263157894736842 28.910200617966371 0.35263157894736846 0.82000000000000017 29.960999727822102 0.91052631578947374 34.22611098578232 30.842728330846704 1.1300000000000001 1.0000000180025095e-35 0.25000000000000006 0.18526196211925883
decision_type=2 2 2 2 2 2 2 2 2 2 2 2 2 2
left_child=1 2 -1 11 5 6 -5 -6 -9 -8 -10 -4 -13 -14
right_child=-2 -3 3 4 7 -7 9 8 10 -11 -12 12 13 -15
leaf_value=-6.1412816415556959e-05 0.00090375078423038163 8.2094056200565649e-05 -7.9714392613323691e-05 0.0006814757837459906 6.647423594072777e-06 -0.000286493538385435 -0.0018519227975430043 -0.00017475715701167126 -0.0014429821852578839 -0.00020211746223018246 -0.0019815105632573315 0.00020023512678926325 1.6553591290762171e-05 0.00020224250206210214
leaf_weight=28656 744 23496 6576 1044 94512 3045 252 6480 108 531 36 7152 30120 4608
leaf_count=28656 744 23496 6576 1044 94512 3045 252 6480 108 531 36 7152 30120 4608
internal_value=-9.64506e-06 -2.43931e-05 -0.000110529 9.84048e-06 -0.000203758 -0.0026601 0.000328407 -8.54295e-05 -0.00190821 -0.00434227 -0.0144444 0.000477134 0.000704871 0.000419258
internal_weight=207360 206616 183120 154464 106008 4872 1827 101136 6624 783 144 48456 41880 34728
internal_count=207360 206616 183120 154464 106008 4872 1827 101136 6624 783 144 48456 41880 34728
is_linear=0
shrinkage=0.08


Tree=108
num_leaves=15
num_cat=0
split_feature=5 12 0 6 12 12 12 0 5 12 5 12 12 2
split_gain=1.80138 2.46001 1.75563 2.21189 2.02388 2.10548 2.18346 1.84521 7.22249 7.36 2.89209 5.86482 7.11715 5.40448
threshold=45.349083655819506 0.52000000000000013 0.99473684210526325 29.893552987076848 0.52000000000000013 1.1300000000000001 0.82000000000000017 0.46842105263157902 35.937867084967699 0.82000000000000017 32.906365119946436 0.82000000000000017 1.1300000000000001 0.58333333333333337
decision_type=2 2 2 2 2 2 2 2 2 2 2 2 2 2
left_child=2 -2 7 4 -4 6 -6 8 10 -10 -1 -12 13 -13
right_child=1 -3 3 -5 5 -7 -8 -9 9 -11 11 12 -14 -15
leaf_value=-2.3194534439281433e-05 0.0058376568008049294 0.00053588243396655692 -0.0016989005564663939 -0.00084504286661720492 -0.00050028824613801426 -0.00032446695090917912 0.00032633779057813952 3.3433366386650399e-05 -0.0021164730551896582 -8.2100609832815868e-05 -0.00045978327122099929 0.0010986384529204241 -8.8970478209282608e-05 0.00023424674541359992
leaf_weight=88080 96 672 258 96 516 516 774 107232 1035 1725 2385 1341 1590 1044
leaf_count=88080 96 672 258 96 516 516 774 107232 1035 1725 2385 1341 1590 1044
internal_value=-1.31173e-05 0.00385417 -2.74938e-05 -0.0022963 -0.00174419 -0.000797342 0.000930233 -3.52195e-06 -0.000255967 -0.00428986 -0.000138077 0.00150943 0.00339119 0.00615514
internal_weight=207360 768 206592 2160 2064 1806 1290 204432 97200 2760 94440 6360 3975 2385
internal_count=207360 768 206592 2160 2064 1806 1290 204432 97200 2760 94440 6360 3975 2385
is_linear=0
shrinkage=0.08


Tree=109
num_leaves=15
num_cat=0
split_feature=5 12 5 2 4 12 0 6 0 6 12 5 0 0
split_gain=1.79886 2.46001 1.70251 1.75868 4.05397 1.65326 1.6231 2.27623 1.80866 3.2768 2.37783 2.0829 5.97995 5.8925
threshold=45.349083655819506 0.52000000000000013 20.403883444634864 0.91666666666666685 0.13636363636363638 0.82000000000000017 0.036842105263157905 30.015400967780213 0.94210526315789489 32.287921370497749 0.52000000000000013 30.126795513146089 0.41578947368421054 0.84736842105263166
decision_type=2 2 2 2 2 2 2 2 2 2 2 2 2 2
left_child=2 -2 3 4 5 -1 7 -4 11 10 -10 12 -8 -14
right_child=1 -3 6 -5 -6 -7 8 -9 9 -11 -12 -13 13 -15
leaf_value=5.9750003609018163e-05 0.0053706442567405333 0.00049301183924923555 -8.3187099982948707e-05 -0.00099063931444299592 0.00092246163561089396 -0.00047797256257149146 5.226991876952081e-06 -0.00096377823843838415 -0.00072216000256620117 -0.0011370481709735447 -2.3259151313861359e-05 -1.9417696481061064e-05 0.00047691811336729727 7.0712071634606582e-05
leaf_weight=207 96 672 8544 144 144 345 66336 96 1596 192 11172 101880 6264 9672
leaf_count=207 96 672 8544 144 144 345 66336 96 1596 192 11172 101880 6264 9672
internal_value=-1.04167e-05 0.00385417 -2.47831e-05 -0.00361905 -0.00195402 -0.00507246 -1.01093e-05 -0.00108333 3.69333e-05 -0.000876543 -0.000720551 0.000101221 0.000400622 0.00179217
internal_weight=207360 768 206592 840 696 552 205752 8640 197112 12960 12768 184152 82272 15936
internal_count=207360 768 206592 840 696 552 205752 8640 197112 12960 12768 184152 82272 15936
is_linear=0
shrinkage=0.08


Tree=110
num_leaves=15
num_cat=0
split_feature=12 5 0 0 6 6 4 12 4 2 6 5 5 5
split_gain=1.76217 7.72337 4.39296 8.59693 5.58809 6.6688 4.26667 5.3284 9.82315 6.97785 12.8288 10.4081 8.60539 6.64156
threshold=1.1300000000000001 42.995005878057619 0.85789473684210538 0.76315789473684215 30.015400967780213 39.438497622546237 1.0000000180025095e-35 0.52000000000000013 0.13636363636363638 0.91666666666666685 35.492186295681556 21.424641366989174 40.028806875200218 24.395389629199261
decision_type=2 2 2 2 2 2 2 2 2 2 2 2 2 2
left_child=6 2 3 -2 -5 -6 -1 8 -8 11 13 -10 -13 -11
right_child=1 -3 -4 4 5 -7 7 -9 9 10 -12 12 -14 -15
leaf_value=0.00010907206047564789 -2.3498795180573186e-05 -0.00070494954855295335 -0.00016923591920232629 -0.00032181267557731765 0.00052305723563669023 -0.00060808178280430619 0.00066986624909844746 -4.7819834728777267e-05 0.001290463127910657 -0.0069671616545838736 -0.00273000576956397 -0.0006033626636844058 0.0048584963438920428 0.0015044283977740536
leaf_weight=51840 38070 1356 7560 582 3876 396 8640 86400 165 90 90 6894 429 972
leaf_count=51840 38070 1356 7560 582 3876 396 8640 86400 165 90 90 6894 429 972
internal_value=-9.64506e-06 -0.00041358 -0.000253546 5.96403e-05 0.00323033 0.00423221 0.000125 -0.000171296 0.00111111 -0.000796296 0.005 -0.00168803 -0.00213574 0.00745763
internal_weight=207360 51840 50484 42924 4854 4272 155520 103680 17280 8640 1152 7488 7323 1062
internal_count=207360 51840 50484 42924 4854 4272 155520 103680 17280 8640 1152 7488 7323 1062
is_linear=0
shrinkage=0.08


Tree=111
num_leaves=15
num_cat=0
split_feature=5 12 6 0 6 6 5 0 12 0 8 2 8 2
split_gain=1.61014 2.54632 1.52754 1.54017 2.28656 1.67302 5.33718 4.75603 3.85439 7.57319 3.55288 3.28982 5.65886 4.34731
threshold=45.349083655819506 0.52000000000000013 20.403883444634864 0.036842105263157905 30.015400967780213 30.133454156720713 31.104159062374205 0.48947368421052634 1.1300000000000001 0.90000000000000013 0.76476693557832365 0.91666666666666685 0.48284040277572748 0.25000000000000006
decision_type=2 2 2 2 2 2 2 2 2 2 2 2 2 2
left_child=2 -2 -1 4 -4 10 7 -7 -9 -10 -5 13 -13 -8
right_child=1 -3 3 5 -6 6 11 8 9 -11 -12 12 -14 -15
leaf_value=-0.00026937238431771869 0.0049322669513632532 0.00047274622047269069 -7.4652228369866965e-05 2.0138250973809059e-05 -0.0008847960757488682 -0.00052806394587256338 8.7607124212532028e-05 -0.00025685823324521405 0.00039347572539336187 -0.00037048943327750995 0.00067649426052132536 8.3307712905269506e-05 0.0008970575349349641 -8.5422877394574214e-05
leaf_weight=840 96 672 8544 93480 96 2904 26832 8406 1986 816 888 9072 1680 51048
leaf_count=840 96 672 8544 93480 96 2904 26832 8406 1986 816 888 9072 1680 51048
internal_value=-1.04167e-05 0.00364583 -2.40087e-05 -1.01093e-05 -0.00105556 3.57157e-05 -0.000187651 -0.00163265 -0.000885082 0.00168451 0.000278908 4.24226e-05 0.00135417 -0.000138675
internal_weight=207360 768 206592 205752 8640 197112 102744 14112 11208 2802 94368 88632 10752 77880
internal_count=207360 768 206592 205752 8640 197112 102744 14112 11208 2802 94368 88632 10752 77880
is_linear=0
shrinkage=0.08


Tree=112
num_leaves=15
num_cat=0
split_feature=12 5 2 4 6 2 6 0 2 4 4 8 6 2
split_gain=1.68889 6.15931 4.03026 8.16915 8.13428 6.22518 6.28286 8.45936 6.43596 7.27244 5.89443 8.01778 6.28699 5.60578
threshold=1.1300000000000001 42.711553493862681 0.75000000000000011 0.13636363636363638 23.728949178890208 0.41666666666666669 28.910200617966371 0.88947368421052642 0.58333333333333337 0.13636363636363638 1.0000000180025095e-35 0.60002372590859621 34.595672834545759 1.0000000180025095e-35
decision_type=2 2 2 2 2 2 2 2 2 2 2 2 2 2
left_child=-1 2 5 4 -4 13 8 -8 9 -7 -6 12 -12 -2
right_child=1 -3 3 -5 10 6 7 -9 -10 -11 11 -13 -14 -15
leaf_value=1.4499706898898346e-05 -0.00011926738019787387 -0.00057179517410217435 -0.00030562730570055319 -0.0001539841091789329 7.6453186852567525e-05 2.5267169624373365e-05 -0.00024856280997138214 -0.00075113485454662452 -0.00016794937215198981 0.0004754240080954153 0.00056922684012883362 0.0018373774605488324 -0.00018780568701969093 7.5277271992125753e-05
leaf_weight=155520 7098 1548 1056 5184 3936 2274 7674 858 2784 798 3120 138 726 14646
leaf_count=155520 7098 1548 1056 5184 3936 2274 7674 858 2784 798 3120 138 726 14646
internal_value=-8.87346e-06 -0.000404321 -0.000251332 0.000892655 0.00235294 -0.000699657 -0.00199055 -0.00337553 2.73224e-05 0.00255208 0.00323232 0.00540161 0.00472179 0.000154525
internal_weight=207360 51840 50292 14160 8976 36132 14388 8532 5856 3072 7920 3984 3846 21744
internal_count=207360 51840 50292 14160 8976 36132 14388 8532 5856 3072 7920 3984 3846 21744
is_linear=0
shrinkage=0.08


Tree=113
num_leaves=15
num_cat=0
split_feature=0 6 12 0 6 0 5 6 0 8 6 2 12 8
split_gain=1.61819 6.2887 4.66861 2.59882 6.1675 5.91261 4.32365 3.9273 6.34539 3.69557 4.19474 3.79547 3.45459 3.28799
threshold=0.4578947368421053 35.845866829727576 0.82000000000000017 0.67894736842105274 29.893552987076848 0.60526315789473695 38.939821580390351 39.285585940039155 0.74210526315789482 0.29512626978622075 41.925423418838598 0.75000000000000011 0.52000000000000013 0.19754886410199077
decision_type=2 2 2 2 2 2 2 2 2 2 2 2 2 2
left_child=1 -1 -3 4 -2 -6 13 -5 -9 10 11 -8 -10 -7
right_child=3 2 -4 7 5 6 9 8 12 -11 -12 -13 -14 -15
leaf_value=-1.3971322570984767e-05 0.00087889762890372089 -0.0021197953059683529 -0.00016684561335534199 1.078797975354373e-05 -2.5693707227549825e-05 -0.00034269453828559285 0.0021606001264275541 3.8228707028755692e-05 0.00067549239614775661 0.00024838932594285713 0.00056715028881505704 0.00043727148158703157 -0.00088630637145485028 0.00025250752344565532
leaf_weight=93360 1248 630 1050 60024 29064 1680 840 4032 363 2736 1392 432 2541 7968
leaf_count=93360 1248 630 1050 60024 29064 1680 840 4032 363 2736 1392 432 2541 7968
internal_value=-1.15741e-06 -0.000244108 -0.00509524 0.000204416 0.000671958 0.000515053 0.00180223 -0.000112306 -0.00191465 0.00361481 0.00573574 0.0090566 -0.00476584 0.000787728
internal_weight=207360 95040 1680 112320 45360 44112 15048 66960 6936 5400 2664 1272 2904 9648
internal_count=207360 95040 1680 112320 45360 44112 15048 66960 6936 5400 2664 1272 2904 9648
is_linear=0
shrinkage=0.08


Tree=114
num_leaves=15
num_cat=0
split_feature=6 12 9 8 9 8 0 6 0 6 0 6 2 2
split_gain=1.46834 1.88191 1.4795 1.58512 1.58263 2.00952 1.58876 1.63863 5.12591 3.62488 2.71769 1.95012 1.6267 2.47565
threshold=45.354823791791453 0.52000000000000013 0.44677632932052969 0.75700653409482233 0.33545366478836292 0.21400350314166947 1.0000000180025095e-35 28.910200617966371 0.31052631578947371 26.204328197656377 0.97368421052631593 29.960999727822102 0.75000000000000011 1.0000000180025095e-35
decision_type=2 2 2 2 2 2 2 2 2 2 2 2 2 2
left_child=2 -2 4 -4 6 -6 -1 9 11 12 -10 -9 13 -8
right_child=1 -3 3 -5 5 -7 7 8 10 -11 -12 -13 -14 -15
leaf_value=-0.00021380701714047713 0.0042569190174628346 0.00038111741524412326 8.9546671007063592e-05 -0.00034032985061455357 -8.2741707885085618e-05 2.7289548021460774e-05 -0.00011116590823410988 -0.00021396098946384725 -1.0287838739087008e-06 0.00011324744968377543 -0.00038591491594641925 -0.00069688925516336213 -0.00010790990748917429 5.202672554631249e-05
leaf_weight=1008 93 651 22368 1128 38496 17880 3600 1056 71832 22632 672 360 8688 16896
leaf_count=1008 93 651 22368 1128 38496 17880 3600 1056 71832 22632 672 360 8688 16896
internal_value=7.71605e-07 0.00354839 -1.20029e-05 0.000585632 -8.8685e-05 -0.000441323 6.81689e-05 9.35293e-05 -0.000148268 0.000438475 -5.51694e-05 -0.00491525 -0.000150768 0.000238095
internal_weight=207360 744 206616 23496 183120 56376 126744 125736 73920 51816 72504 1416 29184 20496
internal_count=207360 744 206616 23496 183120 56376 126744 125736 73920 51816 72504 1416 29184 20496
is_linear=0
shrinkage=0.08


Tree=115
num_leaves=15
num_cat=0
split_feature=0 5 12 5 12 12 0 2 6 8 0 12 0 4
split_gain=1.57195 5.61762 6.60698 2.48736 5.24483 6.08276 5.11585 4.86142 4.57801 4.00904 3.10572 4.17145 5.43407 2.47939
threshold=0.46842105263157902 35.937867084967699 0.82000000000000017 32.98888669474308 0.82000000000000017 1.1300000000000001 0.41578947368421054 0.58333333333333337 28.910200617966371 0.339796456720734 0.33157894736842114 0.52000000000000013 0.39473684210526322 0.13636363636363638
decision_type=2 2 2 2 2 2 2 2 2 2 2 2 2 2
left_child=1 3 -3 8 -5 6 7 -6 10 -7 -1 12 -12 -13
right_child=-2 2 -4 4 5 9 -8 -9 -10 -11 11 13 -14 -15
leaf_value=-9.2497735702623536e-06 2.5667020271766816e-05 -0.0018415878976546286 -8.4841044410302052e-05 -0.00042452176409412345 0.0016218033199928872 -0.00064228889146418445 0.00035468095644477506 0.00037011361562044431 -0.00015871818661851168 0.00018987644067586907 -0.0012318816473665883 0.0001529320228484199 0.0011547978684232341 0.00046783545668074302
leaf_weight=65112 110160 1035 1725 2349 576 432 1296 477 16464 1134 642 4137 183 1638
leaf_count=65112 110160 1035 1725 2349 576 432 1296 477 16464 1134 642 4137 183 1638
internal_value=-5.01543e-06 -0.000239506 -0.0037971 -0.000135536 0.00140485 0.00319796 0.00577267 0.00991453 -0.000244965 -0.000664112 3.12361e-05 0.00168485 -0.00363636 0.00244502
internal_weight=207360 97200 2760 94440 6264 3915 2349 1053 88176 1566 71712 6600 825 5775
internal_count=207360 97200 2760 94440 6264 3915 2349 1053 88176 1566 71712 6600 825 5775
is_linear=0
shrinkage=0.08


Tree=116
num_leaves=15
num_cat=0
split_feature=5 2 4 12 5 4 2 12 6 4 12 0 0 5
split_gain=1.41194 3.46204 25.1699 16.3314 10.0769 6.19896 17.9611 6.39036 7.34892 6.12422 14.63 11.3659 9.5717 6.26667
threshold=24.995019365207614 0.91666666666666685 0.13636363636363638 1.1300000000000001 35.482384960949723 0.13636363636363638 0.58333333333333337 0.52000000000000013 40.260871848531501 1.0000000180025095e-35 1.1300000000000001 0.30000000000000004 0.268421052631579 26.940282881709003
decision_type=2 2 2 2 2 2 2 2 2 2 2 2 2 2
left_child=-1 5 9 4 -4 -2 7 8 -7 -3 11 13 -12 -11
right_child=1 2 3 -5 -6 6 -8 -9 -10 10 12 -13 -14 -15
leaf_value=-3.6525473148338875e-05 3.7830565161200982e-05 8.0038007941882756e-05 0.000973799478080335 -0.00014092467043489654 -0.00092534052342096551 -0.00070997742597768366 -0.00034761104985856053 8.9250238858775696e-05 0.0057700471873901194 -0.00044731241125654407 0.00071458994569194463 -0.00039183981834418403 0.00012287177490498015 -0.00074794105710144446
leaf_weight=32352 101184 6936 5652 2064 540 3645 19944 27006 213 468 288 4788 1668 612
leaf_count=32352 101184 6936 5652 2064 540 3645 19944 27006 213 468 288 4788 1668 612
internal_value=-6.55864e-06 8.31962e-05 0.000997567 0.00453488 0.00658915 -5.52661e-05 -0.000776256 0.000432867 -0.00261275 -0.00098103 -0.00251534 -0.00451261 0.00347648 -0.0119259
internal_weight=207360 175008 23016 8256 6192 151992 50808 30864 3858 14760 7824 5868 1956 1080
internal_count=207360 175008 23016 8256 6192 151992 50808 30864 3858 14760 7824 5868 1956 1080
is_linear=0
shrinkage=0.08


Tree=117
num_leaves=15
num_cat=0
split_feature=0 6 12 12 0 0 12 5 2 6 12 2 2 2
split_gain=1.46376 2.75663 1.92224 3.56751 1.78124 5.03074 3.69534 2.38516 2.98671 2.20811 2.5803 3.7305 2.89847 3.59907
threshold=0.98421052631578954 29.893552987076848 0.82000000000000017 1.1300000000000001 0.58421052631578962 0.6473684210526317 0.52000000000000013 43.774092683067259 0.58333333333333337 35.404714906562425 0.52000000000000013 0.41666666666666669 0.25000000000000006 1.0000000180025095e-35
decision_type=2 2 2 2 2 2 2 2 2 2 2 2 2 2
left_child=4 2 -2 -4 -1 6 7 -6 -9 -7 11 -11 13 -12
right_child=1 -3 3 -5 5 9 -8 8 -10 10 12 -13 -14 -15
leaf_value=-1.4781631968805442e-05 -0.00058265035537192317 -0.0007557613020827647 0.00024653372085245982 -0.00019643057364231444 0.001366216663968558 3.9146236889147093e-05 0.00019611457149971924 0.0023576828853251186 0.007515009572950415 -0.00038002395082795462 -0.00019724379565511541 0.0019504403710559437 -0.00023320839503010226 0.0004527196698233027
leaf_weight=120960 1548 192 1548 1032 1449 47424 11340 99 72 1083 3024 1629 13461 2499
leaf_count=120960 1548 192 1548 1032 1449 47424 11340 99 72 1083 3024 1629 13461 2499
internal_value=-5.78704e-06 -0.00146296 -0.00102713 0.000310078 2.52167e-05 0.000312865 0.00175926 0.00533333 0.014269 4.16667e-05 -0.000626844 0.00168142 -0.000956595 0.000586638
internal_weight=207360 4320 4128 2580 203040 82080 12960 1620 171 69120 21696 2712 18984 5523
internal_count=207360 4320 4128 2580 203040 82080 12960 1620 171 69120 21696 2712 18984 5523
is_linear=0
shrinkage=0.08


Tree=118
num_leaves=15
num_cat=0
split_feature=6 2 4 12 2 2 2 5 4 12 12 6 12 4
split_gain=1.29787 1.49213 4.19816 1.48804 1.63556 1.25425 4.94097 12.9428 7.31338 5.63115 9.20068 5.10774 5.27703 8.81302
threshold=20.403883444634864 0.91666666666666685 0.13636363636363638 0.82000000000000017 1.0000000180025095e-35 1.0000000180025095e-35 0.25000000000000006 37.080025162268676 1.0000000180025095e-35 0.82000000000000017 1.1300000000000001 28.910200617966371 1.1300000000000001 1.0000000180025095e-35
decision_type=2 2 2 2 2 2 2 2 2 2 2 2 2 2
left_child=1 2 3 -1 -5 -2 7 11 -9 -10 -11 -7 -13 -14
right_child=5 -3 -4 4 -6 6 -8 8 9 10 -12 12 13 -15
leaf_value=8.3955431791968844e-05 -4.7971586123812807e-05 -0.00092586525962409013 0.00095281384710102946 0.00014203516898767533 -0.00051934257503247758 0.00013303859935975604 -1.0288135941214361e-05 0.0012043218816058365 -0.0006172181277567468 0.0013752928370777174 -0.00070577035264339559 -0.00022991313444844952 -0.00042184128662135832 0.00062678296376088576
leaf_weight=207 29880 144 144 45 300 12480 146856 1968 585 585 390 10332 1200 2244
leaf_count=207 29880 144 144 45 300 12480 146856 1968 585 585 390 10332 1200 2244
internal_value=-4.62963e-06 -0.00314286 -0.0016092 -0.00478261 -0.008 8.13481e-06 8.9221e-05 0.00102874 0.00557823 0.00148718 0.00521026 0.000417428 -0.000644599 0.00206736
internal_weight=207360 840 696 552 345 206520 176640 29784 3528 1560 975 26256 13776 3444
internal_count=207360 840 696 552 345 206520 176640 29784 3528 1560 975 26256 13776 3444
is_linear=0
shrinkage=0.08


Tree=119
num_leaves=15
num_cat=0
split_feature=12 5 2 4 5 4 2 2 4 5 5 2 2 0
split_gain=1.37245 6.12813 3.8416 6.26199 6.7471 4.41927 5.22937 4.92238 5.85729 4.00611 3.94601 4.69681 7.60094 6.14392
threshold=1.1300000000000001 42.995005878057619 0.75000000000000011 0.13636363636363638 22.654045859150042 1.0000000180025095e-35 0.25000000000000006 1.0000000180025095e-35 0.13636363636363638 38.011515386323687 36.868283363437321 0.25000000000000006 0.41666666666666669 0.30000000000000004
decision_type=2 2 2 2 2 2 2 2 2 2 2 2 2 2
left_child=-1 2 5 4 -4 10 7 -7 -9 -6 11 -2 -13 -14
right_child=1 -3 3 -5 9 6 -8 8 -10 -11 -12 12 13 -15
leaf_value=1.5683257429575106e-05 -0.00029019233422681532 -0.00062894611544709103 -0.00038932202208821987 -0.00012677386563023085 0.00031902354322313589 -3.6182255899868123e-05 -6.412257480628347e-05 2.2845128924082746e-05 0.00090365239369457175 -0.0002941361957052058 0.00015918245767019724 0.00055763338943463751 3.404757483240428e-05 -0.00056084501618482554
leaf_weight=155520 4470 1356 594 5184 7554 4476 15246 2274 2304 846 1926 1854 1392 2364
leaf_count=155520 4470 1356 594 5184 7554 4476 15246 2274 2304 846 1926 1854 1392 2364
internal_value=0 -0.000356481 -0.000213929 0.000902807 0.00217923 -0.00065003 -2.96296e-05 0.00149326 0.0033377 0.0027619 -0.00190571 -0.00253968 -0.000998217 -0.00306709
internal_weight=207360 51840 50484 14178 8994 36306 24300 9054 4578 8400 12006 10080 5610 3756
internal_count=207360 51840 50484 14178 8994 36306 24300 9054 4578 8400 12006 10080 5610 3756
is_linear=0
shrinkage=0.08


end of trees

feature_importances:
Column_0=556
Column_12=454
Column_5=206
Column_6=189
Column_2=130
Column_4=74
Column_8=57
Column_10=11
Column_9=3

parameters:
[boosting: gbdt]
[objective: quantile]
[metric: quantile]
[tree_learner: serial]
[device_type: cpu]
[data_sample_strategy: bagging]
[data: ]
[valid: ]
[num_iterations: 120]
[learning_rate: 0.08]
[num_leaves: 15]
[num_threads: 0]
[seed: 42]
[deterministic: 0]
[force_col_wise: 0]
[force_row_wise: 0]
[histogram_pool_size: -1]
[max_depth: -1]
[min_data_in_leaf: 20]
[min_sum_hessian_in_leaf: 0.001]
[bagging_fraction: 1]
[pos_bagging_fraction: 1]
[neg_bagging_fraction: 1]
[bagging_freq: 0]
[bagging_seed: 400]
[bagging_by_query: 0]
[feature_fraction: 1]
[feature_fraction_bynode: 1]
[feature_fraction_seed: 30056]
[extra_trees: 0]
[extra_seed: 12879]
[early_stopping_round: 0]
[early_stopping_min_delta: 0]
[first_metric_only: 0]
[max_delta_step: 0]
[lambda_l1: 0]
[lambda_l2: 0]
[linear_lambda: 0]
[min_gain_to_split: 0]
[drop_rate: 0.1]
[max_drop: 50]
[skip_drop: 0.5]
[xgboost_dart_mode: 0]
[uniform_drop: 0]
[drop_seed: 17869]
[top_rate: 0.2]
[other_rate: 0.1]
[min_data_per_group: 100]
[max_cat_threshold: 32]
[cat_l2: 10]
[cat_smooth: 10]
[max_cat_to_onehot: 4]
[top_k: 20]
[monotone_constraints: ]
[monotone_constraints_method: basic]
[monotone_penalty: 0]
[feature_contri: ]
[forcedsplits_filename: ]
[refit_decay_rate: 0.9]
[cegb_tradeoff: 1]
[cegb_penalty_split: 0]
[cegb_penalty_feature_lazy: ]
[cegb_penalty_feature_coupled: ]
[path_smooth: 0]
[interaction_constraints: ]
[verbosity: -1]
[saved_feature_importance_type: 0]
[use_quantized_grad: 0]
[num_grad_quant_bins: 4]
[quant_train_renew_leaf: 0]
[stochastic_rounding: 1]
[linear_tree: 0]
[max_bin: 255]
[max_bin_by_feature: ]
[min_data_in_bin: 3]
[bin_construct_sample_cnt: 200000]
[data_random_seed: 175]
[is_enable_sparse: 1]
[enable_bundle: 1]
[use_missing: 1]
[zero_as_missing: 0]
[feature_pre_filter: 1]
[pre_partition: 0]
[two_round: 0]
[header: 0]
[label_column: ]
[weight_column: ]
[group_column: ]
[ignore_column: ]
[categorical_feature: ]
[forcedbins_filename: ]
[precise_float_parser: 0]
[parser_config_file: ]
[objective_seed: 16083]
[num_class: 1]
[is_unbalance: 0]
[scale_pos_weight: 1]
[sigmoid: 1]
[boost_from_average: 1]
[reg_sqrt: 0]
[alpha: 0.5]
[fair_c: 1]
[poisson_max_delta_step: 0.7]
[tweedie_variance_power: 1.5]
[lambdarank_truncation_level: 30]
[lambdarank_norm: 1]
[label_gain: ]
[lambdarank_position_bias_regularization: 0]
[eval_at: ]
[multi_error_top_k: 1]
[auc_mu_weights: ]
[num_machines: 1]
[local_listen_port: 12400]
[time_out: 120]
[machine_list_filename: ]
[machines: ]
[gpu_platform_id: -1]
[gpu_device_id: -1]
[gpu_device_id_list: ]
[gpu_use_dp: 0]
[num_gpu: 1]

end of parameters

pandas_categorical:null
