tree
version=v4
num_class=1
num_tree_per_iteration=1
label_index=0
max_feature_idx=12
objective=quantile
feature_names=Column_0 Column_1 Column_2 Column_3 Column_4 Column_5 Column_6 Column_7 Column_8 Column_9 Column_10 Column_11 Column_12
feature_infos=[0:1] [0:23.75] [0:1] [0:1] [0:0.18181818181818182] [19.303046432110836:46.514387027483046] [19.303046432110836:46.514387027483046] [27.418761854969791:84.014308517749271] [0:1] [0:0.75130242253100099] [0:1] [0:1] [0.40000000000000002:1.26]
tree_sizes=1441 1528 1537 1528 1542 1517 1530 1533 1532 1530 1537 1548 1536 1539 1547 1555 1555 1556 1553 1560 1557 1567 1547 1554 1561 1559 1561 1571 1580 1571 1568 1573 1577 1573 1569 1586 1569 1579 1584 1588 1588 1583 1587 1580 1591 1589 1590 1582 1589 1597 1589 1595 1590 1595 1590 1577 1598 1589 1588 1599 1606 1596 1604 1598 1596 1592 1599 1595 1599 1596 1597 1603 1597 1602 1592 1603 1602 1615 1598 1593 1608 1597 1599 1620 1595 1597 1590 1603 1591 1596 1607 1609 1601 1595 1573 1594 1586 1600 1574 1594 1595 1616 1560 1596 1605 1582 1592 1596 1585 1613 1589 1596 1583 1588 1604 1580 1585 1610 1602 1559

Tree=0
num_leaves=15
num_cat=0
split_feature=12 6 12 5 0 0 5 0 0 5 0 8 0 8
split_gain=4873.16 4097.1 802.361 2273.84 501.243 497.52 373.27 259.73 438.33 171.241 136.575 148.683 77.2925 147.551
threshold=0.52000000000000013 29.73350195717769 0.82000000000000017 35.937867084967699 0.37368421052631584 0.88947368421052642 40.473799786730019 0.37368421052631584 0.88947368421052642 32.362720402585801 0.50000000000000011 1.1252651467425375e-24 0.50000000000000011 0.015539972996364662
decision_type=2 2 2 2 2 2 2 2 2 2 2 2 2 2
left_child=1 7 3 9 -3 -6 10 -1 -9 -2 -5 -12 -11 -14
right_child=2 4 -4 6 5 -7 -8 8 -10 12 11 -13 13 -15
leaf_value=1.1624178087082533 1.1679786559346446 1.1763103703747435 1.1495634676432525 1.1869648718496126 1.251391158406177 1.1904766948014185 1.2127551038869091 1.2102399213405193 1.1820427484804303 1.177131809436736 1.1903588653918167 1.2031804279370748 1.1826869002161493 1.1943819688728252
leaf_weight=9090 32880 630 129600 1170 12096 933 3528 1134 2037 2598 1344 3942 2886 3492
leaf_count=9090 32880 630 129600 1170 12096 933 3528 1134 2037 2598 1344 3942 2886 3492
internal_value=1.18542 1.21787 1.18079 1.1892 1.24801 1.25138 1.22351 1.1843 1.20401 1.18102 1.21207 1.21754 1.19081 1.19555
internal_weight=207360 25920 181440 51840 13659 13029 9984 12261 3171 41856 6456 5286 8976 6378
internal_count=207360 25920 181440 51840 13659 13029 9984 12261 3171 41856 6456 5286 8976 6378
is_linear=0
shrinkage=1


Tree=1
num_leaves=15
num_cat=0
split_feature=12 6 12 5 0 0 5 10 8 6 0 0 0 8
split_gain=4627.87 3888.31 718.259 1924.24 464.209 459.259 344.969 286.272 186.901 145.254 128.893 110.208 91.4213 102.002
threshold=0.52000000000000013 29.893552987076848 0.82000000000000017 35.937867084967699 0.39473684210526322 0.88947368421052642 39.650856901844683 1.0000000180025095e-35 0.25511056923497938 32.368489471242562 0.39473684210526322 0.88947368421052642 0.50000000000000011 0.0057218503089115835
decision_type=2 2 2 2 2 2 2 2 2 2 2 2 2 2
left_child=1 7 3 9 -3 -6 12 8 -1 -2 -10 -9 -5 -14
right_child=2 4 -4 6 5 -7 -8 11 10 -11 -12 -13 13 -15
leaf_value=-0.015814016622550574 -0.016154843825391757 0.0041025866153394479 -0.03299111401015109 0.0001958318987020391 0.061169888542450652 0.0048053404202482849 0.023963995576424129 0.023788051728580284 0.00067367684940328242 0.0031967383678437678 0.02388159441180596 0.0047822579074065352 0.0038957863655274139 0.015537070264169514
leaf_weight=10608 32898 879 129600 1050 11601 870 4332 513 549 8958 531 369 1236 3366
leaf_count=10608 32898 879 129600 1050 11601 870 4332 513 549 8958 531 369 1236 3366
internal_value=-0.000299385 0.031321 -0.00481658 0.00314197 0.0613873 0.0653478 0.0347003 -0.00061098 -0.00392745 -0.00438571 0.0277778 0.0433379 0.0216815 0.0265415
internal_weight=207360 25920 181440 51840 13350 12471 9984 12570 11688 41856 1080 882 5652 4602
internal_count=207360 25920 181440 51840 13350 12471 9984 12570 11688 41856 1080 882 5652 4602
is_linear=0
shrinkage=0.08


Tree=2
num_leaves=15
num_cat=0
split_feature=12 6 12 5 0 0 0 0 5 5 0 8 0 8
split_gain=4332.13 3618.02 650.689 1604.59 436.709 398.735 329.554 434.674 309.035 135.283 96.573 114.757 75.7659 149.57
threshold=0.52000000000000013 30.133454156720713 0.82000000000000017 35.937867084967699 0.41578947368421054 0.88947368421052642 0.37368421052631584 0.88947368421052642 41.043891785353843 30.993213074548894 0.51052631578947383 0.013012016303263147 0.48947368421052634 0.015539972996364662
decision_type=2 2 2 2 2 2 2 2 2 2 2 2 2 2
left_child=1 6 3 9 -3 -6 -1 -8 10 -2 -5 -12 -11 -14
right_child=2 4 -4 8 5 -7 7 -9 -10 12 11 -13 13 -15
leaf_value=-0.019817627079137593 -0.020646256607449499 0.0069601164130615812 -0.030351824889339005 0.0022664861161862311 0.056891976740954746 0.0045090317626920217 0.022448710056392641 -0.0024597713167811897 0.024142606640837928 -0.0099688255533159527 0.004844029505460647 0.015888642157608449 -0.0038519135330163769 0.0073777669786168152
leaf_weight=9246 29004 1131 129600 1404 11019 789 1554 2181 2934 3744 1566 4080 4284 4824
leaf_count=9246 29004 1131 129600 1404 11019 789 1554 2181 2934 3744 1566 4080 4284 4824
internal_value=-0.000599539 0.0299938 -0.00497002 0.00260494 0.0599311 0.0644797 0.000153453 0.0202088 0.0314231 -0.00426912 0.0223433 0.0270124 0.00256333 0.00650154
internal_weight=207360 25920 181440 51840 12939 11808 12981 3735 9984 41856 7050 5646 12852 9108
internal_count=207360 25920 181440 51840 12939 11808 12981 3735 9984 41856 7050 5646 12852 9108
is_linear=0
shrinkage=0.08


Tree=3
num_leaves=15
num_cat=0
split_feature=12 5 0 12 5 0 10 5 5 8 0 0 0 8
split_gain=3985.25 3322.21 576.66 576.074 1338.63 336.41 270.299 248.09 151.889 146.495 102.451 88.9591 75.8436 84.8345
threshold=0.52000000000000013 30.062081781083961 0.43684210526315798 0.82000000000000017 37.737656716370857 0.86842105263157909 1.0000000180025095e-35 33.798266606553156 42.42564285169162 0.25511056923497938 0.41578947368421054 0.88947368421052642 0.52105263157894754 0.034804357381172664
decision_type=2 2 2 2 2 2 2 2 2 2 2 2 2 2
left_child=1 6 -3 4 7 -4 9 -2 12 -1 -11 -8 -6 -14
right_child=3 2 5 -5 8 -7 11 -9 -10 10 -12 -13 13 -15
leaf_value=-0.013485222557781142 -0.010283292292003723 0.0078438378319786589 0.05331440179517509 -0.027923678898191879 0.0053185921932856805 0.0084869797468834357 0.018844923847120342 0.0064697679880249478 0.025143807987515868 0.0033649561704951836 0.022248741931352747 0.0042369423945160453 0.0082265860352506402 0.018299570647842087
leaf_weight=10737 36966 1782 10290 129600 1032 981 687 8136 1746 633 378 432 1164 2796
leaf_count=10737 36966 1782 10290 129600 1032 981 687 8136 1746 633 378 432 1164 2796
internal_value=-0.000954091 0.0283889 0.0568249 -0.00514595 0.00198148 0.063511 -0.000458228 -0.00298736 0.0352413 -0.00403677 0.0250762 0.0371117 0.0281378 0.0331717
internal_weight=207360 25920 13053 181440 51840 11271 12867 45102 6738 11748 1011 1119 4992 3960
internal_count=207360 25920 13053 181440 51840 11271 12867 45102 6738 11748 1011 1119 4992 3960
is_linear=0
shrinkage=0.08


Tree=4
num_leaves=15
num_cat=0
split_feature=12 5 0 12 6 0 0 0 5 5 0 8 0 0
split_gain=3607.23 3006.56 548.675 533.177 1122.69 376.353 254.593 319.325 220.633 141.498 84.5317 170.048 73.7667 95.9704
threshold=0.52000000000000013 30.126795513146089 0.44736842105263164 0.82000000000000017 36.059421933705302 0.84736842105263166 0.37368421052631584 0.88947368421052642 41.932593331801648 30.198147919139242 0.48947368421052634 9.1402108196140339e-25 0.76315789473684215 0.53157894736842115
decision_type=2 2 2 2 2 2 2 2 2 2 2 2 2 2
left_child=1 6 -3 4 9 -4 -1 -8 12 -2 -11 -12 13 -6
right_child=3 2 5 -5 8 -7 7 -9 -10 10 11 -13 -14 -15
leaf_value=-0.017814794710968161 -0.024522343376276085 0.0080960418040943588 0.049916520736091423 -0.025689784586336532 0.004090886313479038 0.0095330184737508605 0.017518570784286532 -0.0020014211931015584 0.021650284950679631 -0.0095799889895728327 -0.0050626631215367904 0.0069806445989207015 0.0025798313508554925 0.013931349592500329
leaf_weight=9099 26142 1962 9648 129600 1560 1341 1548 2322 2142 4902 4926 6102 1512 4554
leaf_count=9099 26142 1962 9648 129600 1560 1341 1548 2322 2142 4902 4926 6102 1512 4554
internal_value=-0.00125617 0.0266605 0.0539257 -0.00524427 0.00161265 0.0608834 -0.000566892 0.0166202 0.0260459 -0.00406009 0.00188324 0.00576859 0.0196737 0.0235865
internal_weight=207360 25920 12951 181440 51840 10989 12969 3870 9768 42072 15930 11028 7626 6114
internal_count=207360 25920 12951 181440 51840 10989 12969 3870 9768 42072 15930 11028 7626 6114
is_linear=0
shrinkage=0.08


Tree=5
num_leaves=15
num_cat=0
split_feature=12 6 0 12 5 0 5 6 6 0 0 8 0 0
split_gain=3214.46 2732.72 593.212 468.771 943.538 430.273 199.018 177.049 129.045 123.143 68.1697 92.2507 67.8378 67.3085
threshold=0.52000000000000013 32.368489471242562 0.37368421052631584 0.82000000000000017 36.05185621902654 0.88947368421052642 42.42564285169162 34.595672834545759 29.893552987076848 0.4578947368421053 0.52105263157894754 0.043557250879050859 0.81578947368421062 0.46842105263157902
decision_type=2 2 2 2 2 2 2 2 2 2 2 2 2 2
left_child=1 2 -1 4 8 9 10 13 -2 -4 -6 -12 -11 -3
right_child=3 7 5 -5 6 -7 -8 -9 -10 12 11 -13 -14 -15
leaf_value=-0.015707911325856666 -0.025526414805409629 0.0083898323209788822 0.0072554845615800537 -0.023634601819429602 0.0024342582871334558 -0.0010171448633406073 0.021400280552460221 0.050072372941809128 0.00097003692093240463 0.024255491196827725 0.0050219867009617869 0.01384708320867001 0.012635209491467949 0.027060519118996797
leaf_weight=9621 25140 705 1251 129600 1668 2754 1746 6510 16920 1905 2058 4308 918 2256
leaf_count=9621 25140 705 1251 129600 1668 2754 1746 6510 16920 1905 2058 4308 918 2256
internal_value=-0.0016277 0.0247253 0.00501477 -0.00539242 0.00103704 0.0230486 0.0234192 0.0589581 -0.00416738 0.0395601 0.0180991 0.0218712 0.048819 0.0427396
internal_weight=207360 25920 16449 181440 51840 6828 9780 9471 42060 4074 8034 6366 2823 2961
internal_count=207360 25920 16449 181440 51840 6828 9780 9471 42060 4074 8034 6366 2823 2961
is_linear=0
shrinkage=0.08


Tree=6
num_leaves=15
num_cat=0
split_feature=12 5 0 12 5 0 0 5 0 0 0 5 5 0
split_gain=2879.21 2449.16 518.282 422.126 795.739 371.938 262.025 208.285 181.723 88.7844 98.6209 87.4495 74.1607 54.2212
threshold=0.52000000000000013 32.362720402585801 0.37368421052631584 0.82000000000000017 34.998069903465364 0.88947368421052642 0.46842105263157902 39.650856901844683 0.7947368421052633 0.46842105263157902 0.77368421052631586 29.888415179087833 43.206043710636415 0.47894736842105268
decision_type=2 2 2 2 2 2 2 2 2 2 2 2 2 2
left_child=1 2 -1 4 11 9 -3 -6 -8 -4 -11 -2 -9 -13
right_child=3 6 5 -5 7 -7 8 12 -10 10 -12 13 -14 -15
leaf_value=-0.014563892265194164 -0.023298965496199173 0.0093363603619659105 0.0075143477170928653 -0.021743833673875237 0.0069943350607339387 -0.00081918905588640998 0.045865337059196508 0.012615209276782658 0.014011822055992572 0.023582525336502271 0.012203737599469182 -0.010838697822481562 0.02191943604526907 0.0020939264134566152
leaf_weight=9576 25122 1359 1215 129600 7686 2820 6750 3174 1371 1458 1371 4374 1158 10326
leaf_count=9576 25122 1359 1215 129600 7686 2820 6750 3174 1371 1458 1371 4374 1158 10326
internal_value=-0.00190702 0.0230339 0.0043601 -0.00547002 0.000631171 0.0211375 0.0554177 0.0186733 0.0608585 0.0366884 0.0444567 -0.00481382 0.0327018 8.70729e-05
internal_weight=207360 25920 16440 181440 51840 6864 9480 12018 8121 4044 2829 39822 4332 14700
internal_count=207360 25920 16440 181440 51840 6864 9480 12018 8121 4044 2829 39822 4332 14700
is_linear=0
shrinkage=0.08


Tree=7
num_leaves=15
num_cat=0
split_feature=12 5 0 12 5 0 0 0 5 0 0 0 0 5
split_gain=2587.36 2206.98 461.046 374.411 663.616 324.046 259.943 200.698 170.69 98.1771 86.6275 82.1144 165.168 54.5168
threshold=0.52000000000000013 32.362720402585801 0.37368421052631584 0.82000000000000017 34.917547438186382 0.87894736842105281 0.47894736842105268 0.78421052631578958 40.264917547027174 0.47894736842105268 0.77368421052631586 0.46842105263157902 0.77368421052631586 43.774092683067259
decision_type=2 2 2 2 2 2 2 2 2 2 2 2 2 2
left_child=1 2 -1 4 11 9 -3 -8 -6 -4 -11 -2 -13 -10
right_child=3 6 5 -5 8 -7 7 -9 13 10 -12 12 -14 -15
leaf_value=-0.013398780883978639 -0.021788050354988524 0.0097050690752049813 0.0071845223768776268 -0.020004326979965219 0.0066346771550867623 -8.9402168097127321e-07 0.042736251237716606 0.013834149306968441 0.012214203910015813 0.022076850701216642 0.011829603389769947 0.0050766284723054349 -0.0083423505108302255 0.022914562409873013
leaf_weight=9576 23250 1548 1296 129600 8496 3021 6369 1563 2952 1377 1170 6024 10344 774
leaf_count=9576 23250 1548 1296 129600 8496 3021 6369 1563 2952 1377 1170 6024 10344 774
internal_value=-0.00216474 0.0214784 0.00375182 -0.00554233 0.000203702 0.0195758 0.0522194 0.0580716 0.0165001 0.0349872 0.0441084 -0.00482367 -0.000482895 0.0307762
internal_weight=207360 25920 16440 181440 51840 6864 9480 7932 12222 3843 2547 39618 16368 3726
internal_count=207360 25920 16440 181440 51840 6864 9480 7932 12222 3843 2547 39618 16368 3726
is_linear=0
shrinkage=0.08


Tree=8
num_leaves=15
num_cat=0
split_feature=12 5 0 12 5 0 0 5 0 0 8 0 0 0
split_gain=2292.15 1993.29 556.259 321.681 554.45 321.235 142.293 135.475 109.803 97.626 114.567 73.1936 136.043 50.9753
threshold=0.52000000000000013 33.798266606553156 0.3842105263157895 0.82000000000000017 34.835283592384876 0.87894736842105281 0.50000000000000011 40.864686643558088 0.76315789473684215 0.48947368421052634 1.1252651467425375e-24 0.4578947368421053 0.7947368421052633 0.52105263157894754
decision_type=2 2 2 2 2 2 2 2 2 2 2 2 2 2
left_child=1 2 -1 4 11 9 -3 13 -8 -4 -11 -2 -13 -6
right_child=3 6 5 -5 7 -7 8 -9 -10 10 -12 12 -14 -15
leaf_value=-0.011293866340868224 -0.021493135204612889 0.0131196056666872 0.0071243523670897627 -0.018403980821568001 -0.00067891981746697058 0.00027862858329129889 0.041747540461471382 0.013992346347315759 0.016692203276670821 0.010488317067739464 0.021298216396622518 0.0040168315106316899 -0.0090885609145033384 0.0077225760002272107
leaf_weight=9930 22884 1269 1653 129600 2250 3165 4863 3132 1305 1818 1917 6828 9702 7044
leaf_count=9930 22884 1269 1653 129600 2250 3165 4863 3132 1305 1818 1917 6828 9702 7044
internal_value=-0.00243866 0.0198148 0.00574236 -0.00561773 -0.000291669 0.0206964 0.0547888 0.0144433 0.059808 0.0325791 0.039743 -0.00493713 -0.000880825 0.00959414
internal_weight=207360 25920 18483 181440 51840 8553 7437 12426 6168 5388 3735 39414 16530 9294
internal_count=207360 25920 18483 181440 51840 8553 7437 12426 6168 5388 3735 39414 16530 9294
is_linear=0
shrinkage=0.08


Tree=9
num_leaves=15
num_cat=0
split_feature=12 5 0 12 5 0 6 5 0 8 0 0 0 8
split_gain=2035.13 1775.35 542.786 277.037 466.423 273.634 114.832 109.215 84.6206 138.883 70.8746 113.666 67.8771 67.549
threshold=0.52000000000000013 34.49990858548248 0.37368421052631584 0.82000000000000017 34.917547438186382 0.90000000000000013 38.027074390700946 42.995005878057619 0.48947368421052634 9.1402108196140339e-25 0.44736842105263164 0.81578947368421062 0.51052631578947383 0.015539972996364662
decision_type=2 2 2 2 2 2 2 2 2 2 2 2 2 2
left_child=1 2 -1 4 10 8 12 -6 -4 -10 -2 -12 -3 -14
right_child=3 6 5 -5 7 -7 -8 -9 9 -11 11 -13 13 -15
leaf_value=-0.01130121270766642 -0.021236291207367579 0.010815758652570237 0.0061279651190434452 -0.01693166235584256 0.0063206035922943387 -0.0018090127843116758 0.041436438867619357 0.017118558413978528 0.0086961896196406756 0.019702880196476924 0.0031977186927375791 -0.010035112811944658 0.013047898012894467 0.030121697013223071
leaf_weight=9705 22548 882 2109 129600 10866 2685 3159 1356 2535 2265 8016 9054 810 1770
leaf_count=9705 22548 882 2109 129600 10866 2685 3159 1356 2535 2265 8016 9054 810 1770
internal_value=-0.00265702 0.0183117 0.00604839 -0.00565256 -0.000709878 0.0195422 0.0540571 0.0129524 0.0279647 0.0338333 -0.00492463 -0.00103574 0.0439931 0.0505426
internal_weight=207360 25920 19299 181440 51840 9594 6621 12222 6909 4800 39618 17070 3462 2580
internal_count=207360 25920 19299 181440 51840 9594 6621 12222 6909 4800 39618 17070 3462 2580
is_linear=0
shrinkage=0.08


Tree=10
num_leaves=15
num_cat=0
split_feature=12 5 0 11 0 12 12 0 0 0 5 0 0 0
split_gain=1778.31 1542 502.582 259.975 245.888 233.355 137.195 168.138 204.319 118.313 114.348 87.9925 65.8502 62.1551
threshold=0.52000000000000013 34.835283592384876 0.37368421052631584 1.0000000180025095e-35 0.85789473684210538 0.82000000000000017 0.82000000000000017 0.46842105263157902 0.77368421052631586 0.51052631578947383 39.650856901844683 0.73157894736842122 0.52105263157894754 0.7210526315789475
decision_type=2 2 2 2 2 2 2 2 2 2 2 2 2 2
left_child=1 2 -1 6 9 -5 7 -2 -9 -4 12 -11 -3 -14
right_child=3 10 4 5 -6 -7 -8 8 -10 11 -12 -13 13 -15
leaf_value=-0.010397247298140152 -0.015771952759707757 0.011668799915080576 0.0061650293641136861 0.011349331419890767 0.0012806188265258715 -0.0011923158649238897 -0.018850055754793961 0.0054457622728545764 -0.0059413731058384255 0.01900114332856985 0.04080084013516691 0.010464318868614233 0.029444871095100675 0.015413844442288355
leaf_weight=9708 24264 1014 2439 3978 3708 9945 119655 11820 11778 1950 2166 1902 1824 1209
leaf_count=9708 24264 1014 2439 3978 3708 9945 119655 11820 11778 1950 2166 1902 1824 1209
internal_value=-0.00283874 0.0167623 0.00580626 -0.00563889 0.0183946 0.00486504 -0.00651191 -0.00289198 0.00191609 0.0280261 0.0515139 0.036756 0.043574 0.0494744
internal_weight=207360 25920 19707 181440 9999 13923 167517 47862 23598 6291 6213 3852 4047 3033
internal_count=207360 25920 19707 181440 9999 13923 167517 47862 23598 6291 6213 3852 4047 3033
is_linear=0
shrinkage=0.08


Tree=11
num_leaves=15
num_cat=0
split_feature=12 5 0 5 0 12 12 0 0 5 0 8 0 0
split_gain=1548.85 1347.08 433.711 233.269 204.503 197.558 129.374 153.383 158.147 123.499 82.2332 93.2329 61.91 50.4522
threshold=0.52000000000000013 34.917547438186382 0.37368421052631584 39.650856901844683 0.87894736842105281 0.82000000000000017 0.82000000000000017 0.43684210526315798 0.80526315789473701 40.665243647325205 0.50000000000000011 0.02668632290573467 0.51052631578947383 0.53157894736842115
decision_type=2 2 2 2 2 2 2 2 2 2 2 2 2 2
left_child=1 2 -1 6 10 -5 7 -2 13 12 -4 -12 -3 -9
right_child=3 9 4 5 -6 -7 -8 8 -10 -11 11 -13 -14 -15
leaf_value=-0.0095656002948208228 -0.019066389190243622 0.010957894520171985 0.005392429280730012 0.010436491368448471 6.2763820909711527e-05 -0.0013972294088161962 -0.017596056019451335 -0.00031152693805680905 -0.0075577741295131682 0.040844141544565955 0.0086228990539406747 0.017325533816231732 0.024444140395638261 0.0053073033946589646
leaf_weight=9711 22680 972 2343 4332 3222 10830 118770 4284 10230 1665 2370 2163 3474 10314
leaf_count=9711 22680 972 2343 4332 3222 10830 118770 4284 10230 1665 2370 2163 3474 10314
internal_value=-0.00304591 0.0152469 0.00511727 -0.00565917 0.0167257 0.00384012 -0.00652536 -0.00299706 0.00134751 0.0480825 0.0245189 0.0308087 0.0411228 0.00669242
internal_weight=207360 25920 19809 181440 10098 15162 166278 47508 24828 6111 6876 4533 4446 14598
internal_count=207360 25920 19809 181440 10098 15162 166278 47508 24828 6111 6876 4533 4446 14598
is_linear=0
shrinkage=0.08


Tree=12
num_leaves=15
num_cat=0
split_feature=12 5 0 5 12 0 0 5 12 0 0 0 0 0
split_gain=1338.99 1150.7 404.059 211.341 190.628 182.24 109.429 105.686 102.965 123.236 122.642 56.9705 45.5081 59.5086
threshold=0.52000000000000013 35.575478574743919 0.37368421052631584 38.302941641563699 0.82000000000000017 0.83684210526315794 0.52105263157894754 40.864686643558088 0.82000000000000017 0.42631578947368426 0.82631578947368434 0.71052631578947378 0.53157894736842115 0.73157894736842122
decision_type=2 2 2 2 2 2 2 2 2 2 2 2 2 2
left_child=1 2 -1 8 -5 6 -4 12 9 -2 -11 -8 -3 -14
right_child=3 7 5 4 -6 -7 11 -9 -10 10 -12 -13 13 -15
leaf_value=-0.0088020045123822586 -0.019494436960340131 0.011857321418872104 0.00561078251326666 0.0089043944286052654 -0.0021266782148082974 0.0018515956215378329 0.017441113186193763 0.038094698096030458 -0.017188296106059032 0.0029800346340248247 -0.0089070154657018286 0.010045850858744121 0.02690153541419749 0.012889825658970398
leaf_weight=9714 22128 987 2772 5928 14820 4197 1935 1566 114780 14646 9138 1905 1836 1008
leaf_count=9714 22128 987 2772 5928 14820 4197 1935 1566 114780 14646 9138 1905 1836 1008
internal_value=-0.0032554 0.0137531 0.00510919 -0.00568519 0.00191324 0.0157506 0.0240266 0.0466229 -0.00666627 -0.00346437 0.000533466 0.0327708 0.0394654 0.044602
internal_weight=207360 25920 20523 181440 20748 10809 6612 5397 160692 45912 23784 3840 3831 2844
internal_count=207360 25920 20523 181440 20748 10809 6612 5397 160692 45912 23784 3840 3831 2844
is_linear=0
shrinkage=0.08


Tree=13
num_leaves=15
num_cat=0
split_feature=12 5 0 5 0 12 5 12 5 5 0 0 0 0
split_gain=1159.17 984.47 350.244 201.246 176.243 140.676 157.447 110.438 100.381 57.0563 55.454 49.7208 40.5628 69.4125
threshold=0.52000000000000013 35.76726248231909 0.40526315789473694 41.233528220406733 0.83684210526315794 0.82000000000000017 33.052244413820468 1.1300000000000001 41.043891785353843 44.146333004133396 0.52105263157894754 0.7210526315789475 0.52105263157894754 0.71052631578947378
decision_type=2 2 2 2 2 2 2 2 2 2 2 2 2 2
left_child=1 2 -1 5 10 6 -2 9 -3 -5 -4 -12 -8 -14
right_child=3 8 4 7 -6 -7 12 -9 -10 -11 11 -13 13 -15
leaf_value=-0.0065352158053970386 -0.0071970201333403684 0.020172723497223429 0.0061567053511056838 0.00344792999039608 0.0017040341779072641 -0.014110131244015492 -0.0017115123340741135 -0.012777379646090763 0.035440976544010121 0.0094363918715903421 0.016289556350024076 0.0088316995997382835 0.0073629677496877058 -8.2779760676442735e-05
leaf_weight=10488 34926 3726 2076 5400 4203 122760 3918 2736 1467 1440 2127 1833 5550 4710
leaf_count=10488 34926 3726 2076 5400 4203 122760 3918 2736 1467 1440 2127 1833 5550 4710
internal_value=-0.00344252 0.0123827 0.00457876 -0.00570326 0.0151038 -0.00633217 -0.00271326 0.00558396 0.0435309 0.0110175 0.0238622 0.0294141 0.00439667 0.00704093
internal_weight=207360 25920 20727 181440 10239 171864 49104 9576 5193 6840 6036 3960 14178 10260
internal_count=207360 25920 20727 181440 10239 171864 49104 9576 5193 6840 6036 3960 14178 10260
is_linear=0
shrinkage=0.08


Tree=14
num_leaves=15
num_cat=0
split_feature=12 5 0 5 12 0 12 0 0 6 0 8 12 5
split_gain=987.294 823.864 325.358 190.255 146.885 134.911 91.8808 110.581 97.6714 76.409 59.0633 76.2199 45.4718 59.5254
threshold=0.52000000000000013 36.44244315342565 0.36315789473684218 37.551528120246189 0.82000000000000017 0.90000000000000013 0.82000000000000017 0.40526315789473694 0.84736842105263166 41.0409125434674 0.50000000000000011 6.9449861658198163e-25 1.1300000000000001 43.206043710636415
decision_type=2 2 2 2 2 2 2 2 2 2 2 2 2 2
left_child=1 2 -1 6 -5 10 7 -2 -9 -3 -4 -12 13 -6
right_child=3 9 5 4 12 -7 -8 8 -10 -11 11 -13 -14 -15
leaf_value=-0.0082757694805139972 -0.021022131759637533 0.019366582637479351 0.0039092574672576512 0.00741063310744849 -0.0010909124483758071 -0.002077652275788564 -0.015351218283958001 0.0021624299675285143 -0.010122123899338214 0.032336911410657712 0.0060187200135533485 0.014205828064242492 -0.013838331640412775 0.0046653981813480263
leaf_weight=9450 21048 3012 2958 6942 8676 2700 112245 15768 8082 1470 2991 3339 6942 1737
leaf_count=9450 21048 3012 2958 6942 8676 2700 112245 15768 8082 1470 2991 3339 6942 1737
internal_value=-0.00355247 0.0110525 0.00453102 -0.00563889 0.000949251 0.0132813 -0.00665753 -0.00359891 0.000130816 0.0422454 0.017857 0.022218 -0.00298473 0.00035878
internal_weight=207360 25920 21438 181440 24297 11988 157143 44898 23850 4482 9288 6330 17355 10413
internal_count=207360 25920 21438 181440 24297 11988 157143 44898 23850 4482 9288 6330 17355 10413
is_linear=0
shrinkage=0.08


Tree=15
num_leaves=15
num_cat=0
split_feature=12 5 0 5 12 0 5 12 0 0 0 8 12 5
split_gain=834.565 673.937 273.359 183.644 151.909 106.211 81.6929 68.8435 87.288 73.1498 48.5219 64.2686 46.9351 57.4682
threshold=0.52000000000000013 36.44244315342565 0.35263157894736846 36.05185621902654 0.82000000000000017 0.91052631578947374 42.42564285169162 0.82000000000000017 0.3842105263157895 0.85789473684210538 0.50000000000000011 0.0085837501699646459 1.1300000000000001 43.206043710636415
decision_type=2 2 2 2 2 2 2 2 2 2 2 2 2 2
left_child=1 2 -1 7 -5 10 -3 8 -2 -10 -4 -12 13 -6
right_child=3 6 5 4 12 -7 -8 -9 9 -11 11 -13 -14 -15
leaf_value=-0.0084042243367395027 -0.022302971425555464 0.019021371707594235 0.0034385438876094795 0.0053410905740545389 -0.0012352319696875859 -0.0028759991398942032 0.032541794183871493 -0.016118618605907117 0.0014476338680347561 -0.010843572697598596 0.0056047664468428958 0.013352441890101688 -0.013079624974977696 0.0042921663268401834
leaf_weight=9180 19968 3609 3228 9780 12933 2430 873 105150 14604 7488 3420 3180 9780 1737
leaf_count=9180 19968 3609 3228 9780 12933 2430 873 105150 14604 7488 3420 3180 9780 1737
internal_value=-0.00369638 0.00973148 0.00383319 -0.00561464 -0.000336549 0.0116508 0.0379438 -0.00684193 -0.00410652 -0.000641682 0.0153537 0.0192848 -0.00370716 -0.000845264
internal_weight=207360 25920 21438 181440 34230 12258 4482 147210 42060 22092 9828 6600 24450 14670
internal_count=207360 25920 21438 181440 34230 12258 4482 147210 42060 22092 9828 6600 24450 14670
is_linear=0
shrinkage=0.08


Tree=16
num_leaves=15
num_cat=0
split_feature=12 5 0 5 12 0 5 12 0 0 0 8 12 5
split_gain=706.085 547.464 239.28 168.674 149.6 84.0206 68.4275 53.5459 74.0266 62.0504 45.9415 48.3134 45.3542 54.907
threshold=0.52000000000000013 36.759245327969943 0.33157894736842114 35.110213769505684 0.82000000000000017 0.92105263157894746 42.42564285169162 0.82000000000000017 0.37368421052631584 0.87894736842105281 0.46842105263157902 0.0085837501699646459 1.1300000000000001 44.574452998165263
decision_type=2 2 2 2 2 2 2 2 2 2 2 2 2 2
left_child=1 2 -1 7 -5 10 -3 8 -2 -10 -4 -12 13 -6
right_child=3 6 5 4 12 -7 -8 -9 9 -11 11 -13 -14 -15
leaf_value=-0.0090765380592787766 -0.021790560354537112 0.017768338234157743 0.0021733803432167141 0.0044339555850352709 -0.0010777365552311834 -0.0034459999282197631 0.029938450649161778 -0.016227912763428946 0.00092721060365678779 -0.01364130929811775 0.0048943280509378892 0.011730733245953071 -0.012584808061784117 0.005484117951916812
leaf_weight=8640 19422 3306 3261 11814 17154 2160 873 100065 14154 6450 3750 3930 11814 567
leaf_count=8640 19422 3306 3261 11814 17154 2160 873 100065 14154 6450 3750 3930 11814 567
internal_value=-0.00383565 0.00851543 0.00341806 -0.00560009 -0.00111036 0.0102337 0.0350342 -0.00692527 -0.00445231 -0.00111202 0.0130803 0.0164583 -0.00415372 -0.00159404
internal_weight=207360 25920 21741 181440 41349 13101 4179 140091 40026 20604 10941 7680 29535 17721
internal_count=207360 25920 21741 181440 41349 13101 4179 140091 40026 20604 10941 7680 29535 17721
is_linear=0
shrinkage=0.08


Tree=17
num_leaves=15
num_cat=0
split_feature=12 5 6 5 12 0 12 0 0 0 12 5 0 8
split_gain=604.309 450.894 163.017 135.993 135.217 125.579 49.4643 71.4105 58.5504 47.2004 47.1744 46.5981 35.5517 41.2304
threshold=0.52000000000000013 32.838924492491053 35.00177475663768 39.285585940039155 0.82000000000000017 0.31052631578947371 0.82000000000000017 0.37368421052631584 0.88947368421052642 0.93157894736842117 1.1300000000000001 44.146333004133396 0.48947368421052634 0.065732656260521008
decision_type=2 2 2 2 2 2 2 2 2 2 2 2 2 2
left_child=1 5 6 12 -4 -1 7 -2 -9 -7 11 -6 -3 -14
right_child=2 3 4 -5 10 9 -8 8 -10 -11 -12 -13 13 -15
leaf_value=-0.010013010832589729 -0.020046215910831222 0.0023329267800575636 0.0040494850855973393 0.021549297576742177 -0.0011176589144942816 0.0049235369875739515 -0.015122107980122985 0.00078550487457618515 -0.014948164498683823 -0.0046382238442050664 -0.011651714238613418 0.004518980950844638 0.0052331478805000735 0.015364519505037312
leaf_weight=8097 19428 1428 12000 2364 17136 7182 99600 14508 5904 1878 12000 864 2094 2877
leaf_count=8097 19428 1428 12000 2364 17136 7182 99600 14508 5904 1878 12000 864 2094 2877
internal_value=-0.00395409 0.00747222 -0.00558642 0.0222362 -0.00121714 -6.85454e-05 -0.00690247 -0.00452008 -0.00121576 0.00640176 -0.004088 -0.00149778 0.0161788 0.0193748
internal_weight=207360 25920 181440 8763 42000 17157 139440 39840 20412 9060 30000 18000 6399 4971
internal_count=207360 25920 181440 8763 42000 17157 139440 39840 20412 9060 30000 18000 6399 4971
is_linear=0
shrinkage=0.08


Tree=18
num_leaves=15
num_cat=0
split_feature=12 5 5 12 0 5 12 5 12 0 0 0 6 5
split_gain=518.432 376.159 155.345 123.741 112.625 109.021 48.4439 45.7487 40.4365 63.538 54.7933 39.2186 31.9983 31.5473
threshold=0.52000000000000013 32.906365119946436 34.49990858548248 0.82000000000000017 0.30000000000000004 39.285585940039155 1.1300000000000001 42.42564285169162 0.82000000000000017 0.37368421052631584 0.88947368421052642 0.94210526315789489 42.995005878057619 42.711553493862681
decision_type=2 2 2 2 2 2 2 2 2 2 2 2 2 2
left_child=1 4 8 12 -1 -3 7 -5 9 -2 -11 -6 -4 -7
right_child=2 5 3 6 11 13 -8 -9 -10 10 -12 -13 -14 -15
leaf_value=-0.010012407102677657 -0.018449876663213731 0.0087703077824778496 0.0024697856684270437 -0.0015540258803004767 0.0042696039531565028 0.017290283211502774 -0.010991326371707919 0.0028778371713075995 -0.014717170191062542 0.00069060169590898864 -0.013747920045498326 -0.0058052611231341322 0.011012368910903151 0.026502094789782903
leaf_weight=7830 19410 6297 11886 17244 7815 1590 13242 2619 96495 13302 5886 1614 1356 774
leaf_count=7830 19410 6297 11886 17244 7815 1590 13242 2619 96495 13302 5886 1614 1356 774
internal_value=-0.00406173 0.0065216 -0.00557364 -0.00157715 -0.000305466 0.0201261 -0.00419151 -0.0016928 -0.00694473 -0.00475631 -0.00149177 0.00558362 0.00495877 0.034775
internal_weight=207360 25920 181440 46347 17259 8661 33105 19863 135093 38598 19188 9429 13242 2364
internal_count=207360 25920 181440 46347 17259 8661 33105 19863 135093 38598 19188 9429 13242 2364
is_linear=0
shrinkage=0.08


Tree=19
num_leaves=15
num_cat=0
split_feature=12 0 8 5 12 0 0 0 5 12 0 0 0 8
split_gain=449.069 330.644 176.193 144.872 112.245 110.095 61.1371 126.996 42.833 35.5839 61.1294 53.2361 28.0198 26.2674
threshold=0.52000000000000013 0.42631578947368426 9.1402108196140339e-25 34.384999696425773 1.1300000000000001 0.54210526315789487 0.54210526315789487 0.70000000000000007 39.115168820953372 0.82000000000000017 0.37368421052631584 0.88947368421052642 0.94210526315789489 0.038479269914400004
decision_type=2 2 2 2 2 2 2 2 2 2 2 2 2 2
left_child=1 13 12 9 6 -4 -5 -8 -7 10 -2 -12 -3 -1
right_child=3 2 5 4 -6 8 7 -9 -10 -11 11 -13 -14 -15
leaf_value=-0.010534237019554579 -0.016973886530156631 0.0034745955316741613 0.0045671877305525355 -0.0042944129998898897 -0.010172002265426583 0.012594530609097 0.0031310226020702481 -0.0029583628511501386 0.020226515692286284 -0.01371844262880388 0.0006263334218677717 -0.012648086441858462 -0.0053525070895130405 0.0002255632297386036
leaf_weight=7308 19410 4749 2970 8700 13446 3720 14220 10695 1791 95985 13098 5886 1620 3762
leaf_count=7308 19410 4749 2970 8700 13446 3720 14220 10695 1791 95985 13098 5886 1620 3762
internal_value=-0.00414005 0.00570987 0.0135111 -0.00554718 -0.00172729 0.0210626 0.000743714 0.00275978 0.0277539 -0.00688495 -0.00482659 -0.00159882 0.00345549 -0.0047552
internal_weight=207360 25920 14850 181440 47061 8481 33615 24915 5511 134379 38394 18984 6369 11070
internal_count=207360 25920 14850 181440 47061 8481 33615 24915 5511 134379 38394 18984 6369 11070
is_linear=0
shrinkage=0.08


Tree=20
num_leaves=15
num_cat=0
split_feature=12 0 8 5 12 0 12 5 0 0 0 8 8 0
split_gain=388.045 280.428 150.175 138.33 122.006 100.009 47.1047 42.8194 38.3781 90.7707 34.5805 46.266 25.805 24.1229
threshold=0.52000000000000013 0.42631578947368426 0.010113988494202433 32.838924492491053 0.82000000000000017 0.54210526315789487 1.1300000000000001 39.115168820953372 0.7210526315789475 0.55263157894736847 0.51052631578947383 0.065732656260521008 0.015539972996364662 0.94210526315789489
decision_type=2 2 2 2 2 2 2 2 2 2 2 2 2 2
left_child=1 12 13 -2 10 -4 8 -7 9 -6 -5 -12 -1 -3
right_child=3 2 5 4 6 7 -8 -9 -10 -11 11 -13 -14 -15
leaf_value=-0.010370027046673167 -0.011850459058725846 0.0033104210298537757 0.0042018127121083255 -0.0025246605350512374 -0.0050043866583259246 0.01182818023902352 -0.010128051271485163 0.019081243143003815 -0.0051932279483461428 0.0011977742487712718 -0.00085884492801863426 0.0057288422598189203 0.00014163397936113755 -0.0049243065223519939
leaf_weight=7020 120099 4989 2970 3828 8208 3546 17526 1725 7515 10566 5094 8604 4050 1620
leaf_count=7020 120099 4989 2970 3828 8208 3546 17526 1725 7515 10566 5094 8604 4050 1620
internal_value=-0.00420872 0.00494753 0.012132 -0.00551676 -0.00242592 0.0193365 -0.00468242 0.0259518 -0.00254068 -0.000606799 0.00321534 0.00509388 -0.00469016 0.00314843
internal_weight=207360 25920 14850 181440 61341 8241 43815 5271 26289 18774 17526 13698 11070 6609
internal_count=207360 25920 14850 181440 61341 8241 43815 5271 26289 18774 17526 13698 11070 6609
is_linear=0
shrinkage=0.08


Tree=21
num_leaves=15
num_cat=0
split_feature=12 0 8 5 12 0 12 8 0 5 0 0 0 12
split_gain=338.831 242.91 147.635 126.804 119.774 61.9176 47.4413 39.2848 89.1012 34.8299 31.6059 30.3663 46.174 24.7502
threshold=0.52000000000000013 0.4578947368421053 0.023509568630965861 32.125521070071876 0.82000000000000017 0.54210526315789487 1.1300000000000001 0.045077682827133862 0.54210526315789487 38.780387115444604 0.27894736842105267 0.51052631578947383 0.71052631578947378 0.82000000000000017
decision_type=2 2 2 2 2 2 2 2 2 2 2 2 2 2
left_child=1 10 -3 13 11 -4 7 -6 -9 -7 -1 -5 -13 -2
right_child=3 2 5 4 6 9 -8 8 -10 -11 -12 12 -14 -15
leaf_value=-0.0090704240883300279 -0.0060510564667500622 0.0018045086193680005 0.0045480276257624779 -0.0023129464633629268 -0.0051977837687563859 0.011102361278467322 -0.0096359602209933459 -0.0055746950236452673 0.0010047213826816185 0.017554743622423017 0.00054634651301557909 0.0053773474421080891 -0.00079990727644731771 -0.016301246931110017
leaf_weight=7290 32268 6846 2160 4494 8433 3279 19572 8721 12204 1755 4590 8778 6300 80670
leaf_count=7290 32268 6846 2160 4494 8433 3279 19572 8721 12204 1755 4590 8778 6300 80670
internal_value=-0.00420409 0.00435185 0.0114758 -0.00542637 -0.00271081 0.0194785 -0.00482649 -0.00279256 -0.000934769 0.0243401 -0.00406734 0.00257838 0.00429871 -0.00707348
internal_weight=207360 25920 14040 181440 68502 7194 48930 29358 20925 5034 11880 19572 15078 112938
internal_count=207360 25920 14040 181440 68502 7194 48930 29358 20925 5034 11880 19572 15078 112938
is_linear=0
shrinkage=0.08


Tree=22
num_leaves=15
num_cat=0
split_feature=12 0 0 12 5 8 0 12 0 0 0 8 6 5
split_gain=313.204 345.994 161.104 99.8974 76.1521 42.5833 90.2457 99.3063 27.8236 41.1308 23.352 41.1081 24.646 20.4802
threshold=0.82000000000000017 0.37368421052631584 0.88947368421052642 0.52000000000000013 38.302941641563699 0.086574181483609278 0.55263157894736847 1.1300000000000001 0.53157894736842115 0.71052631578947378 0.53157894736842115 0.13610924167397298 29.73350195717769 42.995005878057619
decision_type=2 2 2 2 2 2 2 2 2 2 2 2 2 2
left_child=1 -1 3 4 10 -2 -7 -8 -5 -10 -3 12 -12 -6
right_child=5 2 -4 8 13 6 7 -9 9 -11 11 -13 -14 -15
leaf_value=-0.00979259634336767 -0.011436189740406643 0.001728842366148676 -0.0061182683884671383 -0.00029935520865566166 0.011050831126033668 -0.0084764105630887529 0.0011598580252388847 -0.0060703619652504237 0.0059007620662588677 0.00066342733024208679 0.0070252588034494237 0.011081701448103259 0.0025990598417776961 0.020856931566319653
leaf_weight=29160 77055 3540 8910 8100 2286 32325 12132 8088 9180 9180 459 2556 3711 678
leaf_count=29160 77055 3540 8910 8100 2286 32325 12132 8088 9180 9180 459 2556 3711 678
internal_value=-0.00420834 -0.000194446 0.00393909 0.00612144 0.0117974 -0.00661667 -0.0048606 -0.000668647 0.00328344 0.00500653 0.00853614 0.0113042 0.00640767 0.0230931
internal_weight=207360 77760 48600 39690 13230 129600 52545 20220 26460 18360 10266 6726 4170 2964
internal_count=207360 77760 48600 39690 13230 129600 52545 20220 26460 18360 10266 6726 4170 2964
is_linear=0
shrinkage=0.08


Tree=23
num_leaves=15
num_cat=0
split_feature=12 0 0 12 6 5 12 0 0 0 0 5 0 0
split_gain=284.951 304.05 137.058 84.2454 64.7279 46.009 52.4585 44.0585 89.166 21.8855 33.4556 21.5865 21.5314 21.8406
threshold=0.82000000000000017 0.37368421052631584 0.88947368421052642 0.52000000000000013 39.285585940039155 30.993213074548894 1.1300000000000001 0.52105263157894754 0.73157894736842122 0.54210526315789487 0.68947368421052646 44.574452998165263 0.71052631578947378 0.56315789473684219
decision_type=2 2 2 2 2 2 2 2 2 2 2 2 2 2
left_child=1 -1 3 4 -3 -2 7 -7 11 -5 -11 -9 13 -6
right_child=5 2 -4 9 12 6 -8 8 -10 10 -12 -13 -14 -15
leaf_value=-0.0090091886358982538 -0.017384220771644626 0.0045401748731322619 -0.0056288069173897719 -0.00020924623680633169 0.009056493021835239 -0.0063397861269535996 -0.0088248388346878794 0.00066583931332356598 -0.0044297667463533419 0.0059562599774675273 0.00080227725805660224 0.0040132697410887805 0.0057807355762638747 0.017258614285139185
leaf_weight=29160 72510 10866 8910 8640 504 9315 22836 14454 9918 7560 10260 567 606 1254
leaf_count=29160 72510 10866 8910 8640 504 9315 22836 14454 9918 7560 10260 567 606 1254
internal_value=-0.00423187 -0.000403294 0.0034716 0.0054845 0.0106969 -0.00652901 -0.00483027 -0.00285024 -0.00109676 0.0028783 0.00448036 0.00279023 0.0226937 0.0271763
internal_weight=207360 77760 48600 39690 13230 129600 57090 34254 24939 26460 17820 15021 2364 1758
internal_count=207360 77760 48600 39690 13230 129600 57090 34254 24939 26460 17820 15021 2364 1758
is_linear=0
shrinkage=0.08


Tree=24
num_leaves=15
num_cat=0
split_feature=12 0 0 8 12 5 0 12 0 0 0 5 0 8
split_gain=263.42 158.278 130.46 151.688 159.495 83.9664 34.8348 32.0145 34.8237 24.5125 24.3719 19.5871 17.353 37.9228
threshold=0.52000000000000013 0.25789473684210534 0.48947368421052634 0.013855276375641915 1.1300000000000001 38.302941641563699 0.56315789473684219 0.82000000000000017 0.88947368421052642 0.9526315789473685 0.67894736842105274 29.952643623461316 0.53157894736842115 0.11492292359080182
decision_type=2 2 2 2 2 2 2 2 2 2 2 2 2 2
left_child=1 -1 -2 7 6 9 -5 8 11 12 -8 -4 -3 -14
right_child=2 5 3 4 -6 -7 10 -9 -10 -11 -12 -13 13 -15
leaf_value=-0.0078865025831051754 -0.013014296393418457 0.0013299382048977296 0.0035038132380277648 -0.00049564299355412734 -0.006203156320642657 0.010855962679868625 0.0026809988749922496 -0.0079452232297343925 -0.009343258285537984 -0.005041907951569371 0.00060011674092032492 -0.00090209959083949122 0.0024232704426668948 0.0097207998207218139
leaf_weight=6750 88830 6510 1302 9450 13080 2964 14850 33450 5940 1350 8400 6138 5649 2697
leaf_count=6750 88830 6510 1302 9450 13080 2964 14850 33450 5940 1350 8400 6138 5649 2697
internal_value=-0.00423843 0.00330555 -0.00531614 -0.00321521 5.94127e-05 0.00701513 0.00304587 -0.0064164 -0.00310912 0.00475083 0.00471054 0.000537633 0.00568874 0.00810352
internal_weight=207360 25920 181440 92610 45780 19170 32700 46830 13380 16206 23250 7440 14856 8346
internal_count=207360 25920 181440 92610 45780 19170 32700 46830 13380 16206 23250 7440 14856 8346
is_linear=0
shrinkage=0.08


Tree=25
num_leaves=15
num_cat=0
split_feature=12 0 0 0 12 5 12 0 8 0 5 5 0 6
split_gain=259.841 261.092 118.148 49.55 62.7367 46.604 48.7569 41.7679 79.4286 41.5935 24.2985 18.1047 18.05 21.1935
threshold=0.82000000000000017 0.37368421052631584 0.81578947368421062 0.55263157894736847 0.52000000000000013 30.26085102695907 1.1300000000000001 0.51052631578947383 1.3051449739882548e-24 0.68947368421052646 39.115168820953372 44.574452998165263 0.91052631578947374 29.960999727822102
decision_type=2 2 2 2 2 2 2 2 2 2 2 2 2 2
left_child=1 -1 3 -3 9 -2 7 -7 -9 10 -5 -10 13 -4
right_child=5 2 12 4 -6 6 -8 8 11 -11 -12 -13 -14 -15
leaf_value=-0.0077082742304523033 -0.018715107571539456 0.0010301861236941283 0.0026005504819369136 0.010145693888666114 0.0034774045709024632 -0.0062009667785784981 -0.0080049546804232905 -0.0045487998055216061 0.00034609640845361967 0.0043914624375694612 0.015232541731368343 0.0034862713426763144 -0.0059400928243319405 -0.0017034753658485694
leaf_weight=29160 65865 13770 2025 2307 13500 9999 25494 10080 17595 3240 1203 567 7290 5265
leaf_count=29160 65865 13770 2025 2307 13500 9999 25494 10080 17595 3240 1203 567 7290 5265
internal_value=-0.00425579 -0.000599796 0.00299094 0.00557319 0.00809086 -0.00644938 -0.0049072 -0.00310055 -0.00152737 0.0143881 0.0204217 0.0016333 -0.0030343 -0.000219481
internal_weight=207360 77760 48600 34020 20250 129600 63735 38241 28242 6750 3510 18162 14580 7290
internal_count=207360 77760 48600 34020 20250 129600 63735 38241 28242 6750 3510 18162 14580 7290
is_linear=0
shrinkage=0.08


Tree=26
num_leaves=15
num_cat=0
split_feature=12 0 0 0 8 12 12 5 12 0 5 0 8 6
split_gain=240.069 233.241 102.739 50.726 82.6026 80.6735 37.8226 45.756 18.5816 39.7449 18.3688 17.86 22.2469 22.5778
threshold=0.82000000000000017 0.37368421052631584 0.86842105263157909 0.50000000000000011 1.3051449739882548e-24 1.1300000000000001 0.52000000000000013 41.468794929014358 0.52000000000000013 0.2473684210526316 30.316368775864952 0.52105263157894754 0.10546651685510357 29.73350195717769
decision_type=2 2 2 2 2 2 2 2 2 2 2 2 2 2
left_child=1 8 6 -2 -5 -6 7 11 9 -1 -8 -3 13 -13
right_child=3 2 -4 4 5 -7 10 -9 -10 -11 -12 12 -14 -15
leaf_value=-0.0071761708195619894 -0.01386902243539863 0.0010373267854598795 -0.0037155295694636494 -0.0070411039676011068 0.00039548411387432786 -0.0050183359349695849 0.0035251927087874904 0.013864777334916969 -0.011046713768107539 0.0017059676301952873 0.0012926475610526564 0.0065354037300231309 0.0081341304203281541 0.0019009937880596884
leaf_weight=6480 64800 3711 10530 32370 19458 12972 3036 1269 19440 3240 22344 309 3705 3696
leaf_count=6480 64800 3711 10530 32370 19458 12972 3036 1269 19440 3240 22344 309 3705 3696
internal_value=-0.0042446 -0.000730455 0.00266337 -0.00635309 -0.00477037 -0.00191675 0.00459784 0.00816391 -0.00638683 -0.00353087 0.00281481 0.00656265 0.00875746 0.00462422
internal_weight=207360 77760 48600 129600 64800 32430 38070 12690 29160 9720 25380 11421 7710 4005
internal_count=207360 77760 48600 129600 64800 32430 38070 12690 29160 9720 25380 11421 7710 4005
is_linear=0
shrinkage=0.08


Tree=27
num_leaves=15
num_cat=0
split_feature=12 0 0 5 5 12 12 5 6 12 0 0 12 5
split_gain=221.603 213.766 86.4965 54.2606 35.6954 26.7657 24.119 20.4135 20.0794 23.0945 21.6928 46.8124 17.9773 17.8182
threshold=0.82000000000000017 0.35263157894736846 0.88947368421052642 36.649925086033555 42.995005878057619 0.52000000000000013 1.1300000000000001 44.574452998165263 29.73350195717769 1.1300000000000001 0.78421052631578958 0.52105263157894754 0.52000000000000013 36.962993902686257
decision_type=2 2 2 2 2 2 2 2 2 2 2 2 2 2
left_child=1 -1 4 8 5 13 7 -5 -2 10 11 -10 -4 -3
right_child=3 2 12 6 -6 -7 -8 -9 9 -11 -12 -13 -14 -15
leaf_value=-0.0072701890710507215 -0.018972556160336298 0.0027634761634713068 0.00015623614518012584 -0.00041207719222305069 0.010810287443313383 0.0010648227513875004 -0.0038472065366833424 0.0031757309061522603 -0.0045570431347636484 -0.0096360412272058944 -0.0051962237440630419 0.0001717514725401692 -0.007961130624283887 0.0066180268582813825
leaf_weight=27540 61305 9792 2970 12276 2034 26184 8562 567 9090 18756 8496 10548 5940 3300
leaf_count=27540 61305 9792 2970 12276 2034 26184 8562 567 9090 18756 8496 10548 5940 3300
internal_value=-0.00425386 -0.000877574 0.00222859 -0.00627963 0.00377051 0.00323536 -0.00259939 -0.00040676 -0.00700772 -0.00576157 -0.00431194 -0.0028508 -0.00492032 0.00618882
internal_weight=207360 77760 50220 129600 41310 39276 21405 12843 108195 46890 28134 19638 8910 13092
internal_count=207360 77760 50220 129600 41310 39276 21405 12843 108195 46890 28134 19638 8910 13092
is_linear=0
shrinkage=0.08


Tree=28
num_leaves=15
num_cat=0
split_feature=12 0 0 5 12 5 0 5 5 12 0 0 12 12
split_gain=210.453 191.881 72.0017 56.7895 36.6267 31.2758 24.2488 21.6391 21.3003 23.7914 20.4848 43.7953 16.7906 16.4831
threshold=0.82000000000000017 0.32105263157894742 0.88947368421052642 36.649925086033555 0.52000000000000013 41.468794929014358 0.37368421052631584 43.206043710636415 29.731121905649399 1.1300000000000001 0.47894736842105268 0.77368421052631586 0.52000000000000013 1.1300000000000001
decision_type=2 2 2 2 2 2 2 2 2 2 2 2 2 2
left_child=1 -1 4 8 5 -3 -6 13 -2 10 -10 -12 -4 -5
right_child=3 2 12 7 6 -7 -8 -9 9 -11 11 -13 -14 -15
leaf_value=-0.0079433410243884683 -0.017378395908805685 0.0031312875138542946 0.0001437372535657161 -0.00054280483780084576 -0.0032820540357452674 0.01199437416167406 0.0013170649221095811 0.0011728429949321895 -0.0065052597457577726 -0.0088662735889741655 4.7212172394087071e-05 -0.0042359958829158309 -0.0073242401743411727 -0.0046547419441189501
leaf_weight=25110 61275 13311 2970 11106 2700 1269 26460 2895 7884 18768 12006 8262 5940 7404
leaf_count=25110 61275 13311 2970 11106 2700 1269 26460 2895 7884 18768 12006 8262 5940 7404
internal_value=-0.00422955 -0.000939302 0.00180513 -0.00620371 0.00314037 0.00641426 0.00150343 -0.00243868 -0.00694857 -0.00566582 -0.00419494 -0.00284902 -0.00474972 -0.00344463
internal_weight=207360 77760 52650 129600 43740 14580 29160 21405 108195 46920 28152 20268 8910 18510
internal_count=207360 77760 52650 129600 43740 14580 29160 21405 108195 46920 28152 20268 8910 18510
is_linear=0
shrinkage=0.08


Tree=29
num_leaves=15
num_cat=0
split_feature=12 0 0 0 0 12 12 0 5 0 6 6 0 0
split_gain=195.606 174.564 61.5695 60.4674 80.7434 69.7615 41.5557 37.3518 24.9648 15.1898 14.2321 13.5324 15.7499 17.6641
threshold=0.82000000000000017 0.28947368421052638 0.90000000000000013 0.47894736842105268 0.76315789473684215 1.1300000000000001 0.52000000000000013 0.37368421052631584 39.285585940039155 0.53157894736842115 29.73350195717769 30.66789794876432 0.78421052631578958 0.54210526315789487
decision_type=2 2 2 2 2 2 2 2 2 2 2 2 2 2
left_child=1 -1 6 -2 5 9 8 -8 10 -5 -3 -9 13 -13
right_child=3 2 -4 4 -6 -7 7 11 -10 -11 -12 12 -14 -15
leaf_value=-0.008613093934699655 -0.013165596967827389 0.0036986010150452165 -0.0042399004572426929 -0.0011084603385614555 -0.005898922723770521 -0.004086442667209607 -0.003680387262197291 0.0026950893563112061 0.0080212888763180144 0.00057804505511290633 0.0021684454937986718 -0.00084742399361710161 -0.0019757607142000854 0.0029238424749488895
leaf_weight=22680 62100 2811 8100 4050 31050 14580 4320 4644 2364 17820 10485 6438 4242 11676
leaf_count=22680 62100 2811 8100 4050 31050 14580 4320 4644 2364 17820 10485 6438 4242 11676
internal_value=-0.00419985 -0.00102778 0.0014045 -0.00610309 -0.00444563 -0.00189191 0.00251511 0.000832693 0.00587995 0.000965705 0.00453309 0.00193778 0.00112149 0.00214905
internal_weight=207360 77760 55080 129600 67500 36450 46980 31320 15660 21870 13296 27000 22356 18114
internal_count=207360 77760 55080 129600 67500 36450 46980 31320 15660 21870 13296 27000 22356 18114
is_linear=0
shrinkage=0.08


Tree=30
num_leaves=15
num_cat=0
split_feature=12 0 0 0 12 0 12 0 5 0 12 0 0 5
split_gain=180.569 156.787 65.0307 74.292 66.164 54.348 33.4183 26.4955 20.1881 15.3998 14.0346 28.1874 13.369 13.0831
threshold=0.82000000000000017 0.30000000000000004 0.4578947368421053 0.78421052631578958 1.1300000000000001 0.91052631578947374 0.52000000000000013 0.37368421052631584 39.115168820953372 0.53157894736842115 0.52000000000000013 0.22631578947368422 0.67894736842105274 44.146333004133396
decision_type=2 2 2 2 2 2 2 2 2 2 2 2 2 2
left_child=1 10 -2 4 9 6 8 -8 -3 -4 11 -1 -11 -9
right_child=2 5 3 -5 -6 -7 7 13 -10 12 -12 -13 -14 -15
leaf_value=-0.0055657204903638924 -0.014044789705874061 0.0023986621082069098 -0.0010805045355368971 -0.0060952630650426979 -0.004180692457104943 -0.0043909046210675855 -0.0031946402358431028 0.00079228530999711163 0.0070442558854058772 0.00096262738061524405 -0.011899749224502241 0.0021174964698698218 -0.00026970483008319506 0.010935220093453674
leaf_weight=5940 59400 13197 5670 28350 16740 7290 3780 26964 2463 11340 15660 1890 8100 576
leaf_count=5940 59400 13197 5670 28350 16740 7290 3780 26964 2463 11340 15660 1890 8100 576
internal_value=-0.00416397 -0.00111626 -0.00599259 -0.00434416 -0.00220215 0.0012471 0.00224436 0.00073563 0.00526181 0.00039506 -0.00657642 -0.00381099 0.00146502 0.00159767
internal_weight=207360 77760 129600 70200 41850 54270 46980 31320 15660 25110 23490 7830 19440 27540
internal_count=207360 77760 129600 70200 41850 54270 46980 31320 15660 25110 23490 7830 19440 27540
is_linear=0
shrinkage=0.08


Tree=31
num_leaves=15
num_cat=0
split_feature=0 12 8 0 12 12 0 0 0 12 0 6 0 5
split_gain=181.133 158.063 70.4044 65.0799 62.791 44.4106 34.3852 30.3337 21.9764 20.8573 17.9691 17.0161 14.912 15.1525
threshold=0.42631578947368426 0.82000000000000017 6.9449861658198163e-25 0.80526315789473701 1.1300000000000001 0.52000000000000013 0.21578947368421056 0.56315789473684219 0.53157894736842115 0.52000000000000013 0.93157894736842117 29.960999727822102 0.68947368421052646 35.482384960949723
decision_type=2 2 2 2 2 2 2 2 2 2 2 2 2 2
left_child=5 2 10 4 8 6 -1 -4 -3 12 11 -2 13 -9
right_child=1 3 7 -5 -6 -7 -8 9 -10 -11 -12 -13 -14 -15
leaf_value=-0.0055705938934098587 0.0019739620768761523 -0.001401787894902549 0.00067326198082052883 -0.0064848587404640525 -0.004344845152569091 -0.011345841104095016 0.0012591300654507653 0.0044686524031648652 0.00029797697184880394 0.0035666588501060935 -0.0055730307479611701 -0.0012334236127730931 0.003169303211269413 0.010846647809933795
leaf_weight=5670 3204 8100 10530 25650 19440 77490 5400 1203 21060 10050 5670 10071 1785 2037
leaf_count=5670 3204 8100 10530 25650 19440 77490 5400 1203 21060 10050 5670 10071 1785 2037
internal_value=-0.00414043 -0.00209899 0.00166824 -0.00435933 -0.00263869 -0.00687895 -0.00213912 0.00440383 -0.000290811 0.00670514 -0.00202903 -0.000418834 0.0109134 0.0141481
internal_weight=207360 118800 44550 74250 48600 88560 11070 25605 29160 15075 18945 13275 5025 3240
internal_count=207360 118800 44550 74250 48600 88560 11070 25605 29160 15075 18945 13275 5025 3240
is_linear=0
shrinkage=0.08


Tree=32
num_leaves=15
num_cat=0
split_feature=8 12 0 0 12 12 0 10 12 0 12 5 5 5
split_gain=175.642 157.748 90.1581 54.0601 42.9633 40.2752 27.6895 27.623 21.9578 16.2337 16.6975 15.3995 13.415 12.6489
threshold=1.0000000180025095e-35 0.82000000000000017 0.53157894736842115 0.55263157894736847 0.52000000000000013 1.1300000000000001 0.20526315789473687 1.0000000180025095e-35 0.82000000000000017 0.68947368421052646 0.52000000000000013 43.472477216291004 35.482384960949723 45.349083655819506
decision_type=2 2 2 2 2 2 2 2 2 2 2 2 2 2
left_child=4 3 -3 -2 6 13 -1 -6 -9 10 12 -7 -5 -4
right_child=1 2 5 9 7 11 -8 8 -10 -11 -12 -13 -14 -15
leaf_value=-0.0053894831354275308 -0.00015207873391216993 -0.0050579983054495027 0.0003655811320306082 0.0039278127187569543 -0.014880696733840244 -0.0030428229678554075 0.00059795199817074278 -0.00075475291584185247 -0.003385983080657799 0.0016734345943757263 0.004292750050426038 0.0010000498331677577 0.0097481772914010997 0.0035572125418637324
leaf_weight=5400 22680 35100 17532 1317 62370 10932 7560 8100 20250 5670 7020 948 2193 288
leaf_count=5400 22680 35100 17532 1317 62370 10932 7560 8100 20250 5670 7020 948 2193 288
internal_value=-0.00407909 -0.00175077 -0.0041679 0.00227778 -0.00640741 -0.000923908 -0.00209877 -0.00702293 -0.00495238 0.00580741 0.00766572 -0.00453199 0.0121709 0.00148148
internal_weight=207360 103680 64800 38880 103680 29700 12960 90720 28350 16200 10530 11880 3510 17820
internal_count=207360 103680 64800 38880 103680 29700 12960 90720 28350 16200 10530 11880 3510 17820
is_linear=0
shrinkage=0.08


Tree=33
num_leaves=15
num_cat=0
split_feature=0 12 0 12 0 12 0 0 5 6 0 0 12 5
split_gain=173.852 136.518 60.9533 59.076 51.7224 45.4649 32.8372 27.7018 19.2605 16.9018 19.3731 22.8436 13.3421 12.6666
threshold=0.39473684210526322 0.82000000000000017 0.81578947368421062 1.1300000000000001 0.82631578947368434 0.52000000000000013 0.22631578947368422 0.46842105263157902 42.711553493862681 29.960999727822102 0.53157894736842115 0.70000000000000007 0.52000000000000013 29.888415179087833
decision_type=2 2 2 2 2 2 2 2 2 2 2 2 2 2
left_child=5 4 3 7 9 6 -1 -3 -5 -2 -11 12 -12 -9
right_child=1 2 -4 8 -6 -7 -8 13 -10 10 11 -13 -14 -15
leaf_value=-0.0044492085409751159 0.0038519380012230703 -0.0023762781627135001 -0.0062582992993250397 -0.0047822657261525616 -0.0018721558070749029 -0.011710618640485415 0.0015838769168044077 0.0011750357542523809 0.00068576985014729536 -0.0004614154544000636 0.0065151862224009996 0.00046347598969675671 0.0034601368447579385 6.0285807311792859e-05
leaf_weight=5940 2259 5670 24300 20052 13770 71820 4320 738 1548 8874 4275 9252 8550 25992
leaf_count=5940 2259 5670 24300 20052 13770 71820 4320 738 1548 8874 4275 9252 8550 25992
internal_value=-0.00403781 -0.00216284 -0.00420843 -0.00271111 0.00124649 -0.00689961 -0.00191813 -0.000550619 -0.00595185 0.00295573 0.00246816 0.0037371 0.00592281 0.000526747
internal_weight=207360 125280 78300 54000 46980 82080 10260 32400 21600 33210 30951 22077 12825 26730
internal_count=207360 125280 78300 54000 46980 82080 10260 32400 21600 33210 30951 22077 12825 26730
is_linear=0
shrinkage=0.08


Tree=34
num_leaves=15
num_cat=0
split_feature=0 12 0 12 12 0 0 0 6 6 0 0 0 5
split_gain=167.335 132.644 55.3307 53.8795 44.9058 41.7841 35.412 32.03 17.7671 14.4136 19.8479 22.8967 13.2498 12.6664
threshold=0.37368421052631584 0.82000000000000017 0.82631578947368434 1.1300000000000001 0.52000000000000013 0.93157894736842117 0.44736842105263164 0.21578947368421056 42.708069004206884 29.960999727822102 0.78421052631578958 0.55263157894736847 0.67894736842105274 29.888415179087833
decision_type=2 2 2 2 2 2 2 2 2 2 2 2 2 2
left_child=4 5 3 6 7 9 -3 -1 -5 -2 11 -11 -13 -8
right_child=1 2 -4 8 -6 -7 13 -9 -10 10 -12 12 -14 -15
leaf_value=-0.0043764693642425918 0.0023317059762448544 -0.0032915856381259706 -0.0063091351618243165 -0.0046537218625967228 -0.011980489092197651 -0.0044881296415555686 0.0010999121650360128 0.0017039188631248709 0.00058303365490148596 -0.00025876076595905277 -0.0013506106420582309 0.0048388663625142667 0.0012399101839102823 -3.4343117479425886e-05
leaf_weight=5670 5724 5670 22950 21666 68040 5670 1035 4050 1554 11412 8217 9639 7938 28125
leaf_count=5670 5724 5670 22950 21666 68040 5670 1035 4050 1554 11412 8217 9639 7938 28125
internal_value=-0.00397145 -0.00221111 -0.00419358 -0.0028789 -0.00690535 0.001093 -0.000888891 -0.00181893 -0.00586391 0.00194549 0.00137053 0.00235427 0.0041659 0.000235938
internal_weight=207360 129600 81000 58050 77760 48600 34830 9720 23220 42930 37206 28989 17577 29160
internal_count=207360 129600 81000 58050 77760 48600 34830 9720 23220 42930 37206 28989 17577 29160
is_linear=0
shrinkage=0.08


Tree=35
num_leaves=15
num_cat=0
split_feature=8 12 0 10 12 12 12 0 5 6 0 12 0 0
split_gain=166.623 127.854 91.5756 48.8899 35.711 29.9763 24.425 21.6839 14.931 12.1357 11.9192 11.3825 12.1651 10.3465
threshold=1.0000000180025095e-35 0.82000000000000017 0.51052631578947383 1.0000000180025095e-35 0.82000000000000017 1.1300000000000001 0.52000000000000013 0.56315789473684219 36.05185621902654 30.206506736575246 0.19473684210526318 1.1300000000000001 0.84736842105263166 0.43684210526315798
decision_type=2 2 2 2 2 2 2 2 2 2 2 2 2 2
left_child=3 7 13 6 9 -4 10 -2 -7 -5 -1 12 -6 -3
right_child=1 2 5 4 11 8 -8 -9 -10 -11 -12 -13 -14 -15
leaf_value=-0.0045256068917708704 0.00025197708472119487 -0.0077989851316009528 0.00035376489277304734 0.0018402804954304594 -0.00042819638453392878 -0.0038025788291293013 -0.012286181205947551 0.0033287251994982797 -0.0005456450111982836 -0.0010680594923214038 -2.3463097041586571e-05 -0.0088836962250908175 -0.0032608173139825427 -0.0019316975497554771
leaf_weight=5130 23490 22950 19440 3033 6480 5952 62370 15390 7008 9117 3780 8100 5670 9450
leaf_count=5130 23490 22950 19440 3033 6480 5952 62370 15390 7008 9117 3780 8100 5670 9450
internal_value=-0.00390895 -0.00164121 -0.00381729 -0.0061767 -0.0036 -0.000809878 -0.00734793 0.00198559 -0.00379013 -0.000171195 -0.00342986 -0.00565729 -0.00410864 -0.00682469
internal_weight=207360 103680 64800 103680 32400 32400 71280 38880 12960 12150 8910 20250 12150 32400
internal_count=207360 103680 64800 103680 32400 32400 71280 38880 12960 12150 8910 20250 12150 32400
is_linear=0
shrinkage=0.08


Tree=36
num_leaves=15
num_cat=0
split_feature=0 12 0 0 12 0 12 0 5 6 0 0 5 5
split_gain=160.398 132.57 47.5583 50.697 50.8811 34.7269 34.27 22.7449 15.2408 13.1496 15.0947 18.9987 12.7876 11.8103
threshold=0.33157894736842114 0.82000000000000017 0.83684210526315794 0.46842105263157902 1.1300000000000001 0.9526315789473685 0.52000000000000013 0.23684210526315794 42.42564285169162 29.792536269536985 0.80526315789473701 0.52105263157894754 29.845416472790575 45.349083655819506
decision_type=2 2 2 2 2 2 2 2 2 2 2 2 2 2
left_child=6 5 3 -3 12 9 7 -1 -6 -2 11 -11 -5 -14
right_child=1 2 -4 4 8 -7 -8 -9 -10 10 -12 -13 13 -15
leaf_value=-0.0032828251515946063 0.0018294376046734985 -0.0041191776338381321 -0.0062389460945969782 0.0010811536051561234 -0.0034311864811168804 -0.0057286815331644078 -0.011152099323718499 0.0018514995697975611 0.00051647430304625091 -0.00072356978935387217 -0.0013514709105938048 0.0023560393447933422 -3.5766815919670602e-05 0.0032422589319062033
leaf_weight=6210 8163 17550 21600 927 17154 4050 60480 2430 1746 10521 7515 21591 27135 288
leaf_count=6210 8163 17550 21600 927 17154 4050 60480 2430 1746 10521 7515 21591 27135 288
internal_value=-0.00388117 -0.00230787 -0.00422685 -0.00314321 -0.00177947 0.00089043 -0.00702778 -0.00231482 -0.00499471 0.0014932 0.000890906 0.00164624 0.000364019 5.16336e-05
internal_weight=207360 138240 86400 64800 47250 51840 69120 8640 18900 47790 39627 32112 28350 27423
internal_count=207360 138240 86400 64800 47250 51840 69120 8640 18900 47790 39627 32112 28350 27423
is_linear=0
shrinkage=0.08


Tree=37
num_leaves=15
num_cat=0
split_feature=8 12 0 10 12 12 12 5 0 0 0 6 0 0
split_gain=157.951 109.824 88.5228 49.5539 36.643 34.5668 26.8911 15.3089 13.2994 11.856 11.6001 11.5394 19.9776 11.4834
threshold=1.0000000180025095e-35 0.82000000000000017 0.44736842105263164 1.0000000180025095e-35 1.1300000000000001 1.1300000000000001 0.52000000000000013 36.05185621902654 0.57368421052631591 0.55263157894736847 0.68947368421052646 30.206506736575246 0.86842105263157909 0.18421052631578952
decision_type=2 2 2 2 2 2 2 2 2 2 2 2 2 2
left_child=3 8 -3 6 -4 11 13 -6 -2 -9 -11 12 -5 -1
right_child=1 2 4 5 7 -7 -8 9 -10 10 -12 -13 -14 -15
leaf_value=-0.0041263189923119638 0.00034116912619368126 -0.006271032687543361 0.00017667813487463546 0.001660030189747846 -0.0038944640045243855 -0.0078448620098354252 -0.010628061397325868 -0.0043372405645456845 0.0029791402531042948 0.00064250577851241071 -0.0023541747428257229 -0.0012889555735412425 -0.0014641202646807421 6.1907913004534306e-06
leaf_weight=4860 24300 24300 24300 2538 8100 8100 62370 2136 14580 4080 1884 18234 3528 4050
leaf_count=4860 24300 24300 24300 2538 8100 8100 62370 2136 14580 4080 1884 18234 3528 4050
internal_value=-0.00383063 -0.00162269 -0.00363951 -0.00603858 -0.00134914 -0.00344445 -0.00721773 -0.0042963 0.00173868 -0.00183704 -5.36743e-06 -0.0019358 0.00108671 -0.00310662
internal_weight=207360 103680 64800 103680 40500 32400 71280 16200 38880 8100 5964 24300 6066 8910
internal_count=207360 103680 64800 103680 40500 32400 71280 16200 38880 8100 5964 24300 6066 8910
is_linear=0
shrinkage=0.08


Tree=38
num_leaves=15
num_cat=0
split_feature=5 12 12 0 0 12 6 5 0 5 12 12 12 8
split_gain=152.648 104.673 46.7306 35.9622 46.3584 28.3503 26.0295 22.6489 22.4641 22.2328 13.2654 11.4778 11.4493 26.6554
threshold=28.55886275847314 1.1300000000000001 0.52000000000000013 0.84736842105263166 0.43684210526315798 0.82000000000000017 29.792536269536985 35.937867084967699 0.19473684210526318 44.574452998165263 0.52000000000000013 0.52000000000000013 0.82000000000000017 0.089822269023065074
decision_type=2 2 2 2 2 2 2 2 2 2 2 2 2 2
left_child=2 3 8 4 5 -2 -6 -3 -1 11 -5 -8 13 -4
right_child=1 7 12 10 6 -7 9 -9 -10 -11 -12 -13 -14 -15
leaf_value=-0.0035943110240799839 -0.0002131435141332346 -0.0060701151774381068 -0.0048158386890224869 0.00073235891134301636 0.0023551252576719328 -0.0035841805607795484 0.0021292616091078045 -0.0013678633662806497 0.0010976351566997142 0.0055831906475503632 -0.0032426011266267971 -2.1611806703853583e-05 -0.012610613400423304 0.0011470389607100542
leaf_weight=4992 8991 21444 18354 2244 2196 8991 9918 9984 5214 1134 11220 49590 51030 2058
leaf_count=4992 8991 21444 18354 2244 2196 8991 9918 9984 5214 1134 11220 49590 51030 2058
internal_value=-0.00377817 -0.00202889 -0.00647149 -0.000696112 -5.84033e-05 -0.00364009 0.000966547 -0.00602724 -0.0014078 0.000656705 -0.00452407 0.000445249 -0.00719487 -0.00559357
internal_weight=207360 125712 81648 94284 80820 17982 62838 31428 10206 60642 13464 59508 71442 20412
internal_count=207360 125712 81648 94284 80820 17982 62838 31428 10206 60642 13464 59508 71442 20412
is_linear=0
shrinkage=0.08


Tree=39
num_leaves=15
num_cat=0
split_feature=0 12 0 12 12 5 6 0 0 0 0 12 0 8
split_gain=153.65 102.944 75.2391 42.2947 27.4015 24.758 24.0168 20.9775 29.4851 20.7509 17.1908 12.4953 21.5398 11.2716
threshold=0.36315789473684218 1.1300000000000001 0.87894736842105281 0.52000000000000013 0.52000000000000013 30.198147919139242 36.059421933705302 0.48947368421052634 0.70000000000000007 0.20526315789473687 0.57368421052631591 0.82000000000000017 0.23684210526315794 0.073840783963680226
decision_type=2 2 2 2 2 2 2 2 2 2 2 2 2 2
left_child=3 2 5 9 -4 -2 -3 -7 10 -1 -9 12 -5 -8
right_child=1 6 4 11 -6 7 13 8 -10 -11 -12 -13 -14 -15
leaf_value=-0.0031056068496105559 0.0012245558093076853 -0.0056926285737579742 0.0010137697916403909 -0.0061097718339321802 -0.0053772135568799229 -0.0013084060494911612 -0.0042357971865621246 -0.0001095008461616802 -0.00068629331812635071 0.0012964557822758821 0.0017174672544775645 -0.013711044434590987 -0.00068388205356161968 -0.00036117605912249455
leaf_weight=5400 9702 23172 3240 12420 16200 14472 2730 12474 23562 4050 19170 47250 6480 7038
leaf_count=5400 9702 23172 3240 12420 16200 14472 2730 12474 23562 4050 19170 47250 6480 7038
internal_value=-0.00371451 -0.00206497 -0.000773934 -0.00658942 -0.00523457 0.000318466 -0.00593807 -0.000208734 0.000501973 -0.00158307 0.00209733 -0.00730461 -0.00556614 -0.00261098
internal_weight=207360 131760 98820 75600 19440 79380 32940 69678 55206 9450 31644 66150 18900 9768
internal_count=207360 131760 98820 75600 19440 79380 32940 69678 55206 9450 31644 66150 18900 9768
is_linear=0
shrinkage=0.08


Tree=40
num_leaves=15
num_cat=0
split_feature=0 12 0 12 12 5 5 6 0 0 0 0 12 0
split_gain=152.973 94.909 70.4679 42.6351 25.9304 24.4719 20.2104 18.5738 18.5145 15.5822 18.6488 16.2786 14.1551 22.5849
threshold=0.36315789473684218 1.1300000000000001 0.88947368421052642 0.52000000000000013 0.52000000000000013 35.110213769505684 29.952643623461316 44.569955959160914 0.1736842105263158 0.44736842105263164 0.71052631578947378 0.57368421052631591 0.82000000000000017 0.22631578947368422
decision_type=2 2 2 2 2 2 2 2 2 2 2 2 2 2
left_child=3 2 6 8 -4 -3 -2 9 -1 -8 11 -11 13 -5
right_child=1 5 4 12 -6 -7 7 -9 -10 10 -12 -13 -14 -15
leaf_value=-0.0034870156455956815 0.0011081252756600486 -0.0056593476058242418 0.0010878730441903071 -0.0058893006167801513 -0.0058994883084935411 -0.0012882357896983221 -0.0015967790095468976 0.0048648592551761459 0.00085425556589465909 -0.00024687402859833589 -0.00073660313562484497 0.0013668461913339072 -0.012614160879823704 -0.00073363937028039262
leaf_weight=4590 8892 21138 2970 11880 14850 11802 9180 1152 4860 18396 23472 19908 47250 7020
leaf_count=4590 8892 21138 2970 11880 14850 11802 9180 1152 4860 18396 23472 19908 47250 7020
internal_value=-0.00367323 -0.00202732 -0.000787697 -0.0065418 -0.00534231 -0.00574621 0.000214319 -0.000229436 -0.00151535 -0.000393034 6.39712e-05 0.00115204 -0.00725987 -0.00540953
internal_weight=207360 131760 98820 75600 17820 32940 81000 72108 9450 70956 61776 38304 66150 18900
internal_count=207360 131760 98820 75600 17820 32940 81000 72108 9450 70956 61776 38304 66150 18900
is_linear=0
shrinkage=0.08


Tree=41
num_leaves=15
num_cat=0
split_feature=0 12 0 12 0 12 0 0 5 5 6 5 0 5
split_gain=151.203 90.5946 56.4149 44.9556 37.7493 37.0813 28.8724 19.0254 18.1916 14.6153 11.3334 11.698 9.08683 8.9255
threshold=0.36315789473684218 0.82000000000000017 0.86842105263157909 0.82000000000000017 0.21578947368421056 1.1300000000000001 0.96315789473684221 0.41578947368421054 41.043891785353843 29.731121905649399 30.071627455056479 44.574452998165263 0.81578947368421062 33.798266606553156
decision_type=2 2 2 2 2 2 2 2 2 2 2 2 2 2
left_child=3 6 5 4 -1 7 10 -3 13 -9 -2 12 -12 -7
right_child=1 2 -4 -5 -6 8 -8 9 -10 -11 11 -13 -14 -15
leaf_value=-0.0045562791692844848 0.0017191399614247471 -0.0023215344379740504 -0.0066957354428036665 -0.011605028009437808 -0.00016942525282383992 -0.0047452441297090794 -0.0053532614063686538 0.00099629679337678878 0.00034149292660342809 -0.00021282473574174522 0.00073767267730719913 0.010638724705349415 -0.0011802676255685705 -0.0020253164992584559
leaf_weight=17010 8352 4050 17550 47250 11340 11322 3240 1854 2934 32976 30798 567 6453 11664
leaf_count=17010 8352 4050 17550 47250 11340 11322 3240 1854 2934 32976 30798 567 6453 11664
internal_value=-0.00363696 -0.00200061 -0.0036255 -0.00648889 -0.00397037 -0.0025358 0.000707547 -0.000973253 -0.00487963 -0.000369798 0.00121984 0.000630809 0.000457221 -0.00563682
internal_weight=207360 131760 82350 75600 28350 64800 49410 38880 25920 34830 46170 37818 37251 22986
internal_count=207360 131760 82350 75600 28350 64800 49410 38880 25920 34830 46170 37818 37251 22986
is_linear=0
shrinkage=0.08


Tree=42
num_leaves=15
num_cat=0
split_feature=0 12 0 12 0 5 12 6 0 0 0 0 0 12
split_gain=150.64 80.1408 66.2449 53.9409 38.4981 25.0758 24.2525 19.0669 13.8189 26.6319 13.8149 23.9406 9.37577 9.34246
threshold=0.37368421052631584 1.1300000000000001 0.88947368421052642 0.82000000000000017 0.23684210526315794 34.124046368516623 0.52000000000000013 29.73350195717769 0.54210526315789487 0.68947368421052646 0.51052631578947383 0.68947368421052646 0.96315789473684221 0.52000000000000013
decision_type=2 2 2 2 2 2 2 2 2 2 2 2 2 2
left_child=3 2 7 4 13 -3 12 -2 -7 -10 -9 -12 -4 -1
right_child=1 5 6 -5 -6 8 -8 10 9 -11 11 -13 -14 -15
leaf_value=-0.001974307146443859 0.0012113548245996448 -0.0052441918772923105 0.0025994849370413022 -0.010649799655025476 0.00010894408912489642 -0.0044334787655563312 -0.0051284984731684849 -0.00091629883674682608 0.00070288893318908312 -0.0028580850569530818 0.0010233485426448833 -0.00048512305697547139 -0.0032868455152177275 -0.0048777534417724323
leaf_weight=6210 6804 18396 1890 48600 10530 3654 14850 17154 5430 4920 27414 28008 1080 12420
leaf_count=6210 6804 18396 1890 48600 10530 3654 14850 17154 5430 4920 27414 28008 1080 12420
internal_value=-0.00358256 -0.00191235 -0.000763788 -0.00636626 -0.00364609 -0.00535803 -0.00517172 0.000225748 -0.0028072 -0.00131401 -0.000153882 0.000460176 0.00142761 -0.00583146
internal_weight=207360 129600 97200 77760 29160 32400 17820 79380 14004 10350 72576 55422 2970 18630
internal_count=207360 129600 97200 77760 29160 32400 17820 79380 14004 10350 72576 55422 2970 18630
is_linear=0
shrinkage=0.08


Tree=43
num_leaves=15
num_cat=0
split_feature=0 12 0 12 0 12 0 0 8 0 5 5 5 6
split_gain=148.849 78.9162 59.3732 57.5491 36.3649 30.4259 25.0204 17.8552 29.9353 11.8043 10.3038 9.13499 9.03492 9.6196
threshold=0.37368421052631584 0.82000000000000017 0.85789473684210538 0.82000000000000017 0.19473684210526318 1.1300000000000001 0.96315789473684221 0.53157894736842115 0.079561195034407964 0.41578947368421054 29.731121905649399 32.775002962353746 44.574452998165263 29.688635523226925
decision_type=2 2 2 2 2 2 2 2 2 2 2 2 2 2
left_child=3 6 5 4 -1 9 12 -7 -9 -3 -11 -10 13 -2
right_child=1 2 -4 -5 -6 7 -8 8 11 10 -12 -13 -14 -15
leaf_value=-0.0042523882938061775 0.0016438673868659057 -0.0018057364382089811 -0.0052824049432396445 -0.0097978156826234349 -0.0002088837885557818 -0.0054592410668269208 -0.0045221209828584128 -0.0037346370426471313 -0.001622030550193774 0.00090447114316299525 -0.00017123013908848072 0.00041618040416009758 0.0097057588455098619 0.00035331196712378154
leaf_weight=15390 6417 3240 18900 48600 13770 8100 3240 7434 1698 1647 32373 7608 567 38376
leaf_count=15390 6417 3240 18900 48600 13770 8100 3240 7434 1698 1647 32373 7608 567 38376
internal_value=-0.00354051 -0.00188025 -0.00340938 -0.00630762 -0.00349794 -0.00221449 0.000668311 -0.00438325 -0.00289128 -0.000768655 -0.00032922 0.000132386 0.00115344 0.00102641
internal_weight=207360 129600 81000 77760 29160 62100 48600 24840 16740 37260 34020 9306 45360 44793
internal_count=207360 129600 81000 77760 29160 62100 48600 24840 16740 37260 34020 9306 45360 44793
is_linear=0
shrinkage=0.08


Tree=44
num_leaves=15
num_cat=0
split_feature=0 12 0 12 0 5 12 5 5 0 0 0 12 12
split_gain=147.758 73.2328 61.3983 60.7534 33.7729 25.357 23.0573 16.3727 12.6787 12.5464 22.6037 10.9922 10.4414 10.2075
threshold=0.37368421052631584 1.1300000000000001 0.88947368421052642 0.82000000000000017 0.21578947368421056 33.798266606553156 0.82000000000000017 30.26085102695907 41.932593331801648 0.53157894736842115 0.71052631578947378 0.96315789473684221 0.52000000000000013 0.82000000000000017
decision_type=2 2 2 2 2 2 2 2 2 2 2 2 2 2
left_child=3 2 7 4 12 -3 11 -2 13 -7 -11 -4 -1 -9
right_child=1 5 6 -5 -6 9 -8 8 -10 10 -12 -13 -14 -15
leaf_value=-0.0016791758026646608 0.00095478395045390174 -0.0047822045563289221 6.3939851523538798e-06 -0.0090139904280135599 -4.8743843734725699e-05 -0.0040319560578822699 -0.0057230401720066775 0.00026760419305075329 0.0017838398796689691 0.00042573016012651836 -0.0028717489482910268 -0.0041603513042297383 -0.0045515740233586397 -0.00048298104468936663
leaf_weight=5670 10098 17610 5670 48600 12150 3540 8910 31428 6426 6804 4446 3240 11340 31428
leaf_count=5670 10098 17610 5670 48600 12150 3540 8910 31428 6426 6804 4446 3240 11340 31428
internal_value=-0.00349614 -0.00184198 -0.000744035 -0.00625309 -0.00336626 -0.0051358 -0.00498766 0.000208615 -0.000230018 -0.00269371 -0.00138667 -0.00210999 -0.00566726 -0.000576049
internal_weight=207360 129600 97200 77760 29160 32400 17820 79380 69282 14790 11250 8910 17010 62856
internal_count=207360 129600 97200 77760 29160 32400 17820 79380 69282 14790 11250 8910 17010 62856
is_linear=0
shrinkage=0.08


Tree=45
num_leaves=15
num_cat=0
split_feature=0 12 0 12 0 12 6 8 0 5 0 0 0 0
split_gain=145.146 74.4312 71.4422 59.0661 35.5415 29.8742 17.5895 15.0137 32.2212 11.2506 10.119 9.76705 10.3601 13.0015
threshold=0.40526315789473694 0.82000000000000017 0.88947368421052642 1.1300000000000001 0.18421052631578952 0.82000000000000017 29.73350195717769 0.032566997692217346 0.56315789473684219 45.349083655819506 0.97368421052631593 0.80526315789473701 0.56315789473684219 0.65789473684210542
decision_type=2 2 2 2 2 2 2 2 2 2 2 2 2 2
left_child=1 4 3 6 -1 10 -2 -5 -9 11 -4 12 -8 -14
right_child=2 -3 5 7 -6 -7 9 8 -10 -11 -12 -13 13 -15
leaf_value=-0.0038539538220069675 0.0013627175665378341 -0.0076023284002463337 -0.00017553860546777863 -0.0038927162485131845 -0.00017453725909882825 -0.0063127405467301402 -0.0004328638607239046 -0.0034346049676852635 0.00018207698343378819 0.0048397424157545421 -0.0048989872385502139 -0.00082590669504521252 0.0013990958317659965 -1.8395593211218224e-05
leaf_weight=14580 5022 52650 6480 7962 17010 14850 22050 8100 8778 576 2430 10566 14184 22122
leaf_count=14580 5022 52650 6480 7962 17010 14850 22050 8100 8778 576 2430 10566 14184 22122
internal_value=-0.00345641 -0.0060152 -0.00170565 -0.000763287 -0.00294524 -0.00564647 0.000362854 -0.00414171 -0.00279085 3.24595e-05 -0.00198429 -6.05921e-05 0.000344641 0.00117534
internal_weight=207360 84240 123120 99360 31590 23760 74520 24840 16878 69498 8910 68922 58356 36306
internal_count=207360 84240 123120 99360 31590 23760 74520 24840 16878 69498 8910 68922 58356 36306
is_linear=0
shrinkage=0.08


Tree=46
num_leaves=15
num_cat=0
split_feature=0 12 12 0 12 0 0 6 12 8 0 2 6 5
split_gain=141.351 67.4528 66.8753 59.9286 29.5039 29.3979 19.3131 16.5003 10.6298 10.315 18.4165 9.02339 12.2709 9.43964
threshold=0.37368421052631584 0.82000000000000017 0.82000000000000017 0.88947368421052642 1.1300000000000001 0.1736842105263158 0.96315789473684221 33.947424726402986 0.52000000000000013 0.016372669708769647 0.55263157894736847 1.0000000180025095e-35 42.995005878057619 29.731121905649399
decision_type=2 2 2 2 2 2 2 2 2 2 2 2 2 2
left_child=1 5 6 4 11 -1 -2 -6 -7 -9 -11 12 -4 -13
right_child=2 -3 3 -5 7 8 -8 9 -10 10 -12 13 -14 -15
leaf_value=-0.0036811358218220118 0.00064415535763958688 -0.0076846849217527703 -0.0012479762189835696 -0.005807721302991729 -0.0031568281191773095 0.0010227186667336094 -0.0035845779936864515 -0.0032125732635309148 -0.00092239232215254668 -0.0028731224110890427 0.00037105939581181326 0.00067860642564550571 0.0015585905042937074 -0.0001974453815808937
leaf_weight=13770 45360 48600 5220 14850 12168 5130 3240 3420 10260 3852 7020 3042 513 30915
leaf_count=13770 45360 48600 5220 14850 12168 5130 3240 3420 10260 3852 7020 3042 513 30915
internal_value=-0.00342901 -0.00612552 -0.00181111 -0.00321877 -0.00218776 -0.00308368 0.000534978 -0.00425699 -0.000680964 -0.00241366 -0.00120824 -0.000808266 -0.00374394 -0.000312633
internal_weight=207360 77760 129600 81000 66150 29160 48600 26460 15390 14292 10872 39690 5733 33957
internal_count=207360 77760 129600 81000 66150 29160 48600 26460 15390 14292 10872 39690 5733 33957
is_linear=0
shrinkage=0.08


Tree=47
num_leaves=15
num_cat=0
split_feature=0 12 12 0 0 12 8 0 0 12 6 0 5 0
split_gain=137.871 83.7662 50.3088 49.6388 41.0788 22.5737 18.6483 21.5715 17.7763 13.6115 9.55906 8.6692 8.45276 8.01875
threshold=0.32105263157894742 0.82000000000000017 0.52000000000000013 0.88947368421052642 0.43684210526315798 1.1300000000000001 0.016372669708769647 0.55263157894736847 0.97368421052631593 0.82000000000000017 29.688635523226925 0.1736842105263158 31.639449823096768 0.1315789473684211
decision_type=2 2 2 2 2 2 2 2 2 2 2 2 2 2
left_child=2 8 13 4 -3 -6 -7 -8 10 11 -2 -4 -9 -1
right_child=1 3 9 -5 5 6 7 12 -10 -11 -12 -13 -14 -15
leaf_value=-0.0022814083646517424 0.0013156114295724756 -0.0029244093809908623 -0.0041607554184651275 -0.005343103598752395 -9.2476677376566337e-05 -0.0034739713373471595 -0.0026424373142121976 -0.0013022346778002575 -0.0042203020199712785 -0.0077248744589991456 0.00024629803715965143 -0.0013325794593930685 0.00034137428376878373 0.00069309828405513029
leaf_weight=3510 9630 14850 9180 14850 34830 7596 5940 1164 2430 41850 40590 7560 8520 4860
leaf_count=3510 9630 14850 9180 14850 34830 7596 5940 1164 2430 41850 40590 7560 8520 4860
internal_value=-0.00338812 -0.00196353 -0.00637515 -0.00347715 -0.00261838 -0.00165788 -0.00359001 -0.00200922 0.000559162 -0.00720396 0.000882515 -0.00527599 0.000318875 -0.000573479
internal_weight=207360 140400 66960 87750 72900 58050 23220 15624 52650 58590 50220 16740 9684 8370
internal_count=207360 140400 66960 87750 72900 58050 23220 15624 52650 58590 50220 16740 9684 8370
is_linear=0
shrinkage=0.08


Tree=48
num_leaves=15
num_cat=0
split_feature=0 12 0 12 12 0 5 0 0 5 12 5 12 0
split_gain=137.029 73.2292 63.5258 53.5372 27.4885 25.7615 16.4186 14.9013 23.6332 12.0617 10.7879 8.71138 8.71134 6.51891
threshold=0.37368421052631584 0.82000000000000017 0.88947368421052642 1.1300000000000001 0.82000000000000017 0.23684210526315794 32.362720402585801 0.52105263157894754 0.71052631578947378 30.26085102695907 0.52000000000000013 41.932593331801648 0.52000000000000013 0.80526315789473701
decision_type=2 2 2 2 2 2 2 2 2 2 2 2 2 2
left_child=1 5 3 9 12 10 -5 -8 -9 -2 -1 13 -4 -11
right_child=2 -3 4 6 -6 -7 7 8 -10 11 -12 -13 -14 -15
leaf_value=-0.00099319976416220503 0.00084017232162559717 -0.0065481778738732321 0.0010327041191837171 -0.0032755527150877908 -0.0049156553108522074 0.00011387745540017895 -0.0037122264121536392 0.00039513885153942552 -0.0023009226128232196 -6.3647325328767962e-05 -0.0031642083188634373 0.0014731786202218978 -0.0020264045263168494 -0.00084546561347198545
leaf_weight=6210 10098 48600 2970 8088 14850 10530 4422 8202 5748 53622 12420 6426 5940 9234
leaf_count=6210 10098 48600 2970 8088 14850 10530 4422 8202 5748 53622 12420 6426 5940 9234
internal_value=-0.00334298 -0.00599794 -0.00175 -0.000910811 -0.00548822 -0.00282853 -0.00402721 -0.00270499 -0.00142222 0.00012799 -0.00461621 -0.000248494 -0.00197531 -0.000535321
internal_weight=207360 77760 129600 105840 23760 29160 26460 18372 13950 79380 18630 69282 8910 62856
internal_count=207360 77760 129600 105840 23760 29160 26460 18372 13950 79380 18630 69282 8910 62856
is_linear=0
shrinkage=0.08


Tree=49
num_leaves=15
num_cat=0
split_feature=0 12 0 12 12 0 0 8 5 0 5 0 0 0
split_gain=132.827 75.5934 60.0965 50.2646 27.1209 23.9461 16.1528 28.1535 10.0471 8.45971 8.0312 7.89548 13.5164 9.00429
threshold=0.37368421052631584 0.82000000000000017 0.88947368421052642 1.1300000000000001 0.82000000000000017 0.1736842105263158 0.51052631578947383 0.049164924959916458 30.198147919139242 0.97368421052631593 31.498867291051361 0.48947368421052634 0.68947368421052646 0.58421052631578962
decision_type=2 2 2 2 2 2 2 2 2 2 2 2 2 2
left_child=1 5 3 8 9 -1 -5 -8 -2 -4 -9 -10 13 -13
right_child=2 -3 4 6 -6 -7 7 10 11 -11 -12 12 -14 -15
leaf_value=-0.0029142633257001551 0.00079060317884701171 -0.0060243236439633729 -0.00019109116618537037 -0.0040816578254524649 -0.0045224028859840275 -0.00020768550376788067 -0.0027629331717742324 -0.0011823541401579877 -0.00075658424543150209 -0.0037654618426914239 0.00021905392357066816 -5.1894773178029754e-05 -0.00045615087082637732 0.0013468335066466803
leaf_weight=13770 9684 48600 6480 7020 14850 15390 8430 1242 13608 2430 9768 14076 26028 15984
leaf_count=13770 9684 48600 6480 7020 14850 15390 8430 1242 13608 2430 9768 14076 26028 15984
internal_value=-0.00328935 -0.00590329 -0.00172099 -0.000904764 -0.0053569 -0.00268313 -0.00392442 -0.00273663 0.000101787 -0.00186757 -7.26631e-05 -0.000233703 0.000185706 0.00134132
internal_weight=207360 77760 129600 105840 23760 29160 26460 19440 79380 8910 11010 69696 56088 30060
internal_count=207360 77760 129600 105840 23760 29160 26460 19440 79380 8910 11010 69696 56088 30060
is_linear=0
shrinkage=0.08


Tree=50
num_leaves=15
num_cat=0
split_feature=0 12 12 0 0 12 12 0 0 0 6 0 2 6
split_gain=131.511 78.013 48.9815 44.4301 38.5083 19.8521 16.335 15.1067 18.4626 14.5562 10.2105 8.52523 8.22175 9.87504
threshold=0.31052631578947371 0.82000000000000017 0.82000000000000017 0.88947368421052642 0.41578947368421054 1.1300000000000001 0.52000000000000013 0.78421052631578958 0.52105263157894754 0.96315789473684221 29.688635523226925 0.68947368421052646 1.0000000180025095e-35 35.00177475663768
decision_type=2 2 2 2 2 2 2 2 2 2 2 2 2 2
left_child=2 9 6 4 -3 12 -1 8 -7 10 -2 -10 -6 -14
right_child=1 3 -4 -5 5 7 -8 -9 11 -11 -12 -13 13 -15
leaf_value=-0.0002527522428310558 0.001334685454838086 -0.0026669614309145716 -0.0062799331398015468 -0.0041606106551053037 -0.0008458794948851897 -0.003028225650322161 -0.0023262253331335797 -0.0034279317764084956 0.00021999319641471105 -0.0028893933700612261 0.00024457445035600515 -0.0010827275701567141 0.00033429265985131007 -0.00050216892723106861
leaf_weight=8100 9621 13500 40500 14850 5265 5400 16200 5400 8640 3240 40599 4860 16344 14841
leaf_count=8100 9621 13500 40500 14850 5265 5400 16200 5400 8640 3240 40599 4860 16344 14841
internal_value=-0.00321914 -0.00186083 -0.00620741 -0.00331044 -0.00251152 -0.00165268 -0.0033679 -0.00342387 -0.00235767 0.00055518 0.00089048 -0.000776298 -0.000471881 2.18034e-05
internal_weight=207360 142560 64800 89100 74250 60750 24300 24300 18900 53460 50220 13500 36450 31185
internal_count=207360 142560 64800 89100 74250 60750 24300 24300 18900 53460 50220 13500 36450 31185
is_linear=0
shrinkage=0.08


Tree=51
num_leaves=15
num_cat=0
split_feature=0 12 12 0 0 0 12 0 12 12 5 5 0 0
split_gain=127.145 74.5926 48.0613 41.2088 39.5504 15.183 13.8623 13.3526 13.255 9.87093 9.50658 7.98106 7.97476 15.4552
threshold=0.30000000000000004 0.82000000000000017 0.82000000000000017 0.88947368421052642 0.44736842105263164 0.7947368421052633 0.52000000000000013 0.9526315789473685 1.1300000000000001 1.1300000000000001 30.126795513146089 38.302941641563699 0.57368421052631591 0.66842105263157903
decision_type=2 2 2 2 2 2 2 2 2 2 2 2 2 2
left_child=2 7 6 4 9 12 -1 10 -7 -3 -2 -12 -6 -14
right_child=1 3 -4 -5 5 8 -8 -9 -10 -11 11 -13 13 -15
leaf_value=-0.00033235955354002481 0.0012035035095677583 -0.0012446006533008023 -0.0059430465976494243 -0.0038277618026968784 -0.00070232819726557183 -0.00036404702963991313 -0.0022344453771935544 -0.0022686413094192481 -0.0033799796340454255 -0.0060436289986157722 -0.00024422061217582941 0.0023362455025846759 0.00061346733346332989 -0.00048447507929286454
leaf_weight=7830 11754 11340 39150 14850 16200 7290 15660 4050 4860 7560 29574 8892 12150 16200
leaf_count=7830 11754 11340 39150 14850 16200 7290 15660 4050 4860 7560 29574 8892 12150 16200
internal_value=-0.00316011 -0.00185683 -0.00617114 -0.00326368 -0.00250688 -0.00145044 -0.00331035 0.000487929 -0.0039572 -0.00567619 0.000844283 0.000235843 -0.000766781 4.23261e-05
internal_weight=207360 144720 62640 90450 75600 56700 23490 54270 12150 18900 50220 38466 44550 28350
internal_count=207360 144720 62640 90450 75600 56700 23490 54270 12150 18900 50220 38466 44550 28350
is_linear=0
shrinkage=0.08


Tree=52
num_leaves=15
num_cat=0
split_feature=0 12 12 5 12 0 0 2 0 0 0 12 12 0
split_gain=124.595 71.9102 47.1612 39.5217 29.0523 16.5137 19.7563 12.9142 12.6864 16.6964 12.3067 11.7482 7.04009 6.11217
threshold=0.28947368421052638 0.82000000000000017 0.82000000000000017 32.362720402585801 1.1300000000000001 0.90000000000000013 0.3842105263157895 1.0000000180025095e-35 0.46842105263157902 0.7947368421052633 0.97368421052631593 0.52000000000000013 0.52000000000000013 0.14210526315789476
decision_type=2 2 2 2 2 2 2 2 2 2 2 2 2 2
left_child=2 10 11 4 5 6 -3 -8 -5 -10 12 -1 -2 -13
right_child=1 3 -4 8 -6 -7 7 -9 9 -11 -12 13 -14 -15
leaf_value=-0.0003871968896548535 0.0013496281722275281 -0.0017302241536651035 -0.0055993512650399334 -0.0018392154709730446 -0.0041550536466027034 -0.0025698818265109343 -0.0010548439105740432 0.00022186597997611219 -0.00010637268765674705 -0.0016161468070411658 -0.003051582120917668 -0.0032788613735268337 2.8939349929846034e-05 -0.0011424297992475565
leaf_weight=7560 17550 6615 37800 6795 17760 7830 1566 10629 33750 6855 2430 7560 35100 7560
leaf_count=7560 17550 6615 37800 6795 17760 7830 1566 10629 33750 6855 2430 7560 35100 7560
internal_value=-0.00308025 -0.0018219 -0.00613625 -0.00319303 -0.00490811 -0.00323724 -0.00195216 -4.26423e-05 -0.0015865 -0.0010511 0.000463324 -0.00325221 0.000720226 -0.00453968
internal_weight=207360 146880 60480 91800 44400 26640 18810 12195 47400 40605 55080 22680 52650 15120
internal_count=207360 146880 60480 91800 44400 26640 18810 12195 47400 40605 55080 22680 52650 15120
is_linear=0
shrinkage=0.08


Tree=53
num_leaves=15
num_cat=0
split_feature=0 12 12 5 12 0 0 0 0 0 2 12 0 12
split_gain=122.254 68.0809 44.839 40.926 26.9127 15.3846 14.7679 11.3942 11.2647 13.878 10.9725 10.0193 8.78297 6.33491
threshold=0.27894736842105267 0.82000000000000017 0.82000000000000017 32.362720402585801 1.1300000000000001 0.94210526315789489 0.3842105263157895 0.97368421052631593 0.46842105263157902 0.7947368421052633 1.0000000180025095e-35 0.52000000000000013 0.88947368421052642 0.52000000000000013
decision_type=2 2 2 2 2 2 2 2 2 2 2 2 2 2
left_child=2 7 11 4 5 6 -3 13 -5 -10 -8 -1 -12 -2
right_child=1 3 -4 8 -6 -7 10 -9 9 -11 12 -13 -14 -15
leaf_value=-0.00042872442081117883 0.0012560277687150099 -0.0016122901617596007 -0.0052916867913287511 -0.0016920782332951968 -0.0038746195921405212 -0.0036307993671898056 -0.0011012263035668449 -0.0028074555512442507 -9.7862872644204163e-05 -0.0014868550624778745 0.00025658875822958858 -0.0020275828630183694 -0.0010442840110323011 2.5880626423518092e-05
leaf_weight=7290 17820 7425 36450 6795 18300 4824 1989 2430 33750 6855 10098 14580 3114 35640
leaf_count=7290 17820 7425 36450 6795 18300 4824 1989 2430 33750 6855 10098 14580 3114 35640
internal_value=-0.00300309 -0.00178798 -0.00610837 -0.0031124 -0.00481924 -0.00323497 -0.00236047 0.000419393 -0.00146498 -0.000960475 -0.000932046 -0.00324463 -9.80946e-05 0.000662924
internal_weight=207360 149040 58320 93150 45750 27450 22626 55890 47400 40605 15201 21870 13212 53460
internal_count=207360 149040 58320 93150 45750 27450 22626 55890 47400 40605 15201 21870 13212 53460
is_linear=0
shrinkage=0.08


Tree=54
num_leaves=15
num_cat=0
split_feature=0 12 12 5 0 12 0 0 8 0 12 2 6 6
split_gain=117.739 64.8315 46.91 32.0393 30.4246 18.662 20.2244 15.737 19.5722 12.0099 8.93061 7.41697 9.63846 8.628
threshold=0.27894736842105267 1.1300000000000001 0.82000000000000017 31.498867291051361 0.9526315789473685 0.82000000000000017 0.3842105263157895 0.48947368421052634 0.018061979117841246 0.88947368421052642 0.52000000000000013 1.0000000180025095e-35 42.995005878057619 35.00177475663768
decision_type=2 2 2 2 2 2 2 2 2 2 2 2 2 2
left_child=2 4 10 -3 5 -2 -7 -5 -9 11 -1 12 -8 -13
right_child=1 3 -4 7 -6 6 9 8 -10 -11 -12 13 -14 -15
leaf_value=-0.00039442646714628197 0.00041250292170178665 -0.0038738948877300385 -0.0048683518480224517 -0.0036231918800145525 -0.0031857413567889735 -0.0015575952263311907 -0.00084976743924879562 -0.0021864449802979609 9.920714669746475e-05 -0.0012734528956150012 -0.0018653762339768971 0.00030332412886114121 0.0012986358788283686 -0.00039698479372945078
leaf_weight=7290 51840 16062 36450 4236 8100 8100 5103 5634 11328 4860 14580 18270 513 14994
leaf_count=7290 51840 16062 36450 4236 8100 8100 5103 5634 11328 4860 14580 18270 513 14994
internal_value=-0.00292516 -0.00173269 -0.00597257 -0.00462265 -0.00076937 -0.000400465 -0.00147377 -0.00258062 -0.00149134 -0.000793783 -0.00304344 -0.000325105 -0.00301425 0.000128906
internal_weight=207360 149040 58320 37260 111780 103680 51840 21198 16962 43740 21870 38880 5616 33264
internal_count=207360 149040 58320 37260 111780 103680 51840 21198 16962 43740 21870 38880 5616 33264
is_linear=0
shrinkage=0.08


Tree=55
num_leaves=15
num_cat=0
split_feature=0 12 0 12 12 0 0 8 0 6 0 12 5 12
split_gain=114.783 79.6391 53.2461 24.7222 21.8855 24.5946 18.5832 14.1679 10.9334 13.86 8.08673 6.54877 5.92894 5.16052
threshold=0.37368421052631584 0.82000000000000017 0.83684210526315794 1.1300000000000001 1.1300000000000001 0.51052631578947383 0.15263157894736842 0.12410735072433152 0.9526315789473685 29.688635523226925 0.58421052631578962 0.52000000000000013 45.349083655819506 0.52000000000000013
decision_type=2 2 2 2 2 2 2 2 2 2 2 2 2 2
left_child=1 6 4 8 12 -6 -1 -7 9 -4 -9 -10 -2 -8
right_child=2 -3 3 -5 5 7 13 10 11 -11 -12 -13 -14 -15
leaf_value=-0.0022882352883435344 0.00010135884977517593 -0.0038411188449005589 0.00032259025419621777 -0.0053123857471734396 -0.0027253613673786019 -0.0010117814816104939 0.0008019220996282225 -0.0004300180961259065 -3.3232864916825697e-05 -0.0013302293766992265 0.00063652182225935048 -0.003285735212392078 0.003992634881912086 -0.00039395603906707411
leaf_weight=12150 70704 48600 6750 8640 7020 7176 5670 3780 1350 11070 5784 6750 576 11340
leaf_count=12150 70704 48600 6750 8640 7020 7176 5670 3780 1350 11070 5784 6750 576 11340
internal_value=-0.00283141 -0.00526132 -0.00137346 -0.0040625 -0.000395625 -0.00249832 -0.00195611 -0.000831543 -0.00282716 -0.00171942 0.00118444 -0.0052642 0.000305273 -0.000249267
internal_weight=207360 77760 129600 34560 95040 23760 29160 16740 25920 17820 9564 8100 71280 17010
internal_count=207360 77760 129600 34560 95040 23760 29160 16740 25920 17820 9564 8100 71280 17010
is_linear=0
shrinkage=0.08


Tree=56
num_leaves=15
num_cat=0
split_feature=0 12 12 6 0 12 0 0 0 12 0 6 4 4
split_gain=110.902 64.4596 41.0526 33.3939 25.3493 16.6688 16.2723 14.7511 20.8049 8.29794 7.81319 6.9249 9.6754 14.5818
threshold=0.2473684210526316 1.1300000000000001 0.82000000000000017 30.999893628637839 0.94210526315789489 0.82000000000000017 0.40526315789473694 0.47894736842105268 0.78421052631578958 0.82000000000000017 0.88947368421052642 35.00177475663768 1.0000000180025095e-35 0.13636363636363638
decision_type=2 2 2 2 2 2 2 2 2 2 2 2 2 2
left_child=2 4 -1 -3 5 -2 -7 -5 -9 -6 11 12 -8 -14
right_child=1 3 -4 7 9 6 10 8 -10 -11 -12 -13 13 -15
leaf_value=-0.0014132494847105168 0.00036072957901140448 -0.0038881178089988349 -0.0045908928548510147 -0.0034529934619634693 -0.0012079322066808511 -0.0010594998788150793 0.00090573190170479038 -3.2953674017721283e-05 -0.0027776839195615909 -0.003000354313050747 -0.0010635729649528618 -0.00044472557651034666 -0.00053068869205506546 0.00062154996540800939
leaf_weight=19440 53460 16062 32400 3906 4860 12150 4878 14178 4734 4860 4050 17820 8082 6480
leaf_count=19440 53460 16062 32400 3906 4860 12150 4878 14178 4734 4860 4050 17820 8082 6480
internal_value=-0.0027554 -0.00168724 -0.00595988 -0.00450823 -0.000746915 -0.000391323 -0.0013902 -0.00254115 -0.00161675 -0.00465844 -0.000633263 -0.000270533 0.000773661 -0.000259307
internal_weight=207360 155520 51840 38880 116640 106920 53460 22818 18912 9720 41310 37260 19440 14562
internal_count=207360 155520 51840 38880 116640 106920 53460 22818 18912 9720 41310 37260 19440 14562
is_linear=0
shrinkage=0.08


Tree=57
num_leaves=15
num_cat=0
split_feature=0 12 12 5 0 12 0 0 0 0 6 12 2 6
split_gain=107.084 62.4915 41.4389 32.9119 23.3928 15.507 14.8754 17.4449 14.849 8.51359 7.52304 6.58778 6.48439 7.17857
threshold=0.23684210526315794 1.1300000000000001 0.82000000000000017 31.36608248338133 0.9526315789473685 0.82000000000000017 0.50000000000000011 0.78421052631578958 0.3842105263157895 0.88947368421052642 29.630740933039878 0.82000000000000017 1.0000000180025095e-35 42.194491642899727
decision_type=2 2 2 2 2 2 2 2 2 2 2 2 2 2
left_child=2 4 -1 -3 5 -2 -5 -8 -7 12 -11 -6 13 -10
right_child=1 3 -4 6 11 8 7 -9 9 10 -12 -13 -14 -15
leaf_value=-0.0013566471526951988 0.00031776484952557082 -0.003483722888615981 -0.0043975310429628725 -0.0027367954521306114 -0.0013635864739824867 -0.0010506063015919855 6.0869304671414287e-05 -0.0023816689645927707 -0.00080062822370569411 -0.00019741955494709807 -0.0025429570298512844 -0.003248778534949657 2.7314831051830935e-05 0.00091191985087344806
leaf_weight=18630 55080 17808 31050 4812 4050 11340 12840 3960 4932 2457 2403 4050 33264 684
leaf_count=18630 55080 17808 31050 4812 4050 11340 12840 3960 4932 2457 2403 4050 33264 684
internal_value=-0.00265972 -0.00163927 -0.00589855 -0.00439777 -0.000719772 -0.000414671 -0.00229947 -0.00117619 -0.00136384 -0.000695018 -0.00385185 -0.00486914 -0.000300413 -0.00281482
internal_weight=207360 157680 49680 39420 118260 110160 21612 16800 55080 43740 4860 8100 38880 5616
internal_count=207360 157680 49680 39420 118260 110160 21612 16800 55080 43740 4860 8100 38880 5616
is_linear=0
shrinkage=0.08


Tree=58
num_leaves=15
num_cat=0
split_feature=0 12 12 6 0 12 0 0 0 0 6 12 5 12
split_gain=104.028 58.9336 39.9002 32.4533 21.3379 14.5126 13.1059 18.8346 9.16635 9.93809 10.567 7.69273 7.51562 6.58778
threshold=0.22631578947368422 1.1300000000000001 0.82000000000000017 30.999893628637839 0.9526315789473685 0.52000000000000013 0.48947368421052634 0.80526315789473701 0.37368421052631584 0.88947368421052642 29.561946726650515 0.82000000000000017 29.441038581934638 0.82000000000000017
decision_type=2 2 2 2 2 2 2 2 2 2 2 2 2 2
left_child=2 4 -1 -3 5 -2 -5 -8 11 12 -11 -7 -10 -6
right_child=1 3 -4 6 13 8 7 -9 9 10 -12 -13 -14 -15
leaf_value=-0.0013259486009336997 0.0010565696596953455 -0.003451307339246497 -0.0041981322285576982 -0.002671711073595527 -0.0012544995560638873 -0.0001404273262722087 -2.3421983928502345e-05 -0.0029143608104922189 0.00073126817710112216 -5.5692110743841284e-05 -0.0023443768606462808 -0.00098783175953251891 -0.00011704921558396038 -0.0029888762521536848
leaf_weight=17820 18630 17142 29700 4344 4050 7560 14616 3858 4485 4005 4095 11340 61665 4050
leaf_count=17820 18630 17142 29700 4344 4050 7560 14616 3858 4485 4005 4095 11340 61665 4050
internal_value=-0.0025706 -0.0015936 -0.0058569 -0.00425426 -0.000706709 -0.000419397 -0.0022782 -0.00134849 -0.000827055 -0.000426669 -0.00307161 -0.0024 -0.000102799 -0.00467161
internal_weight=207360 159840 47520 39960 119880 111780 22818 18474 93150 74250 8100 18900 66150 8100
internal_count=207360 159840 47520 39960 119880 111780 22818 18474 93150 74250 8100 18900 66150 8100
is_linear=0
shrinkage=0.08


Tree=59
num_leaves=15
num_cat=0
split_feature=0 12 12 6 0 0 0 12 0 0 6 6 4 4
split_gain=99.9385 56.0022 38.0179 32.4182 18.92 15.8479 21.7385 14.2667 12.0461 9.48002 8.09602 6.68223 9.26725 12.2095
threshold=0.21578947368421056 1.1300000000000001 0.82000000000000017 30.071627455056479 0.96315789473684221 0.46842105263157902 0.80526315789473701 0.82000000000000017 0.40526315789473694 0.86842105263157909 29.630740933039878 35.00177475663768 1.0000000180025095e-35 0.13636363636363638
decision_type=2 2 2 2 2 2 2 2 2 2 2 2 2 2
left_child=2 4 -1 -3 7 -5 -7 -2 -9 11 -11 12 -10 -14
right_child=1 3 -4 5 -6 6 -8 8 9 10 -12 -13 13 -15
leaf_value=-0.0012967894824387409 0.00024918013158307283 -0.0038541549045559005 -0.0039964381165690458 -0.0031925288991960679 -0.002545490571824125 -6.0272930443135341e-05 -0.0028072343346900101 -0.00085570285475429226 0.00095487168508333027 -0.00010823941570234129 -0.0016553598343585201 -0.00039177116732400807 -0.00048636749732964505 0.00061248363888392107
leaf_weight=17010 57510 14424 28350 4470 6480 16674 4932 14580 4410 3519 3771 17703 7560 5967
leaf_count=17010 57510 14424 28350 4470 6480 16674 4932 14580 4410 3519 3771 17703 7560 5967
internal_value=-0.00248341 -0.00155408 -0.00580247 -0.00413037 -0.000695311 -0.002447 -0.00154994 -0.000458357 -0.00134933 -0.000674588 -0.00330316 -0.000136927 0.000951328 -8.69391e-05
internal_weight=207360 162000 45360 40500 121500 26076 21606 115020 57510 42930 7290 35640 17937 13527
internal_count=207360 162000 45360 40500 121500 26076 21606 115020 57510 42930 7290 35640 17937 13527
is_linear=0
shrinkage=0.08


Tree=60
num_leaves=15
num_cat=0
split_feature=0 12 12 0 0 0 12 8 12 0 0 0 5 0
split_gain=95.2023 54.8424 36.1656 33.9688 40.1449 17.7762 14.7375 10.5643 7.35012 7.22265 6.6168 13.2962 5.57006 5.37934
threshold=0.20526315789473687 1.1300000000000001 0.82000000000000017 0.43684210526315798 0.84736842105263166 0.97368421052631593 0.52000000000000013 0.17869468224528742 0.52000000000000013 0.57368421052631591 0.54210526315789487 0.67894736842105274 30.126795513146089 0.37368421052631584
decision_type=2 2 2 2 2 2 2 2 2 2 2 2 2 2
left_child=2 5 8 -3 10 6 -2 -8 -1 12 -5 -12 -9 -14
right_child=1 3 -4 4 -6 -7 7 9 -10 -11 11 -13 13 -15
leaf_value=-0.00018901962441351787 0.00095569697205302381 -0.0044383111197872967 -0.0038073025171922216 -0.00083219726047912797 -0.0043596537379940242 -0.0028939271879225635 -0.00049081737022841959 0.00032935772045776789 -0.0016402863003811266 0.00072011905742226602 0.00059457354057520747 -0.00054479543636951934 -0.0023503048161409535 -0.00035213882214289635
leaf_weight=5400 19710 11880 27000 5400 8100 4860 54030 7200 10800 13515 7020 8640 1935 21870
leaf_count=5400 19710 11880 27000 5400 8100 4860 54030 7200 10800 13515 7020 8640 1935 21870
internal_value=-0.00239738 -0.00151803 -0.00573889 -0.00405068 -0.00258162 -0.000673816 -0.000478947 -0.000878338 -0.00275062 3.41401e-05 -0.000740743 9.19521e-05 -0.000638609 -0.00122832
internal_weight=207360 164160 43200 41040 29160 123120 118260 98550 16200 44520 21060 15660 31005 23805
internal_count=207360 164160 43200 41040 29160 123120 118260 98550 16200 44520 21060 15660 31005 23805
is_linear=0
shrinkage=0.08


Tree=61
num_leaves=15
num_cat=0
split_feature=0 12 0 12 12 0 0 0 0 12 0 12 0 6
split_gain=91.3197 75.3629 45.3601 23.9482 13.954 16.7454 12.837 10.7408 15.8074 11.7997 9.41671 7.20457 5.81731 7.62041
threshold=0.3842105263157895 0.82000000000000017 0.86842105263157909 0.82000000000000017 1.1300000000000001 0.18421052631578952 0.1315789473684211 0.52105263157894754 0.67894736842105274 1.1300000000000001 0.58421052631578962 1.1300000000000001 0.96315789473684221 29.630740933039878
decision_type=2 2 2 2 2 2 2 2 2 2 2 2 2 2
left_child=1 6 7 -4 5 -3 -1 9 10 -2 -9 12 13 -5
right_child=2 4 3 11 -6 -7 -8 8 -10 -11 -12 -13 -14 -15
leaf_value=-0.0017791054900774218 -0.00021207408956931109 -0.0028167310807025591 -0.00037584255801703615 -6.0314872827881157e-05 -0.0062037668239420555 -0.00087871205129854096 -1.8342059202768201e-05 -7.6832609071760714e-06 -0.00026945949633322696 -0.00126681970883593 0.0010020049116725867 -0.0051986642771060685 -0.0028596796455671036 -0.0014836656579915702
leaf_weight=10530 21060 14580 10530 3519 19980 15390 19440 12960 38880 7020 19440 7020 3240 3771
leaf_count=10530 21060 14580 10530 3519 19980 15390 19440 12960 38880 7020 19440 7020 3240 3771
internal_value=-0.00231945 -0.00443944 -0.000989958 -0.00382906 -0.00634234 -0.00525059 -0.00126794 -0.000187603 0.000334454 -0.00151282 0.0016395 -0.00563875 -0.00431529 -0.00306173
internal_weight=207360 79920 127440 28080 49950 29970 29970 99360 71280 28080 32400 17550 10530 7290
internal_count=207360 79920 127440 28080 49950 29970 29970 99360 71280 28080 32400 17550 10530 7290
is_linear=0
shrinkage=0.08


Tree=62
num_leaves=15
num_cat=0
split_feature=0 12 12 0 0 0 12 0 0 12 2 2 6 6
split_gain=86.8007 51.8659 36.0461 32.4085 35.2976 16.3414 14.8222 9.82812 12.9441 6.58778 5.98722 5.76585 6.40303 5.91268
threshold=0.20526315789473687 1.1300000000000001 0.82000000000000017 0.41578947368421054 0.87894736842105281 0.98421052631578954 0.82000000000000017 0.88947368421052642 0.3842105263157895 0.52000000000000013 0.58333333333333337 1.0000000180025095e-35 35.00177475663768 42.194491642899727
decision_type=2 2 2 2 2 2 2 2 2 2 2 2 2 2
left_child=2 5 9 -3 10 6 -2 8 -8 -1 -5 13 -13 -10
right_child=1 3 -4 4 -6 -7 7 -9 11 -11 -12 12 -14 -15
leaf_value=-9.1029441576885163e-05 0.00023158071072577817 -0.0042017422918408705 -0.0032970937541616841 -0.00054329176880457924 -0.0054757018504853769 -0.0032658711286459065 -0.00076583399881476305 -0.0010914049591537335 -0.00065753381008410469 -0.0014403296303766816 0.00011534874986625897 0.00026854481627069503 -0.0003151060912701517 0.00082103437963839364
leaf_weight=5400 59940 10800 27000 13728 6480 3240 13770 7290 4932 10800 10032 18270 14994 684
leaf_count=5400 59940 10800 27000 13728 6480 3240 13770 7290 4932 10800 10032 18270 14994 684
internal_value=-0.00225193 -0.00141228 -0.00544259 -0.00387525 -0.00253175 -0.000591295 -0.000439775 -0.00132933 -0.00094815 -0.00245926 -0.00110438 -0.000201648 0.000198651 -0.00257265
internal_weight=207360 164160 43200 41040 30240 123120 119880 59940 52650 16200 23760 38880 33264 5616
internal_count=207360 164160 43200 41040 30240 123120 119880 59940 52650 16200 23760 38880 33264 5616
is_linear=0
shrinkage=0.08


Tree=63
num_leaves=15
num_cat=0
split_feature=0 12 0 12 12 0 0 0 0 12 0 6 12 5
split_gain=82.8817 68.4297 40.428 23.7275 17.8898 15.4753 10.5348 9.4733 14.4712 11.0315 9.28407 7.5009 6.70627 6.50908
threshold=0.37368421052631584 0.82000000000000017 0.88947368421052642 0.82000000000000017 1.1300000000000001 0.1736842105263158 0.15263157894736842 0.51052631578947383 0.67894736842105274 1.1300000000000001 0.58421052631578962 29.893552987076848 1.1300000000000001 35.110213769505684
decision_type=2 2 2 2 2 2 2 2 2 2 2 2 2 2
left_child=1 6 7 -4 5 -3 -1 9 10 13 -9 -10 -5 -2
right_child=2 4 3 12 -6 -7 -8 8 11 -11 -12 -13 -14 -15
leaf_value=-0.0013984590579504098 7.10664686389615e-05 -0.0024216913313316636 -0.00032911051209222753 -0.0013171642266301743 -0.0055326232848076978 -0.00076323158194962885 2.5102202532568703e-05 -3.6433695614844963e-05 0.00051066158745206229 -0.0012168560888797344 0.00092850088889922296 -0.00040207930497748376 -0.0057156948458818111 -0.0013003852931782515
leaf_weight=12150 15084 13770 8910 8910 19440 15390 17010 15120 4272 7020 19440 38928 5940 5976
leaf_count=12150 15084 13770 8910 8910 19440 15390 17010 15120 4272 7020 19440 38928 5940 5976
internal_value=-0.00217593 -0.00424074 -0.000937039 -0.00391919 -0.00607901 -0.00482579 -0.00117696 -0.000267576 0.000187241 -0.00152707 0.00140741 -0.000788891 -0.00587744 -0.000611588
internal_weight=207360 77760 129600 23760 48600 29160 29160 105840 77760 28080 34560 43200 14850 21060
internal_count=207360 77760 129600 23760 48600 29160 29160 105840 77760 28080 34560 43200 14850 21060
is_linear=0
shrinkage=0.08


Tree=64
num_leaves=15
num_cat=0
split_feature=0 12 0 12 12 0 0 12 0 8 12 0 12 6
split_gain=78.552 65.3852 37.7503 22.4875 20.0505 15.2168 9.59302 8.15344 9.32744 7.85902 7.56499 6.91334 6.18541 5.21826
threshold=0.37368421052631584 0.82000000000000017 0.88947368421052642 0.82000000000000017 1.1300000000000001 0.16315789473684214 0.15263157894736842 1.1300000000000001 0.46842105263157902 0.046717464696057191 1.1300000000000001 0.57368421052631591 0.52000000000000013 29.73350195717769
decision_type=2 2 2 2 2 2 2 2 2 2 2 2 2 2
left_child=1 6 7 12 5 -3 -1 13 -9 -10 -5 -11 -4 -2
right_child=2 4 3 10 -6 -7 -8 8 9 11 -12 -13 -14 -15
leaf_value=-0.0012865823333143745 0.00061750963624661965 -0.0023060834617258008 0.0012788421703630907 -0.0012117910884997586 -0.0050900134220230823 -0.00072832048992581169 2.3094026329960635e-05 -0.0014122578166985461 -0.00069629673353224038 -0.00044342407645064956 -0.0052584392582112624 0.00042102243015226213 -0.0010366756231805028 -2.3031078872172797e-05
leaf_weight=12150 6804 12960 2970 8910 19440 16200 17010 4860 8388 5400 5940 7812 5940 72576
leaf_count=12150 6804 12960 2970 8910 19440 16200 17010 4860 8388 5400 5940 7812 5940 72576
internal_value=-0.00211227 -0.00412243 -0.000906175 -0.00378788 -0.00591934 -0.00459259 -0.00112757 -0.000259261 -0.00147544 -0.000762965 -0.00569428 0.00045292 -0.000610552 0.000146131
internal_weight=207360 77760 129600 23760 48600 29160 29160 105840 26460 21600 14850 13212 8910 79380
internal_count=207360 77760 129600 23760 48600 29160 29160 105840 26460 21600 14850 13212 8910 79380
is_linear=0
shrinkage=0.08


Tree=65
num_leaves=15
num_cat=0
split_feature=0 12 0 12 12 0 12 0 0 0 12 0 5 0
split_gain=73.9468 64.2168 36.2994 22.5385 21.9682 14.19 10.165 8.979 6.92048 12.2188 6.96529 6.60192 6.07804 11.3583
threshold=0.3842105263157895 0.82000000000000017 0.87894736842105281 1.1300000000000001 1.1300000000000001 0.18421052631578952 0.52000000000000013 0.12105263157894738 0.52105263157894754 0.67894736842105274 1.1300000000000001 0.59473684210526323 29.628738005555686 0.94210526315789489
decision_type=2 2 2 2 2 2 2 2 2 2 2 2 2 2
left_child=1 7 8 5 6 -3 -4 -1 10 11 -2 -10 13 -8
right_child=2 3 4 -5 -6 -7 12 -9 9 -11 -12 -13 -14 -15
leaf_value=-0.0014254058126055729 -0.00019562554763426888 -0.0019914828128273542 0.0010776102271581032 -0.0045712868299002535 -0.0043314918770503879 -0.00062315070515351495 0.00035501190191622993 -2.3223087572695431e-05 6.6555601910620117e-05 -0.00022482864474989204 -0.00092733136603928719 0.00090947130327510221 -0.0018711647238296833 -0.0014116609655466577
leaf_weight=9720 21060 14580 3240 19980 6480 15390 4080 20250 15120 41040 7020 17280 4980 7140
leaf_count=9720 21060 14580 3240 19980 6480 15390 4080 20250 15120 41040 7020 17280 4980 7140
internal_value=-0.00205826 -0.00396597 -0.000861898 -0.00572252 -0.00353395 -0.004335 -0.0021893 -0.00103837 -0.000179671 0.000228756 -0.00124787 0.00139012 -0.00300741 -0.00197505
internal_weight=207360 79920 127440 49950 25920 29970 19440 29970 101520 73440 28080 32400 16200 11220
internal_count=207360 79920 127440 49950 25920 29970 19440 29970 101520 73440 28080 32400 16200 11220
is_linear=0
shrinkage=0.08


Tree=66
num_leaves=15
num_cat=0
split_feature=0 12 12 0 0 0 12 2 0 5 0 12 5 5
split_gain=71.2188 49.1071 30.5689 29.0371 34.2879 14.3131 10.6534 6.1397 6.08738 9.86197 6.46711 5.81316 5.63213 5.1893
threshold=0.19473684210526318 1.1300000000000001 0.82000000000000017 0.41578947368421054 0.88947368421052642 0.98421052631578954 0.52000000000000013 0.58333333333333337 0.88947368421052642 29.628738005555686 0.39473684210526322 0.52000000000000013 30.126795513146089 30.71957033814644
decision_type=2 2 2 2 2 2 2 2 2 2 2 2 2 2
left_child=2 5 11 -3 7 6 -2 -5 10 -10 12 -1 -8 -12
right_child=1 3 -4 4 -6 -7 8 -9 9 -11 13 -13 -14 -15
leaf_value=2.9456428683145575e-05 0.00083517151188948762 -0.0029775899105341491 -0.0026058699149487242 -0.00046997557395488408 -0.004491244767390332 -0.0027624677887072924 -0.00022877640474642028 0.00012653146582173344 -0.00020244599681723747 -0.0019187877768641465 0.00047423875957322852 -0.0011613347710222933 -0.0015631976901955484 -0.00011623780534870339
leaf_weight=5130 20250 11340 25650 14040 5940 3240 20895 10260 8130 4020 9885 10260 4755 53565
leaf_count=5130 20250 11340 25650 14040 5940 3240 20895 10260 8130 4020 9885 10260 4755 53565
internal_value=-0.00198611 -0.00124964 -0.00497076 -0.00363059 -0.00233598 -0.00045599 -0.000316051 -0.00100412 -0.000651064 -0.00233087 -0.000422 -0.00215205 -0.00149396 1.13456e-05
internal_weight=207360 166320 41040 41580 30240 124740 121500 24300 101250 12150 89100 15390 25650 63450
internal_count=207360 166320 41040 41580 30240 124740 121500 24300 101250 12150 89100 15390 25650 63450
is_linear=0
shrinkage=0.08


Tree=67
num_leaves=15
num_cat=0
split_feature=12 0 0 0 0 12 12 0 0 6 2 5 2 5
split_gain=67.2086 53.2131 41.4459 33.1434 13.6363 11.0941 10.7149 6.29631 7.86089 5.83164 5.50434 5.38815 5.21557 5.12098
threshold=1.1300000000000001 0.40526315789473694 0.16315789473684214 0.88947368421052642 0.98421052631578954 0.82000000000000017 0.82000000000000017 0.39473684210526322 0.94210526315789489 44.569955959160914 1.0000000180025095e-35 41.932593331801648 0.58333333333333337 29.731121905649399
decision_type=2 2 2 2 2 2 2 2 2 2 2 2 2 2
left_child=2 -2 6 12 5 9 -1 13 10 -4 11 -9 -3 -7
right_child=1 3 4 -5 -6 7 -8 8 -10 -11 -12 -13 -14 -15
leaf_value=-0.0009832012910453347 -0.0037903200864034753 -0.00044508563353533098 0.00014462701699379717 -0.0041319451859991021 -0.0025414703656107076 -0.00037649867841396776 -0.0017538085665656533 -0.00063395205156947852 -0.0010611376184237883 0.007638721808355441 1.7491437524788747e-05 0.00065735791233084272 9.8376466934956976e-05 -0.0016335497425242688
leaf_weight=12960 21060 14352 62604 5940 3240 14445 12960 5310 3240 576 36036 774 10488 3375
leaf_count=12960 21060 14352 62604 5940 3240 14445 12960 5310 3240 576 36036 774 10488 3375
internal_value=-0.00192053 -0.00441513 -0.00108899 -0.002295 -0.00050494 -0.000373538 -0.00400926 -0.00112314 -0.000622577 0.000376066 -0.000330486 -0.00255621 -0.00101127 -0.00239731
internal_weight=207360 51840 155520 30780 129600 126360 25920 63180 45360 63180 42120 6084 24840 17820
internal_count=207360 51840 155520 30780 129600 126360 25920 63180 45360 63180 42120 6084 24840 17820
is_linear=0
shrinkage=0.08


Tree=68
num_leaves=15
num_cat=0
split_feature=12 0 0 0 0 12 12 5 0 8 12 0 5 5
split_gain=65.0027 53.1533 38.7309 31.0683 11.763 10.0593 9.76004 6.34934 5.40609 7.21339 4.87984 4.18762 11.2407 3.907
threshold=1.1300000000000001 0.37368421052631584 0.15263157894736842 0.88947368421052642 0.97368421052631593 0.52000000000000013 0.82000000000000017 25.876686167607698 0.51052631578947383 0.032566997692217346 0.82000000000000017 0.88947368421052642 29.628738005555686 29.845416472790575
decision_type=2 2 2 2 2 2 2 2 2 2 2 2 2 2
left_child=2 -2 6 8 5 -4 -1 -7 -3 13 -6 -9 -13 -10
right_child=1 3 4 -5 10 7 -8 11 9 -11 -12 12 -14 -15
leaf_value=-0.00096462155085670555 -0.0037815632107391453 -0.00082395665788391405 0.00076301776039972501 -0.0038013895711191763 -0.00094289880061785084 -0.00060075397093414687 -0.0016617344820899938 -7.7501751452743701e-05 0.00027895507981150891 0.00020091150702035489 -0.0023381526372309083 5.6742662433935498e-05 -0.0017404872657755424 -0.00083030713680609441
leaf_weight=12150 19440 7020 21060 5940 2430 11805 12150 83535 1194 11478 2430 6030 3930 6768
leaf_count=12150 19440 7020 21060 5940 2430 11805 12150 83535 1194 11478 2430 6030 3930 6768
internal_value=-0.00184452 -0.00429784 -0.00102675 -0.00231358 -0.000483465 -0.000334918 -0.0039605 -0.000654133 -0.00113984 -0.000452677 -0.00434568 -0.000433394 -0.00198394 -0.00230294
internal_weight=207360 51840 155520 32400 131220 126360 24300 105300 26460 19440 4860 93495 9960 7962
internal_count=207360 51840 155520 32400 131220 126360 24300 105300 26460 19440 4860 93495 9960 7962
is_linear=0
shrinkage=0.08


Tree=69
num_leaves=15
num_cat=0
split_feature=12 0 0 0 0 12 12 8 0 8 0 2 6 5
split_gain=61.7329 51.9531 34.7969 30.1259 11.091 9.38803 9.09054 6.36734 5.01174 5.09546 4.29678 3.7857 5.39425 4.78794
threshold=1.1300000000000001 0.37368421052631584 0.15263157894736842 0.88947368421052642 0.98421052631578954 0.52000000000000013 0.82000000000000017 0.068529383742076885 0.44736842105263164 0.0064231438193785581 0.56315789473684219 0.75000000000000011 29.73350195717769 38.302941641563699
decision_type=2 2 2 2 2 2 2 2 2 2 2 2 2 2
left_child=2 -2 6 8 5 11 -1 -7 -3 -10 -11 13 -13 -4
right_child=1 3 4 -5 -6 7 -8 -9 9 10 -12 12 -14 -15
leaf_value=-0.00088745182678816564 -0.003479038153880014 -0.0010229343228343919 0.0006635955306942429 -0.0034972784054296407 -0.0021873521435565352 -0.0003455627383708594 -0.0015287957235227934 -1.4146170631415952e-05 -0.00057695543982842182 -0.00036740837158675253 0.00027573471092159094 0.0010420237534593344 -0.0017949514647401695 0.0040317119216255947
leaf_weight=12150 19440 3780 13047 5940 3240 52050 12150 54600 7110 5940 9630 2193 3732 2358
leaf_count=12150 19440 3780 13047 5940 3240 52050 12150 54600 7110 5940 9630 2193 3732 2358
internal_value=-0.00177585 -0.00416667 -0.000978911 -0.00220494 -0.000463956 -0.000346931 -0.00375967 -0.000653354 -0.00104913 -0.000599649 0.00021066 0.00118518 -0.000533335 0.00184615
internal_weight=207360 51840 155520 32400 131220 127980 24300 106650 26460 22680 15570 21330 5925 15405
internal_count=207360 51840 155520 32400 131220 127980 24300 106650 26460 22680 15570 21330 5925 15405
is_linear=0
shrinkage=0.08


Tree=70
num_leaves=15
num_cat=0
split_feature=12 0 0 0 0 12 12 0 0 6 5 0 8 0
split_gain=59.0336 49.2112 31.3953 28.8139 10.153 8.36174 7.88929 6.36638 6.67138 5.38248 5.04727 4.5295 4.51047 4.47954
threshold=1.1300000000000001 0.37368421052631584 0.14210526315789476 0.88947368421052642 0.98421052631578954 0.82000000000000017 0.82000000000000017 0.3842105263157895 0.93157894736842117 29.73350195717769 44.574452998165263 0.44736842105263164 0.046717464696057191 0.56315789473684219
decision_type=2 2 2 2 2 2 2 2 2 2 2 2 2 2
left_child=2 -2 6 11 5 10 -1 9 -9 -7 -4 -3 -13 -14
right_child=1 3 4 -5 -6 7 -8 8 -10 -11 -12 12 13 -15
leaf_value=-0.00089113574896001861 -0.0032007151015696136 -0.00094109957700763984 0.0001172691559520534 -0.0032174961329952709 -0.0020123639720720167 -0.00038433943960261688 -0.0014837287338060003 -4.5777196151416242e-05 -0.00079194482899502057 -0.0020803775777751155 0.0071226892970234637 -0.00047937843493276318 -0.00033801570185981055 0.00033034030063088952
leaf_weight=11340 19440 3780 64233 5940 3240 16335 11340 42120 4050 2295 567 8388 5940 8352
leaf_count=11340 19440 3780 64233 5940 3240 16335 11340 42120 4050 2295 567 8388 5940 8352
internal_value=-0.00171451 -0.00405247 -0.000935187 -0.00214321 -0.000465524 -0.00035494 -0.00368607 -0.000997533 -0.000493829 -0.00224584 0.000287652 -0.00101285 -0.00058554 0.000278755
internal_weight=207360 51840 155520 32400 132840 129600 22680 64800 46170 18630 64800 26460 22680 14292
internal_count=207360 51840 155520 32400 132840 129600 22680 64800 46170 18630 64800 26460 22680 14292
is_linear=0
shrinkage=0.08


Tree=71
num_leaves=15
num_cat=0
split_feature=0 12 12 0 0 12 0 12 0 5 2 4 12 4
split_gain=56.8126 36.0818 28.0577 18.8957 23.8749 10.7856 9.91984 5.10224 4.55779 9.05196 4.07626 4.20313 3.92469 3.84091
threshold=0.22631578947368422 1.1300000000000001 1.1300000000000001 0.88947368421052642 0.42631578947368426 0.82000000000000017 0.98421052631578954 0.52000000000000013 0.88947368421052642 29.628738005555686 0.58333333333333337 0.13636363636363638 0.52000000000000013 1.0000000180025095e-35
decision_type=2 2 2 2 2 2 2 2 2 2 2 2 2 2
left_child=1 5 6 4 -4 12 7 -2 -9 -10 -6 13 -1 -12
right_child=2 -3 3 -5 10 -7 -8 8 9 -11 11 -13 -14 -15
leaf_value=0.00016596029782035536 0.00062796098461303867 -0.004153906358009443 -0.0016172832277410196 -0.0029600964423556492 -0.00034407995222183671 -0.00107634652887163 -0.0018513748543062607 -6.9578797513918786e-05 -9.5092245859212197e-05 -0.0015802903270402922 -6.2360781621289101e-05 -0.00045414465687227193 -0.00070450314446319562 0.001124037759999139
leaf_weight=5940 19440 11880 10260 5940 13728 17820 3240 85050 8130 4020 3168 3696 11880 3168
leaf_count=5940 19440 11880 10260 5940 13728 17820 3240 85050 8130 4020 3168 3696 11880 3168
internal_value=-0.00165895 -0.00408754 -0.000936939 -0.00277277 -0.00204586 -0.00281482 -0.000324994 -0.000203706 -0.000440331 -0.00188971 -0.000653201 0.000572566 -0.00142312 0.00182323
internal_weight=207360 47520 159840 39960 34020 35640 119880 116640 97200 12150 23760 10032 17820 6336
internal_count=207360 47520 159840 39960 34020 35640 119880 116640 97200 12150 23760 10032 17820 6336
is_linear=0
shrinkage=0.08


Tree=72
num_leaves=15
num_cat=0
split_feature=12 0 0 0 0 12 12 5 5 0 0 0 6 0
split_gain=54.058 47.8053 26.9111 25.9645 8.91212 6.6196 6.46538 5.65555 4.16501 5.98655 6.76638 4.12984 3.97142 3.80643
threshold=1.1300000000000001 0.37368421052631584 0.1315789473684211 0.88947368421052642 0.98421052631578954 0.82000000000000017 0.82000000000000017 26.144271404271677 29.845416472790575 0.44736842105263164 0.81578947368421062 0.93157894736842117 44.569955959160914 0.22631578947368422
decision_type=2 2 2 2 2 2 2 2 2 2 2 2 2 2
left_child=2 13 6 8 5 12 -1 -7 -3 -10 -11 -9 -4 -2
right_child=1 3 4 -5 -6 7 -8 11 9 10 -12 -13 -14 -15
leaf_value=-0.0008540790570710844 -0.0038215938493686877 0.00033664044529841774 9.9865208354305333e-05 -0.0027232887269671951 -0.0017032648659617566 -0.00057233286070652379 -0.0013227897897901597 -0.00010175045713914278 -0.0013544935744973835 -3.5502758531528143e-05 -0.0012794116558845537 -0.00072052121163890422 0.0064839640836755457 -0.0017602269086813001
leaf_weight=10530 11880 2472 65034 5940 3240 9612 10530 52839 2820 18330 2838 3159 576 7560
leaf_count=10530 11880 2472 65034 5940 3240 9612 10530 52839 2820 18330 2838 3159 576 7560
internal_value=-0.00158526 -0.00382253 -0.000839508 -0.00194074 -0.000423027 -0.000320685 -0.00349858 -0.000888891 -0.000867727 -0.00118993 -0.000728649 -0.000581166 0.000247521 -0.00695885
internal_weight=207360 51840 155520 32400 134460 131220 21060 65610 26460 23988 21168 55998 65610 19440
internal_count=207360 51840 155520 32400 134460 131220 21060 65610 26460 23988 21168 55998 65610 19440
is_linear=0
shrinkage=0.08


Tree=73
num_leaves=15
num_cat=0
split_feature=12 0 0 0 0 12 5 12 0 0 5 6 0 0
split_gain=52.3197 47.3048 24.8574 23.4926 8.09636 6.57648 6.50428 5.36672 4.11544 3.97435 8.85225 3.74427 5.50659 6.23611
threshold=1.1300000000000001 0.37368421052631584 0.12105263157894738 0.88947368421052642 0.98421052631578954 0.52000000000000013 25.876686167607698 0.82000000000000017 0.22631578947368422 0.88947368421052642 29.684989701527048 29.73350195717769 0.44736842105263164 0.81578947368421062
decision_type=2 2 2 2 2 2 2 2 2 2 2 2 2 2
left_child=2 8 7 11 5 -4 -7 -1 -2 -8 -11 -3 -13 -14
right_child=1 3 4 -5 -6 6 9 -9 -10 10 -12 12 13 -15
leaf_value=-0.00082070091266101214 -0.0035158663414191914 0.00035747303645346776 0.00057436296282180148 -0.0025054256288098192 -0.0015670036766848104 -0.00047844623553173587 -4.4385215590116359e-05 -0.0012632348059552223 -0.0016194087559867983 -1.5499801881990142e-05 -0.0014622905837526437 -0.0012735071164251697 -3.2511784546589912e-05 -0.0010944706098116701
leaf_weight=9720 11880 2268 22140 5940 3240 15285 84450 9720 7560 7050 3915 2748 18414 3030
leaf_count=9720 11880 2268 22140 5940 3240 15285 84450 9720 7560 7050 3915 2748 18414 3030
internal_value=-0.00153511 -0.00373611 -0.000801442 -0.0018642 -0.000419167 -0.000322796 -0.000574528 -0.00347737 -0.00685597 -0.000329091 -0.00176197 -0.000843539 -0.00113492 -0.000702856
internal_weight=207360 51840 155520 32400 136080 132840 110700 19440 19440 95415 10965 26460 24192 21444
internal_count=207360 51840 155520 32400 136080 132840 110700 19440 19440 95415 10965 26460 24192 21444
is_linear=0
shrinkage=0.08


Tree=74
num_leaves=15
num_cat=0
split_feature=12 0 0 0 0 12 0 0 6 12 0 2 5 5
split_gain=48.946 46.3272 21.9568 21.8037 7.48206 5.60651 5.48462 5.53512 5.47703 4.8482 4.79927 4.37509 4.60358 4.3132
threshold=1.1300000000000001 0.37368421052631584 0.90000000000000013 0.12105263157894738 0.98421052631578954 0.82000000000000017 0.3842105263157895 0.96315789473684221 29.176490495628233 0.82000000000000017 0.20526315789473687 1.0000000180025095e-35 41.932593331801648 26.144271404271677
decision_type=2 2 2 2 2 2 2 2 2 2 2 2 2 2
left_child=3 10 -3 9 5 -5 8 11 13 -1 -2 12 -8 -7
right_child=1 2 -4 4 -6 6 7 -9 -10 -11 -12 -13 -14 -15
leaf_value=-0.00075504483964812692 -0.0034799037587821724 -0.00019067410167529844 -0.0024676804372627419 0.00011459483803565741 -0.0014416433825500238 -0.00051706194245604742 -0.00055505554361980969 -0.0012251142527609587 -0.0014459919869199752 -0.0011621760214788025 -0.0015248059095862841 3.9853114481593923e-05 0.00063302044642267648 8.7306475371628515e-07
leaf_weight=9720 10800 27000 5400 66420 3240 9234 5661 1620 3141 9720 8640 38115 774 7875
leaf_count=9720 10800 27000 5400 66420 3240 9234 5661 1620 3141 9720 8640 38115 774 7875
internal_value=-0.00146682 -0.00359568 -0.00174321 -0.000757204 -0.000399179 -0.000306536 -0.000826259 -0.000344815 -0.00192395 -0.00326338 -0.00668313 -0.00017778 -0.00210723 -0.00136022
internal_weight=207360 51840 32400 155520 136080 132840 66420 46170 20250 19440 19440 44550 6435 17109
internal_count=207360 51840 32400 155520 136080 132840 66420 46170 20250 19440 19440 44550 6435 17109
is_linear=0
shrinkage=0.08


Tree=75
num_leaves=15
num_cat=0
split_feature=12 0 0 0 8 0 5 0 0 12 0 12 12 2
split_gain=46.3729 44.584 20.6045 19.7818 6.56421 7.08203 6.30193 7.45556 5.18621 5.08282 4.4479 4.13444 3.98671 3.78156
threshold=1.1300000000000001 0.37368421052631584 0.90000000000000013 0.11052631578947369 0.023509568630965861 0.57368421052631591 29.731121905649399 0.37368421052631584 0.20526315789473687 0.52000000000000013 0.96315789473684221 0.82000000000000017 0.52000000000000013 0.58333333333333337
decision_type=2 2 2 2 2 2 2 2 2 2 2 2 2 2
left_child=3 8 13 12 9 6 -6 -8 -2 -5 -11 -12 -1 -3
right_child=1 2 -4 4 5 -7 7 -9 -10 10 11 -13 -14 -15
leaf_value=-0.00026195133196195821 -0.0032015114580796001 -0.00035955446984245937 -0.0022702660022817216 0.00035086598504746125 0.00025775699643739759 0.0005756192664573889 -0.001515546783677765 -0.0002322151367504935 -0.0014028214368193835 -0.00023710302123337162 -0.00025822450680994426 -0.0013453489981470313 -0.0010538696200000431 8.5576567073800944e-05
leaf_weight=2970 10800 15600 5400 10998 14400 25344 4482 27486 8640 49590 2160 3240 14850 11400
leaf_count=2970 10800 15600 5400 10998 14400 25344 4482 27486 8640 49590 2160 3240 14850 11400
internal_value=-0.00139699 -0.00346914 -0.00165185 -0.000706278 -0.000381701 0.000148146 -0.000439615 -0.00106557 -0.00649794 -0.000957509 -0.00127151 -0.00345185 -0.00321437 -0.000749632
internal_weight=207360 51840 32400 155520 137700 71712 46368 31968 19440 65988 54990 5400 17820 27000
internal_count=207360 51840 32400 155520 137700 71712 46368 31968 19440 65988 54990 5400 17820 27000
is_linear=0
shrinkage=0.08


Tree=76
num_leaves=15
num_cat=0
split_feature=0 12 12 0 0 0 12 0 6 12 0 5 5 2
split_gain=43.688 33.1417 20.318 14.1042 18.5771 6.80317 6.70732 6.37813 5.47895 3.86696 5.45668 3.27775 4.59452 3.28257
threshold=0.19473684210526318 1.1300000000000001 1.1300000000000001 0.94210526315789489 0.41578947368421054 0.82631578947368434 0.52000000000000013 0.99473684210526325 29.846277160675733 0.82000000000000017 0.96315789473684221 30.126795513146089 37.551528120246189 0.25000000000000006
decision_type=2 2 2 2 2 2 2 2 2 2 2 2 2 2
left_child=1 6 7 4 -4 -6 -1 9 -7 11 -11 -2 13 -13
right_child=2 -3 3 -5 5 8 -8 -9 -10 10 -12 12 -14 -15
leaf_value=0.00018768592900928957 0.00040161124930694229 -0.0030384497764209505 -0.0011984638319689589 -0.0032764865243542565 -8.2562514297412207e-06 3.9891314110264588e-05 -0.00075071158012849607 -0.0018258823134506309 -0.0015273966250228389 -0.00011706901766599935 -0.0010408569743298279 0.00028686136261509227 0.0012665795473744135 -0.00089690406625855129
leaf_weight=5130 22716 10260 11340 3240 21060 2106 25650 1620 3834 59130 2430 8847 10413 19584
leaf_count=5130 22716 10260 11340 3240 21060 2106 25650 1620 3834 59130 2430 8847 10413 19584
internal_value=-0.00133488 -0.00367252 -0.000758059 -0.00228956 -0.00186124 -0.000720002 -0.00235998 -0.000247557 -0.00311111 -0.000181938 -0.000630281 0.000266405 -0.000180004 -0.000706555
internal_weight=207360 41040 166320 41580 38340 27000 30780 124740 5940 123120 61560 61560 38844 28431
internal_count=207360 41040 166320 41580 38340 27000 30780 124740 5940 123120 61560 61560 38844 28431
is_linear=0
shrinkage=0.08


Tree=77
num_leaves=15
num_cat=0
split_feature=12 0 0 0 0 0 12 4 2 2 12 4 2 8
split_gain=41.4188 41.0962 18.7104 16.0044 6.14956 5.77955 5.03565 5.43655 10.672 7.46586 7.02406 5.66187 6.24082 5.35765
threshold=1.1300000000000001 0.37368421052631584 0.90000000000000013 0.10000000000000002 0.19473684210526318 0.99473684210526325 0.52000000000000013 1.0000000180025095e-35 0.58333333333333337 0.41666666666666669 0.82000000000000017 0.13636363636363638 0.25000000000000006 0.47255948462864333
decision_type=2 2 2 2 2 2 2 2 2 2 2 2 2 2
left_child=3 4 -3 -1 -2 6 -5 8 -8 11 -10 -9 -13 -11
right_child=1 2 -4 5 -6 -7 7 9 10 13 -12 12 -14 -15
leaf_value=-0.00088913814997657482 -0.0027953737943072765 -0.00013900361369033342 -0.0019759316727446887 0.00050094295089893597 -0.0012176411915352005 -0.0016798117283745829 0.00036415057820728093 -0.00083086526495276466 0.00036655159635410516 -0.00017222724668162915 -0.00076400420045027388 7.840963126993906e-05 -0.00077248594388960119 0.00066183960030615277
leaf_weight=16200 10260 27000 5400 22950 9180 1620 22950 16575 6120 38160 9180 10200 5100 6465
leaf_count=16200 10260 27000 5400 22950 9180 1620 22950 16575 6120 38160 9180 10200 5100 6465
internal_value=-0.00126543 -0.00322377 -0.00147901 -0.000612656 -0.00613169 -0.000335919 -0.000280031 -0.000496385 0.000282351 -0.000885754 -0.00135425 -0.00182086 -0.000711113 -0.000217817
internal_weight=207360 51840 32400 155520 19440 139320 137700 114750 38250 76500 15300 31875 15300 44625
internal_count=207360 51840 32400 155520 19440 139320 137700 114750 38250 76500 15300 31875 15300 44625
is_linear=0
shrinkage=0.08


Tree=78
num_leaves=15
num_cat=0
split_feature=12 0 0 0 0 5 0 6 0 0 0 5 0 0
split_gain=38.0782 39.0008 17.9682 13.4818 6.61732 5.40623 4.44447 5.67502 4.61729 4.47669 4.38281 4.30495 8.39116 9.63152
threshold=1.1300000000000001 0.37368421052631584 0.94210526315789489 0.08947368421052633 0.19473684210526318 24.589348502844064 0.81578947368421062 29.846277160675733 0.56315789473684219 0.66842105263157903 0.97368421052631593 29.628738005555686 0.84736842105263166 0.41578947368421054
decision_type=2 2 2 2 2 2 2 2 2 2 2 2 2 2
left_child=3 4 6 -1 -2 -5 8 -8 -3 -10 11 -7 13 -13
right_child=1 2 -4 5 -6 10 7 -9 9 -11 -12 12 -14 -15
leaf_value=-0.00085048114433946772 -0.0025717438907626945 -0.00039383542582528236 -0.0028562930685863421 -0.00046264839970565916 -0.0011202298962123824 0.000143065603766101 0.0001120302800884566 -0.001198730681502893 0.00054416229734895443 -0.00012477788943714011 -0.00099642444018973914 -0.00094277039914873891 -0.00083855784676604419 9.3182019765353122e-05
leaf_weight=14580 10260 9720 3240 14490 9180 39438 2172 4308 5400 7560 4158 9666 9414 63774
leaf_count=14580 10260 9720 3240 14490 9180 39438 2172 4308 5400 7560 4158 9666 9414 63774
internal_value=-0.00120718 -0.00308488 -0.00138519 -0.000581278 -0.0059177 -0.000341708 -0.000757204 -0.00260494 -0.000229279 0.000759257 -0.000173984 -8.71376e-05 -0.000414611 -0.000126364
internal_weight=207360 51840 32400 155520 19440 140940 29160 6480 22680 12960 126450 122292 82854 73440
internal_count=207360 51840 32400 155520 19440 140940 29160 6480 22680 12960 126450 122292 82854 73440
is_linear=0
shrinkage=0.08


Tree=79
num_leaves=15
num_cat=0
split_feature=12 0 0 5 0 6 0 5 12 0 8 6 0 0
split_gain=35.7521 36.5556 15.3791 12.0057 6.51729 5.10259 4.82522 5.52663 4.65883 3.5859 3.19802 4.10122 7.02694 9.17221
threshold=1.1300000000000001 0.28947368421052638 0.94210526315789489 26.212635292260021 0.41578947368421054 29.497572378707062 0.82631578947368434 29.888415179087833 0.82000000000000017 0.18421052631578952 0.47255948462864333 29.73350195717769 0.50000000000000011 0.82631578947368434
decision_type=2 2 2 2 2 2 2 2 2 2 2 2 2 2
left_child=3 9 4 8 5 -3 -6 -8 -1 -2 11 -5 -13 -14
right_child=1 2 -4 10 6 -7 7 -9 -10 -11 -12 12 13 -15
leaf_value=-0.00027512824795535793 -0.0024647810542335149 -0.00035557939147590043 -0.0026277896230994325 9.1006273583277752e-05 9.2757068885449424e-06 -0.0016249499913924151 4.0714770334685523e-05 -0.001339815767199706 -0.00061671301104767912 -0.0012367707436557933 0.00025982868258154091 -0.0010442731456407953 0.00012149073477370238 -0.00066947542508858217
leaf_weight=18306 9720 3624 3240 34938 21060 2856 2466 3474 18306 5400 22698 10512 37494 13266
leaf_count=18306 9720 3624 3240 34938 21060 2856 2466 3474 18306 5400 22698 10512 37494 13266
internal_value=-0.00114506 -0.00296451 -0.00160131 -0.000538582 -0.001092 -0.00337037 -0.000545187 -0.00255892 -0.00180531 -0.00627513 -0.000148554 -0.000350069 -0.000744486 -0.000354612
internal_weight=207360 51840 36720 155520 33480 6480 27000 5940 36612 15120 118908 96210 61272 50760
internal_count=207360 51840 36720 155520 33480 6480 27000 5940 36612 15120 118908 96210 61272 50760
is_linear=0
shrinkage=0.08


Tree=80
num_leaves=15
num_cat=0
split_feature=12 0 0 0 0 0 6 0 5 12 4 2 2 12
split_gain=33.2941 33.5811 14.4303 11.8623 6.32338 5.30443 4.89874 4.83328 4.75579 3.79549 4.87037 9.60571 6.74627 6.06883
threshold=1.1300000000000001 0.27894736842105267 0.9526315789473685 0.11052631578947369 0.41578947368421054 0.85789473684210538 29.846277160675733 0.99473684210526325 29.788650492795529 0.52000000000000013 1.0000000180025095e-35 0.58333333333333337 0.41666666666666669 0.82000000000000017
decision_type=2 2 2 2 2 2 2 2 2 2 2 2 2 2
left_child=3 -2 4 -1 8 -6 -7 9 -3 -5 11 -11 -12 -13
right_child=1 2 -4 7 5 6 -8 -9 -10 10 12 13 -14 -15
leaf_value=-0.00069869486854221203 -0.0017781256902188762 -0.00035406185364098626 -0.0028629614710737263 0.00046711891100462664 -1.3231496181371195e-05 -4.6697909452842825e-05 -0.0014833315011847251 -0.0014683524310340936 -0.0015212241817958419 0.00034613428262516969 -0.00044571475596741767 0.00037813642827845122 -4.1554019018304742e-05 -0.00068221436751187141
leaf_weight=17820 14580 4092 2700 22680 22680 2202 2658 1620 2928 22680 31500 6048 44100 9072
leaf_count=17820 14580 4092 2700 22680 22680 2202 2658 1620 2928 22680 31500 6048 44100 9072
internal_value=-0.00108526 -0.00284105 -0.00156737 -0.000500002 -0.00112732 -0.000580975 -0.00297943 -0.000248658 -0.00327066 -0.000196945 -0.000385893 0.000355554 -0.000756616 -0.00120635
internal_weight=207360 51840 37260 155520 34560 27540 4860 137700 7020 136080 113400 37800 75600 15120
internal_count=207360 51840 37260 155520 34560 27540 4860 137700 7020 136080 113400 37800 75600 15120
is_linear=0
shrinkage=0.08


Tree=81
num_leaves=15
num_cat=0
split_feature=12 0 0 0 0 0 0 6 5 6 5 6 0 0
split_gain=31.3056 32.1003 12.7147 10.3015 9.3498 4.62838 4.58402 4.52712 3.9398 3.68038 3.35821 3.35744 7.36999 8.05054
threshold=1.1300000000000001 0.21578947368421056 0.9526315789473685 0.08947368421052633 0.40526315789473694 0.85789473684210538 0.99473684210526325 29.893552987076848 29.845416472790575 24.368608976150043 29.628738005555686 29.688635523226925 0.37368421052631584 0.87894736842105281
decision_type=2 2 2 2 2 2 2 2 2 2 2 2 2 2
left_child=3 -2 4 -1 10 8 9 -7 -6 -5 -3 -11 -13 -14
right_child=1 2 -4 6 5 7 -8 -9 -10 11 -12 12 13 -15
leaf_value=-0.00070533246357319169 -0.0019335126136138792 -0.00057825806445076114 -0.0026339245533878275 -0.00039952772128140412 0.00047298504941358698 -5.6736520310697353e-05 -0.0013508842365513654 -0.0013686555536809514 -7.6275653436620321e-05 0.00011465230148568494 -0.0014212814739565538 -0.0014315723910609782 1.7045938659338472e-05 -0.00084552816033503844
leaf_weight=14580 11340 6930 2700 13266 1398 2268 1620 2592 21822 43722 2790 3834 71640 6858
leaf_count=14580 11340 6930 2700 13266 1398 2268 1620 2592 21822 43722 2790 3834 71640 6858
internal_value=-0.00103974 -0.00274229 -0.00168889 -0.000472224 -0.00131005 -0.000569802 -0.000262809 -0.00281482 -9.99158e-05 -0.000213611 -0.00344856 -8.02215e-05 -0.000381093 -0.000213816
internal_weight=207360 51840 40500 155520 37800 28080 140940 4860 23220 139320 9720 126054 82332 78498
internal_count=207360 51840 40500 155520 37800 28080 140940 4860 23220 139320 9720 126054 82332 78498
is_linear=0
shrinkage=0.08


Tree=82
num_leaves=15
num_cat=0
split_feature=12 0 0 0 5 0 5 2 12 4 2 12 2 4
split_gain=28.8038 29.4933 11.4628 9.96335 9.09616 5.24529 4.03304 3.59332 4.15361 3.28408 7.02022 11.8224 6.49007 12.8753
threshold=1.1300000000000001 0.1736842105263158 0.96315789473684221 0.40526315789473694 25.876686167607698 0.84736842105263166 28.433774137150383 0.25000000000000006 0.82000000000000017 0.13636363636363638 0.91666666666666685 0.82000000000000017 0.58333333333333337 1.0000000180025095e-35
decision_type=2 2 2 2 2 2 2 2 2 2 2 2 2 2
left_child=4 -2 3 -3 7 -5 -7 -1 -9 12 -11 -12 13 -6
right_child=1 2 -4 5 9 6 -8 8 -10 10 11 -13 -14 -15
leaf_value=-6.8450570035110515e-05 -0.0020348038479648832 -0.00076010535871337201 -0.0029152767445780594 -1.0589680827026012e-05 0.0004227544939813612 5.8219684767888368e-05 -0.0010519590350268595 -0.00029078181231006502 -0.00064875895053536411 1.1586188434076511e-05 -0.00045785665397453753 0.0010868837547955746 -0.0004592102791924324 -0.00038285725473515046
leaf_weight=9468 9180 11880 2160 22680 24318 1818 4122 11718 11718 35838 2970 2970 32454 24066
leaf_count=9468 9180 11880 2160 22680 24318 1818 4122 11718 11718 35838 2970 2970 32454 24066
internal_value=-0.000981098 -0.0026142 -0.00172902 -0.00142617 -0.00043673 -0.000617752 -0.00273401 -0.0016178 -0.00214917 -0.000119791 0.000456123 0.00300337 -0.000417429 0.000169641
internal_weight=207360 51840 42660 40500 155520 28620 5940 32904 23436 122616 41778 5940 80838 48384
internal_count=207360 51840 42660 40500 155520 28620 5940 32904 23436 122616 41778 5940 80838 48384
is_linear=0
shrinkage=0.08


Tree=83
num_leaves=15
num_cat=0
split_feature=12 0 0 0 0 0 6 0 12 4 2 2 2 4
split_gain=26.4454 28.0285 11.4329 8.43966 8.12378 4.33056 3.71821 4.87478 3.59731 3.78916 7.00097 5.53429 5.80243 5.83377
threshold=1.1300000000000001 0.21578947368421056 0.93157894736842117 0.08947368421052633 0.39473684210526322 0.99473684210526325 29.73350195717769 0.83684210526315794 0.52000000000000013 1.0000000180025095e-35 0.58333333333333337 0.41666666666666669 0.25000000000000006 0.13636363636363638
decision_type=2 2 2 2 2 2 2 2 2 2 2 2 2 2
left_child=3 -2 4 -1 -3 8 -6 -8 -5 10 -10 12 13 -11
right_child=1 2 -4 5 6 -7 7 -9 9 11 -12 -13 -14 -15
leaf_value=-0.00062608732838113955 -0.0016579527794426049 -0.00066870888821156512 -0.0017609360121682135 0.00045296506661152261 0.0003517734143649358 -0.0012327113161750653 -6.3337043885242412e-05 -0.00092579180025448467 0.0002869320441960323 -0.00049993822136335441 -0.00034413965934239219 -3.2568835177734788e-05 -0.00077322981310118128 0.00014661514586471975
leaf_weight=14580 11340 9180 3780 23220 2832 1620 21450 3258 23220 10320 15480 45150 11610 10320
leaf_count=14580 11340 9180 3780 23220 2832 1620 21450 3258 23220 10320 15480 45150 11610 10320
internal_value=-0.000944446 -0.00250926 -0.00152494 -0.000422841 -0.00109368 -0.000233293 -0.000406683 -0.000721388 -0.000185474 -0.000367272 0.000279068 -0.000690441 -0.00149085 -0.000686048
internal_weight=207360 51840 40500 155520 36720 140940 27540 24708 139320 116100 38700 77400 32250 20640
internal_count=207360 51840 40500 155520 36720 140940 27540 24708 139320 116100 38700 77400 32250 20640
is_linear=0
shrinkage=0.08


Tree=84
num_leaves=15
num_cat=0
split_feature=12 0 0 0 6 0 5 6 0 0 0 5 6 0
split_gain=23.5312 26.1924 10.4634 8.60354 7.54632 4.00904 3.70072 3.61432 7.16782 7.42667 3.93272 3.6847 3.54448 3.40557
threshold=1.1300000000000001 0.1736842105263158 0.96315789473684221 0.39473684210526322 26.253909600734183 0.85789473684210538 29.845416472790575 29.73350195717769 0.37368421052631584 0.83684210526315794 0.51052631578947383 35.110213769505684 29.893552987076848 0.078947368421052641
decision_type=2 2 2 2 2 2 2 2 2 2 2 2 2 2
left_child=4 -2 3 -3 13 6 -5 -6 -9 10 11 -10 -7 -1
right_child=1 2 -4 5 7 12 -8 8 9 -11 -12 -13 -14 -15
leaf_value=-0.00075078825233726443 -0.001739383317772285 -0.00066050474984510096 -0.0025411797240383607 0.00041375697700644248 0.00014069564893409405 -0.0001238742939489905 -7.5918772596735327e-05 -0.0014440548618352847 -2.0333086944622593e-05 -0.00064096554599715988 0.00020830312636742647 -0.0011477844798107051 -0.0011383691316064607 -0.00023518284008968438
leaf_weight=8748 9180 11340 2160 1560 36378 2712 22200 3780 11178 11862 49158 5976 2688 28440
leaf_count=8748 9180 11340 2160 1560 36378 2712 22200 3780 11178 11862 49158 5976 2688 28440
internal_value=-0.000895835 -0.00237192 -0.00153774 -0.0012484 -0.000403808 -0.000521264 -7.4076e-05 -9.14058e-05 -0.000385975 -0.000221457 0.000108334 -0.000934594 -0.00248889 -0.00139787
internal_weight=207360 51840 42660 40500 155520 29160 23760 118332 81954 78174 66312 17154 5400 37188
internal_count=207360 51840 42660 40500 155520 29160 23760 118332 81954 78174 66312 17154 5400 37188
is_linear=0
shrinkage=0.08


Tree=85
num_leaves=15
num_cat=0
split_feature=0 12 0 12 0 12 6 0 6 0 0 0 12 5
split_gain=21.6701 21.041 11.055 9.03765 7.72248 8.24418 7.20516 10.1354 5.29793 3.81706 7.3415 3.43574 3.20012 2.89209
threshold=0.16315789473684214 1.1300000000000001 0.9526315789473685 0.82000000000000017 0.44736842105263164 1.1300000000000001 29.846277160675733 0.7947368421052633 29.73350195717769 0.56315789473684219 0.66842105263157903 0.32105263157894742 0.52000000000000013 32.443408459329028
decision_type=2 2 2 2 2 2 2 2 2 2 2 2 2 2
left_child=1 12 4 -4 5 8 -6 9 11 -8 13 -2 -1 -11
right_child=2 -3 3 -5 6 -7 7 -9 -10 10 -12 -13 -14 -15
leaf_value=0.00022831978445493717 -0.0001099216723110524 -0.0016637890587710613 1.1732110598901982e-05 -0.0011612270174930174 0.00041379782941359296 -0.00058969156611490001 -0.00019133246700908134 -0.00047426258964706537 -0.00072968605345089996 0.0010125394022948012 -6.1003431419230362e-05 0.00036839452798904932 -0.00050004092339528189 0.00058774879394452853
leaf_weight=4320 23562 8640 4050 6750 12504 14580 22416 21816 11916 3192 25416 8262 21600 18336
leaf_count=4320 23562 8640 4050 6750 12504 14580 22416 21816 11916 3192 25416 8262 21600 18336
internal_value=-0.00083565 -0.00266435 -0.000469909 -0.00294815 -0.000304693 -0.00104115 0.000109566 -0.000137406 -0.000492 0.000335638 0.000745738 4.67553e-05 -0.00152469 0.00183277
internal_weight=207360 34560 172800 10800 162000 58320 103680 91176 43740 69360 46944 31824 25920 21528
internal_count=207360 34560 172800 10800 162000 58320 103680 91176 43740 69360 46944 31824 25920 21528
is_linear=0
shrinkage=0.08


Tree=86
num_leaves=15
num_cat=0
split_feature=12 0 0 0 5 2 2 4 2 4 4 2 6 4
split_gain=19.5796 21.2009 9.93597 6.24483 6.05536 4.42785 5.34877 4.1484 8.36012 3.87054 3.8282 3.41729 3.28458 3.25228
threshold=1.1300000000000001 0.18421052631578952 0.96315789473684221 0.37368421052631584 26.268209666559546 0.58333333333333337 0.91666666666666685 0.13636363636363638 0.75000000000000011 1.0000000180025095e-35 1.0000000180025095e-35 0.25000000000000006 30.015400967780213 0.13636363636363638
decision_type=2 2 2 2 2 2 2 2 2 2 2 2 2 2
left_child=4 -2 3 12 11 10 7 8 -7 -10 -5 -1 -3 -6
right_child=1 2 -4 5 13 6 -8 -9 9 -11 -12 -13 -14 -15
leaf_value=-4.2126159124104546e-06 -0.0014273840020453089 -0.00047220920687175998 -0.0022449871847158541 -0.0006985139903206406 -0.00011750796758086853 -3.4254508214117607e-05 -0.00059018204383372232 -0.00015121671504848675 0.00041705848699160312 0.0019648759601878694 -0.00010246515032682732 -0.00040482455881352532 -0.0020933689733253187 0.00015317440248070125
leaf_weight=10602 9720 8706 2160 6048 77904 2688 4032 3360 1344 1344 11424 26640 1014 40374
leaf_count=10602 9720 8706 2160 6048 77904 2688 4032 3360 1344 1344 11424 26640 1014 40374
internal_value=-0.000775465 -0.00212192 -0.00134473 -0.00105906 -0.000326648 -0.000492065 0.000640349 0.00175275 0.00313095 0.00628571 -0.0013196 -0.00121626 -0.00282305 -4.65363e-05
internal_weight=207360 51840 42120 39960 155520 30240 12768 8736 5376 2688 17472 37242 9720 118278
internal_count=207360 51840 42120 39960 155520 30240 12768 8736 5376 2688 17472 37242 9720 118278
is_linear=0
shrinkage=0.08


Tree=87
num_leaves=15
num_cat=0
split_feature=12 0 0 0 0 0 12 0 0 5 5 5 4 2
split_gain=18.1914 19.5447 8.94889 6.59226 5.74875 3.5838 3.18504 3.75779 4.24456 5.27406 4.89224 5.9322 3.76329 3.65029
threshold=1.1300000000000001 0.1736842105263158 0.94210526315789489 0.43684210526315798 0.078947368421052641 0.99473684210526325 0.82000000000000017 0.96315789473684221 0.37368421052631584 30.26085102695907 34.49990858548248 33.798266606553156 1.0000000180025095e-35 0.91666666666666685
decision_type=2 2 2 2 2 2 2 2 2 2 2 2 2 2
left_child=4 -2 3 -3 -1 6 -6 8 9 12 11 -10 -8 -14
right_child=1 2 -4 -5 5 -7 7 -9 10 -11 -12 -13 13 -15
leaf_value=-0.00051926817320836402 -0.00135978020499123 -0.00048600151050729427 -0.0015622835100730838 -6.4492502728559525e-05 0.00012117022732741834 -0.0010433111634158064 0.00010011855576086096 -0.00079650128477509589 8.5397435935476447e-05 -0.0016578455940729556 -0.00027636445898780824 0.0010193621071360728 -0.00050378419489362409 0.00027568521628733241
leaf_weight=12960 9180 13500 3240 25920 70470 1620 6804 2430 23175 1755 19818 2367 12177 1944
leaf_count=12960 9180 13500 3240 25920 70470 1620 6804 2430 23175 1755 19818 2367 12177 1944
internal_value=-0.000739199 -0.00203704 -0.00131646 -0.000984274 -0.000306586 -0.000159935 -0.000116931 -0.000497235 -0.000386833 -0.00128043 5.99628e-05 0.000791792 -0.000927123 -0.00167184
internal_weight=207360 51840 42660 39420 155520 142560 140940 70470 68040 22680 45360 25542 20925 14121
internal_count=207360 51840 42660 39420 155520 142560 140940 70470 68040 22680 45360 25542 20925 14121
is_linear=0
shrinkage=0.08


Tree=88
num_leaves=15
num_cat=0
split_feature=0 12 0 12 0 0 5 0 12 0 6 0 12 0
split_gain=15.7579 15.1912 8.94034 6.60083 4.92121 7.70797 6.64656 6.97061 5.15572 5.03151 3.78744 3.72646 3.68817 3.38618
threshold=0.16315789473684214 1.1300000000000001 0.97368421052631593 0.82000000000000017 0.51052631578947383 0.67894736842105274 29.731121905649399 0.88947368421052642 1.1300000000000001 0.59473684210526323 29.73350195717769 0.3421052631578948 0.52000000000000013 0.37368421052631584
decision_type=2 2 2 2 2 2 2 2 2 2 2 2 2 2
left_child=1 -1 4 -4 8 9 -7 -8 10 -6 11 -2 -9 -12
right_child=2 -3 3 -5 5 6 7 12 -10 -11 13 -13 -14 -15
leaf_value=-0.00034294482166802 -5.3586156966170379e-05 -0.0013077127975064551 -1.249806335010639e-05 -0.0013406797399081567 6.1108266724025867e-05 0.00020717153397226172 -0.00018602765278824825 0.0010109666687901013 -0.00042938913229273554 0.00072216346136639773 -0.0011715207306730547 0.00049870481253715116 -0.0011881721185377323 -0.00026705308587178365
leaf_weight=25920 26028 8640 2430 4050 17280 15864 38664 744 17820 17280 3672 6606 5208 17154
leaf_count=25920 26028 8640 2430 4050 17280 15864 38664 744 17820 17280 3672 6606 5208 17154
internal_value=-0.000692903 -0.00225232 -0.00038102 -0.0032963 -0.000267438 0.000109426 -0.000435187 -0.000935272 -0.000769923 0.0010625 -0.000377106 0.000160812 -0.00348387 -0.00122002
internal_weight=207360 34560 172800 6480 166320 95040 60480 44616 71280 34560 53460 32634 5952 20826
internal_count=207360 34560 172800 6480 166320 95040 60480 44616 71280 34560 53460 32634 5952 20826
is_linear=0
shrinkage=0.08


Tree=89
num_leaves=15
num_cat=0
split_feature=12 0 0 0 6 6 4 6 5 4 2 4 2 12
split_gain=13.9988 15.2948 8.0149 5.81773 4.56642 3.98351 3.8546 3.05969 3.0152 3.0137 6.04071 10.5623 7.03406 6.93664
threshold=1.1300000000000001 0.14210526315789476 0.93157894736842117 0.37368421052631584 26.253909600734183 29.73350195717769 1.0000000180025095e-35 30.015400967780213 43.774092683067259 0.13636363636363638 0.58333333333333337 1.0000000180025095e-35 0.41666666666666669 0.52000000000000013
decision_type=2 2 2 2 2 2 2 2 2 2 2 2 2 2
left_child=4 -2 3 7 -1 -5 8 -3 -7 10 11 -6 -13 -14
right_child=1 2 -4 5 9 6 -8 -9 -10 -11 -12 12 13 -15
leaf_value=-0.00024854971173815114 -0.0013164353832849118 -0.00041053634724343895 -0.0012920986353447282 0.00032430065938856829 0.00041307987283585395 -0.00062218280064770762 2.0985823490129724e-05 -0.0018526682040352911 0.00051194009756925563 0.00015973739751472076 -0.00040758736090649235 -0.00056469450473306472 -0.0016674151673322646 0.00097433067021011476
leaf_weight=37188 7560 10866 3780 3258 23364 8088 16722 1014 552 40392 31572 16956 1008 5040
leaf_count=37188 7560 10866 3780 3258 23364 8088 16722 1014 552 40392 31572 16956 1008 5040
internal_value=-0.000646993 -0.0017855 -0.00121771 -0.000888891 -0.000267492 -0.000271141 -0.000609418 -0.00237711 -0.00198148 -2.44754e-05 -0.000315116 0.000266044 -0.000950793 0.00139153
internal_weight=207360 51840 44280 40500 155520 28620 25362 11880 8640 118332 77940 46368 23004 6048
internal_count=207360 51840 44280 40500 155520 28620 25362 11880 8640 118332 77940 46368 23004 6048
is_linear=0
shrinkage=0.08


Tree=90
num_leaves=15
num_cat=0
split_feature=0 12 0 12 0 5 6 0 0 12 5 4 2 2
split_gain=12.6378 10.4398 7.57368 6.33438 5.47394 7.39153 6.95916 7.23199 5.33942 5.03276 2.69463 3.22712 3.47157 4.30004
threshold=0.12105263157894738 1.1300000000000001 0.9526315789473685 0.82000000000000017 0.41578947368421054 30.126795513146089 30.66789794876432 0.81578947368421062 0.31052631578947371 1.1300000000000001 41.932593331801648 0.13636363636363638 1.0000000180025095e-35 0.25000000000000006
decision_type=2 2 2 2 2 2 2 2 2 2 2 2 2 2
left_child=1 -1 4 -4 5 8 -6 10 9 -2 11 -8 -13 -14
right_child=2 -3 3 -5 6 -7 7 -9 -10 -11 -12 12 13 -15
leaf_value=-0.00036165637884360446 -7.9110188094954956e-05 -0.0012959817268679474 4.1530582299760362e-05 -0.00088269824000937643 0.00029814495158108674 -0.00085763061222343434 -0.0001830363006877888 -0.0005592107814790659 0.00023261161106318454 -0.00054483627957336894 0.00047822422490606666 -0.00074831979000804932 0.0010599269102600502 0.00018216673265656984
leaf_weight=19440 28692 6480 4050 6750 22056 10584 40920 14880 11640 9564 8568 2928 3048 17760
leaf_count=19440 28692 6480 4050 6750 22056 10584 40920 14880 11640 9564 8568 2928 3048 17760
internal_value=-0.000603783 -0.00225617 -0.000367727 -0.00242222 -0.000237695 -0.000849208 9.80373e-05 -0.000220105 -0.000441881 -0.000898371 0.00010663 -7.00341e-05 0.000672057 0.00103498
internal_weight=207360 25920 181440 10800 170640 60480 110160 88104 49896 38256 73224 64656 23736 20808
internal_count=207360 25920 181440 10800 170640 60480 110160 88104 49896 38256 73224 64656 23736 20808
is_linear=0
shrinkage=0.08


Tree=91
num_leaves=15
num_cat=0
split_feature=12 8 10 0 0 2 2 8 8 0 5 8 5 12
split_gain=11.7448 12.5446 4.93618 4.70739 4.01127 3.04411 5.22225 3.52268 3.23046 3.94625 4.34308 3.893 3.20777 3.55804
threshold=1.1300000000000001 0.018061979117841246 1.0000000180025095e-35 0.57368421052631591 0.05789473684210527 0.25000000000000006 1.0000000180025095e-35 0.63155182052572301 0.038479269914400004 0.57368421052631591 29.731121905649399 0.24812359824755606 42.995005878057619 0.52000000000000013
decision_type=2 2 2 2 2 2 2 2 2 2 2 2 2 2
left_child=4 2 -2 -3 -1 6 12 -8 -7 10 -10 -12 13 -6
right_child=1 3 -4 -5 5 8 7 -9 9 -11 11 -13 -14 -15
leaf_value=-0.00050745687272770053 -0.00082134263042663675 -0.00023596704211418151 -0.00026168533779786471 0.00030016003101716762 0.0016893487870151547 -0.00020524900989008104 0.00026513644783822578 0.0015532307936227088 0.00026526309639086823 0.00053181794143972313 -0.001596612810003043 -0.00028567158374237365 0.0015508137607497972 -0.00025975691095600972
leaf_weight=9720 19086 15570 8640 8544 3339 54162 19548 1512 9846 17316 1908 20448 1026 16695
leaf_count=9720 19086 15570 8640 8544 3339 54162 19548 1512 9846 17316 1908 20448 1026 16695
internal_value=-0.000568289 -0.00161111 -0.0027717 -0.000276688 -0.000220681 -0.000115777 0.000457738 0.00134853 -0.000348767 0.000118258 -0.000405443 -0.00102201 -0.00043305 -0.000656486
internal_weight=207360 51840 27726 24114 155520 145800 42120 21060 103680 49518 32202 22356 21060 20034
internal_count=207360 51840 27726 24114 155520 145800 42120 21060 103680 49518 32202 22356 21060 20034
is_linear=0
shrinkage=0.08


Tree=92
num_leaves=15
num_cat=0
split_feature=12 8 10 0 0 0 12 6 6 4 8 0 0 6
split_gain=10.0469 10.9139 4.88924 4.24878 3.54033 2.79999 2.60562 2.99622 3.49904 3.03077 4.60271 2.59984 2.82297 2.51568
threshold=1.1300000000000001 0.0064231438193785581 1.0000000180025095e-35 0.56315789473684219 0.078947368421052641 0.99473684210526325 0.82000000000000017 44.569955959160914 30.322100897695559 0.13636363636363638 0.42311435255759267 0.98421052631578954 0.1315789473684211 30.784501044127072
decision_type=2 2 2 2 2 2 2 2 2 2 2 2 2 2
left_child=4 2 11 -3 -1 6 7 8 -6 -10 -11 12 -2 -4
right_child=1 3 13 -5 5 -7 -8 -9 9 10 -12 -13 -14 -15
leaf_value=-0.00037656263115299921 -0.0010748213633713943 -0.00025105307255902725 0.00015212902496779425 0.00024224036618405678 0.00029510437722285611 -0.00085340457029469828 -9.2431454709307286e-05 0.0056207332212098475 -0.00058226711896742784 -0.0002212329291201599 0.0017690531189389611 -0.0024806009400463493 -0.00051142117851941959 -0.00046114078757323847
leaf_weight=12960 7020 15546 2568 9630 32589 1620 70470 576 24570 8784 3951 1080 9924 6072
leaf_count=12960 7020 15546 2568 9630 32589 1620 70470 576 24570 8784 3951 1080 9924 6072
internal_value=-0.000537039 -0.00150155 -0.00262946 -0.000306961 -0.000215537 -0.000100451 -6.24398e-05 0.000281536 0.000234181 -0.000294869 0.000706712 -0.0033795 -0.00313692 -0.00106482
internal_weight=207360 51840 26664 25176 155520 142560 140940 70470 69894 37305 12735 18024 16944 8640
internal_count=207360 51840 26664 25176 155520 142560 140940 70470 69894 37305 12735 18024 16944 8640
is_linear=0
shrinkage=0.08


Tree=93
num_leaves=15
num_cat=0
split_feature=8 12 0 6 0 0 12 5 2 2 4 0 5 2
split_gain=9.10344 11.9961 7.25852 6.8611 5.43509 5.44664 3.65242 3.73243 3.38916 3.21086 4.99235 3.1898 2.86669 2.76197
threshold=0.18526196211925883 1.1300000000000001 0.58421052631578962 29.73350195717769 0.1315789473684211 0.97368421052631593 0.52000000000000013 32.708300569082581 0.25000000000000006 0.58333333333333337 0.13636363636363638 0.41578947368421054 36.649925086033555 0.41666666666666669
decision_type=2 2 2 2 2 2 2 2 2 2 2 2 2 2
left_child=1 8 3 -2 -3 9 -4 -8 -1 -6 -11 -5 -9 -10
right_child=2 4 6 11 5 -7 7 12 13 10 -12 -13 -14 -15
leaf_value=6.3984105213491649e-05 0.00031605998207112607 -0.0009888356543016829 0.0039685664758306862 -0.00063506544185980773 -0.00044739618614974977 -0.0019563038058051908 0.0009340933219053034 -0.00023321610417434315 -0.00044071761537809861 0.00023016668087601482 -0.00054041643667400647 -0.00012086802538111498 0.00060409761483237821 -0.00013063822524811284
leaf_weight=29898 10608 7020 2382 8568 14784 1620 2688 5166 14922 6798 4014 32184 8820 57888
leaf_count=29898 10608 7020 2382 8568 14784 1620 2688 5166 14922 6798 4014 32184 8820 57888
internal_value=-0.000509261 -0.000889358 0.000229946 -0.000264799 -0.00218624 -0.00167431 0.00156339 0.00114477 -0.000457065 -0.00138959 -0.000341844 -0.000736555 0.000620047 -0.000751547
internal_weight=207360 136944 70416 51360 34236 27216 19056 16674 102708 25596 10812 40752 13986 72810
internal_count=207360 136944 70416 51360 34236 27216 19056 16674 102708 25596 10812 40752 13986 72810
is_linear=0
shrinkage=0.08


Tree=94
num_leaves=15
num_cat=0
split_feature=12 8 0 0 5 0 5 8 2 4 4 2 8 0
split_gain=8.12356 8.88206 3.84833 4.99942 3.16531 2.95573 3.14284 4.4004 2.7464 3.48288 2.68819 2.26361 5.49333 2.40199
threshold=1.1300000000000001 0.045077682827133862 0.1315789473684211 0.97368421052631593 24.308296661500126 0.57368421052631591 29.684989701527048 0.35249439083801593 0.58333333333333337 0.13636363636363638 1.0000000180025095e-35 1.0000000180025095e-35 0.44695864303401212 0.42631578947368426
decision_type=2 2 2 2 2 2 2 2 2 2 2 2 2 2
left_child=4 2 -2 8 -1 6 -3 -8 10 -10 -4 12 13 -9
right_child=1 5 3 -5 -6 -7 7 11 9 -11 -12 -13 -14 -15
leaf_value=-0.00028269290854134098 -0.00090972880195754784 0.00015077241372628061 -0.00084122986551923677 -0.0017997995013407752 -1.518786624501154e-05 0.00026280722258207229 -0.0009789400889967739 -0.0023655382847937072 0.000196122118786905 -0.00048994619447976129 -0.00029763553146140747 1.2540473832964585e-05 -0.0021231273788438966 0.001280630842360783
leaf_weight=18018 7020 4206 4050 1620 137502 7860 2964 96 5454 3186 7746 6456 810 372
leaf_count=18018 7020 4206 4050 1620 137502 7860 2964 96 5454 3186 7746 6456 810 372
internal_value=-0.000472224 -0.00133951 -0.00226606 -0.00174683 -0.000183129 -0.000156038 -0.000818037 -0.00154646 -0.00140771 -0.000324076 -0.00220143 -0.000542024 -0.00361816 0.00328205
internal_weight=207360 51840 29076 22056 155520 22764 14904 10698 20436 8640 11796 7734 1278 468
internal_count=207360 51840 29076 22056 155520 22764 14904 10698 20436 8640 11796 7734 1278 468
is_linear=0
shrinkage=0.08


Tree=95
num_leaves=15
num_cat=0
split_feature=12 8 10 0 0 6 0 6 0 0 2 8 5 8
split_gain=7.63953 7.64194 3.60021 2.99959 2.62894 2.57546 2.55814 2.43435 2.3392 2.21835 2.17709 3.35039 3.42632 3.30931
threshold=1.1300000000000001 0.018061979117841246 1.0000000180025095e-35 0.04736842105263158 0.56315789473684219 37.295387892968698 0.98421052631578954 30.849952061273473 0.99473684210526325 0.10000000000000002 1.0000000180025095e-35 0.339796456720734 30.062081781083961 0.44695864303401212
decision_type=2 2 2 2 2 2 2 2 2 2 2 2 2 2
left_child=3 2 6 -1 5 10 9 -4 -5 -2 13 12 -12 -3
right_child=1 4 7 8 -6 -7 -8 -9 -10 -11 11 -13 -14 -15
leaf_value=-0.00046038261608672304 -0.00094999847303403053 -0.00021647057296703554 0.00016990654632801895 -1.5127189775875696e-05 0.00020752374168330466 -0.0010192932888569289 -0.0019816646002709603 -0.00036228102363389031 -0.00078747952613816483 -0.00041769341270879153 -2.0775886831354507e-05 0.00018535666487699468 -0.0010886914225483821 -0.0018041838498300264
leaf_weight=8100 5400 1218 2640 145800 9084 1788 1080 6000 1620 12606 3702 5928 1740 654
leaf_count=8100 5400 1218 2640 145800 9084 1788 1080 6000 1620 12606 3702 5928 1740 654
internal_value=-0.000450619 -0.00129167 -0.00219751 -0.000170269 -0.000250147 -0.000899536 -0.00281086 -0.000842594 -8.7914e-05 -0.00258403 -0.000514728 -9.85067e-05 -0.00153179 -0.00304274
internal_weight=207360 51840 27726 155520 24114 15030 19086 8640 147420 18006 13242 11370 5442 1872
internal_count=207360 51840 27726 155520 24114 15030 19086 8640 147420 18006 13242 11370 5442 1872
is_linear=0
shrinkage=0.08


Tree=96
num_leaves=15
num_cat=0
split_feature=12 8 0 0 5 2 4 4 2 4 4 2 5 4
split_gain=6.78856 6.77846 3.54047 3.83768 2.62127 2.47144 2.72251 2.71647 2.45219 3.57688 2.70662 2.47999 2.331 2.09534
threshold=1.1300000000000001 0.045077682827133862 0.98421052631578954 0.15263157894736842 24.308296661500126 0.58333333333333337 0.13636363636363638 1.0000000180025095e-35 0.58333333333333337 0.13636363636363638 1.0000000180025095e-35 0.75000000000000011 28.55886275847314 0.13636363636363638
decision_type=2 2 2 2 2 2 2 2 2 2 2 2 2 2
left_child=4 2 3 -2 -1 7 -7 -5 10 -10 -3 12 -11 -6
right_child=1 8 -4 5 13 6 -8 -9 9 11 -12 -13 -14 -15
leaf_value=-0.00025326920847659431 -0.00074173966960318859 -0.00049831647523145917 -0.0018231314322492854 -0.00074646277959979177 -8.062370898992191e-05 0.00018967026780585591 -0.00042113832618734546 -0.0002539048404607675 0.00049222039113011086 0.0013665233597093796 -1.8718184185363388e-05 -0.00053902757976346074 0.00030833840666521362 0.00011915680895981619
leaf_weight=18018 8100 4590 1080 3942 91404 5310 3102 7542 6066 66 8574 2268 1200 46098
leaf_count=18018 8100 4590 1080 3942 91404 5310 3102 7542 6066 66 8574 2268 1200 46098
internal_value=-0.000421684 -0.00121451 -0.00202394 -0.00185055 -0.000157409 -0.00125292 -0.000211129 -0.00201602 -0.000180638 0.000791665 -0.000889701 -0.00123147 0.00160505 -3.85177e-05
internal_weight=207360 51840 29076 27996 155520 19896 8412 11484 22764 9600 13164 3534 1266 137502
internal_count=207360 51840 29076 27996 155520 19896 8412 11484 22764 9600 13164 3534 1266 137502
is_linear=0
shrinkage=0.08


Tree=97
num_leaves=15
num_cat=0
split_feature=12 0 0 6 4 6 5 0 5 4 5 0 2 5
split_gain=6.41241 7.49852 9.93187 6.03169 6.50948 5.63603 4.70803 4.44212 6.66734 4.11548 3.94994 3.74345 2.99993 2.57167
threshold=0.82000000000000017 0.37368421052631584 0.96315789473684221 35.00177475663768 1.0000000180025095e-35 29.73350195717769 41.932593331801648 0.88947368421052642 29.788650492795529 1.0000000180025095e-35 28.510728856626674 0.14210526315789476 0.25000000000000006 33.342233549606242
decision_type=2 2 2 2 2 2 2 2 2 2 2 2 2 2
left_child=12 5 3 7 -5 11 -6 9 -9 -3 -11 -2 -1 -12
right_child=1 2 -4 4 6 -7 -8 8 -10 10 13 -13 -14 -15
leaf_value=0.00042270645485616593 -0.00047868272627903899 0.00048773089653530592 -0.00075179202279032577 -0.00068359687458618176 -0.00010587797537735996 -0.0012911600765246531 0.00076811110147839061 9.2929784519524706e-05 -0.00087989073799636013 0.00067303894809904365 -4.9227948949393756e-05 -0.00013852340810033883 -6.1871118347568037e-05 0.00032020692317959306
leaf_weight=22464 18810 9345 5400 12765 15045 3150 2160 5985 3375 1125 18945 26640 55296 6855
leaf_count=22464 18810 9345 5400 12765 15045 3150 2160 5985 3375 1125 18945 26640 55296 6855
internal_value=-0.000397378 -0.000741977 -0.000270619 -3.38643e-05 -0.000915584 -0.00152757 9.9969e-05 0.000545253 -0.00100855 0.000946235 0.000444195 -0.00130077 0.000176953 0.000241859
internal_weight=207360 129600 81000 75600 29970 48600 17205 45630 9360 36270 26925 45450 77760 25800
internal_count=207360 129600 81000 75600 29970 48600 17205 45630 9360 36270 26925 45450 77760 25800
is_linear=0
shrinkage=0.08


Tree=98
num_leaves=15
num_cat=0
split_feature=12 8 0 2 4 5 6 8 2 8 2 6 4 2
split_gain=5.85208 5.48974 3.2602 3.1744 5.92606 4.59307 3.10732 2.74034 2.44811 5.37249 2.43286 6.05509 2.41565 5.54771
threshold=1.1300000000000001 0.16615507308991995 0.59473684210526323 0.58333333333333337 0.13636363636363638 26.609294147488658 29.630740933039878 0.35249439083801593 1.0000000180025095e-35 0.44695864303401212 0.75000000000000011 22.540620988895558 0.13636363636363638 1.0000000180025095e-35
decision_type=2 2 2 2 2 2 2 2 2 2 2 2 2 2
left_child=-1 3 6 5 -5 -2 -3 -8 9 -9 11 -6 -7 -14
right_child=1 2 -4 4 10 12 7 8 -10 -11 -12 -13 13 -15
leaf_value=-3.9486022586390096e-05 -0.00072546026328316777 0.00025735202569085274 0.00039633378687642005 0.00010929834679867475 0.00078177920286787638 -0.00036938303284819333 -0.00080879749513528703 0.00064124626268246469 2.4847750999562781e-05 -0.0017547572492768518 -0.00067106654013578224 -0.00035218444742320673 -0.0010986054611728773 0.00044654276439354111
leaf_weight=155520 8064 2724 4524 8922 114 7770 2574 498 7014 894 3414 1722 1044 2562
leaf_count=155520 8064 2724 4524 8922 114 7770 2574 498 7014 894 3414 1722 1044 2562
internal_value=-0.000376545 -0.00111266 5.26472e-06 -0.00171891 -0.000808356 -0.00238272 -0.000609459 -0.00120947 -0.000510114 -0.00357471 -0.00294095 -0.000592594 -0.0013474 0.000363836
internal_weight=207360 51840 18228 33612 14172 19440 13704 10980 8406 1392 5250 1836 11376 3606
internal_count=207360 51840 18228 33612 14172 19440 13704 10980 8406 1392 5250 1836 11376 3606
is_linear=0
shrinkage=0.08


Tree=99
num_leaves=15
num_cat=0
split_feature=0 0 0 6 8 12 6 12 0 12 0 12 12 4
split_gain=5.50021 4.40177 4.00504 6.2309 6.31295 4.38478 3.97599 3.72672 3.1014 2.9642 2.75643 2.73154 2.59962 2.95415
threshold=0.078947368421052641 0.9526315789473685 0.52105263157894754 30.784501044127072 0.19754886410199077 0.52000000000000013 35.11741528649177 0.82000000000000017 0.85789473684210538 1.1300000000000001 0.88947368421052642 0.52000000000000013 1.1300000000000001 1.0000000180025095e-35
decision_type=2 2 2 2 2 2 2 2 2 2 2 2 2 2
left_child=9 2 6 8 10 -6 12 -3 -4 -1 -5 -12 13 -2
right_child=1 7 3 4 5 -7 -8 -9 -10 -11 11 -13 -14 -15
leaf_value=-0.00028521838772935606 0.00015629907374884789 4.5392630722968118e-05 0.00059131376910718343 -0.0001565149069381632 0.0029272270449741192 0.00016301873354060935 -0.000886097728926118 -0.00060416013562930235 0.00015665005459105237 -0.00077001923253657554 0.0014013925219398657 -0.00095172369691492943 -0.00020425681433764369 -0.00011990125942424275
leaf_weight=12960 19710 4050 7008 36576 3660 25620 8040 6750 11448 4320 531 3717 20670 42300
leaf_count=12960 19710 4050 7008 36576 3660 25620 8040 6750 11448 4320 531 3717 20670 42300
internal_value=-0.000355712 -0.000231483 -0.000136994 0.000245707 -9.85983e-05 0.000797812 -0.000510584 -0.0018 0.00155353 -0.00172222 -0.000741527 -0.00267044 -0.00034543 -8.64396e-05
internal_weight=207360 190080 179280 88560 70104 29280 90720 10800 18456 17280 40824 4248 82680 62010
internal_count=207360 190080 179280 88560 70104 29280 90720 10800 18456 17280 40824 4248 82680 62010
is_linear=0
shrinkage=0.08


Tree=100
num_leaves=15
num_cat=0
split_feature=8 12 0 5 8 0 0 12 8 5 5 12 4 2
split_gain=5.06305 6.13814 5.43929 5.40345 3.14818 3.04914 3.4416 2.9284 3.34221 2.97456 2.56204 2.51294 4.4551 3.66792
threshold=0.18526196211925883 1.1300000000000001 0.58421052631578962 30.26085102695907 0.34188454521820572 0.97368421052631593 0.1315789473684211 0.52000000000000013 0.38106850391777208 32.708300569082581 36.649925086033555 0.52000000000000013 1.0000000180025095e-35 0.58333333333333337
decision_type=2 2 2 2 2 2 2 2 2 2 2 2 2 2
left_child=1 11 3 -2 -5 6 -3 8 -4 -9 -11 -1 13 -13
right_child=2 5 7 4 -6 -7 -8 9 -10 10 -12 12 -14 -15
leaf_value=0.00031553249698751607 0.00026676455720428701 -0.00059937479073428205 0.0018459991910884307 -0.00065309407840616178 -8.5397517066008698e-05 -0.001289412383681256 -0.00019660129838070556 0.00079835323630648948 0.0047055313187601448 -0.00023530730783162125 0.00052386139016982617 0.00019215442303308731 -0.00023221407420135509 -0.00019102870254093809
leaf_weight=17118 11832 7020 1407 7968 31560 1620 25596 2688 975 5166 8820 16920 57600 11070
leaf_count=17118 11832 7020 1407 7968 31560 1620 25596 2688 975 5166 8820 16920 57600 11070
internal_value=-0.000339508 -0.000622972 0.000211768 -0.000216513 -0.000665454 -0.00155065 -0.00138239 0.00136608 0.00398992 0.000991242 0.000522807 -0.000313746 -0.000490713 0.000337261
internal_weight=207360 136944 70416 51360 39528 34236 32616 19056 2382 16674 13986 102708 85590 27990
internal_count=207360 136944 70416 51360 39528 34236 32616 19056 2382 16674 13986 102708 85590 27990
is_linear=0
shrinkage=0.08


Tree=101
num_leaves=15
num_cat=0
split_feature=0 0 12 2 0 5 0 5 0 5 4 5 4 6
split_gain=4.70511 4.08093 2.88155 3.90622 4.27071 6.43099 3.50882 5.0804 5.17653 3.77361 6.58102 4.05075 3.39462 2.92522
threshold=0.078947368421052641 0.99473684210526325 0.82000000000000017 1.0000000180025095e-35 0.37368421052631584 30.26085102695907 0.96315789473684221 29.731121905649399 0.88947368421052642 35.110213769505684 1.0000000180025095e-35 41.932593331801648 1.0000000180025095e-35 30.322100897695559
decision_type=2 2 2 2 2 2 2 2 2 2 2 2 2 2
left_child=-1 2 13 -4 5 -5 7 -6 9 12 -11 -12 -9 -2
right_child=1 -3 3 4 6 -7 -8 8 -10 10 11 -13 -14 -15
leaf_value=-0.0003789161546471708 0.00029025161573912337 -0.00094960934901173338 -0.00036102967649025803 -0.00012219468455831905 0.00031937664292123194 -0.001362032460833312 -0.00045642594588079263 0.00046067342964304677 -0.0007083129168207839 -0.00057385464797061352 5.7493677799385723e-06 0.0010450001970668105 7.0660112517523948e-05 -0.00016005407116110988
leaf_weight=17280 32589 2160 16965 29895 10260 2445 3465 6735 2895 9975 12990 1725 20100 37881
leaf_count=17280 32589 2160 16965 29895 10260 2445 3465 6735 2895 9975 12990 1725 20100 37881
internal_value=-0.000324076 -0.000209177 -0.000169436 -0.000412092 -0.000222523 -0.000979594 0.000136765 0.000269633 -3.82231e-05 0.000146723 -0.000567033 0.000508323 0.000803426 0.000234992
internal_weight=207360 190080 187920 117450 100485 32340 68145 64680 54420 51525 24690 14715 26835 70470
internal_count=207360 190080 187920 117450 100485 32340 68145 64680 54420 51525 24690 14715 26835 70470
is_linear=0
shrinkage=0.08


Tree=102
num_leaves=15
num_cat=0
split_feature=12 2 4 5 2 6 4 2 5 0 5 2 2 5
split_gain=4.18237 5.06411 7.57121 5.63579 4.32652 5.42597 3.87122 5.14956 6.17121 3.17867 2.78107 2.67593 7.00043 4.13324
threshold=1.1300000000000001 0.58333333333333337 0.13636363636363638 26.609294147488658 0.75000000000000011 22.651793072769717 0.13636363636363638 1.0000000180025095e-35 37.551528120246189 0.23684210526315794 41.932593331801648 0.91666666666666685 0.75000000000000011 26.720469706521925
decision_type=2 2 2 2 2 2 2 2 2 2 2 2 2 2
left_child=-1 3 11 -2 5 -4 -5 8 -8 -7 -10 12 13 -3
right_child=1 2 4 6 -6 9 7 -9 10 -11 -12 -13 -14 -15
leaf_value=-2.9680649878436154e-05 -0.00058670242555319558 0.0010284601005541081 0.00072824263336591802 -0.00026971970637273236 -0.00052314403767832565 -0.0012806553243879509 -0.0014680607665723553 0.00040925803408987048 0.0019181623650589025 0.00028136487153892424 -0.00045798161315768304 -0.00011645511255493913 0.00071994136769398006 -0.00063317288483517463
leaf_weight=155520 8136 930 126 15012 5184 576 1380 4992 258 2178 174 4608 4608 3678
leaf_count=155520 8136 930 126 15012 5184 576 1380 4992 258 2178 174 4608 4608 3678
internal_value=-0.000312888 -0.000935187 -1.02358e-05 -0.00161111 -0.00195834 0.000527776 -0.000940963 0.000641973 -0.00301104 -0.000214962 0.00533333 0.00112616 0.00191319 -0.000291669
internal_weight=207360 51840 21888 29952 8064 2880 21816 6804 1812 2754 432 13824 9216 4608
internal_count=207360 51840 21888 29952 8064 2880 21816 6804 1812 2754 432 13824 9216 4608
is_linear=0
shrinkage=0.08


Tree=103
num_leaves=15
num_cat=0
split_feature=0 0 12 2 2 8 12 4 5 6 2 12 4 12
split_gain=4.16329 3.51813 2.7408 2.15158 2.69455 4.74818 4.16804 5.38081 3.48191 2.48483 2.45681 2.43732 2.42628 7.6081
threshold=0.11052631578947369 0.99473684210526325 1.1300000000000001 1.0000000180025095e-35 0.25000000000000006 0.63155182052572301 1.1300000000000001 0.13636363636363638 25.362942683393644 42.995005878057619 0.41666666666666669 0.52000000000000013 1.0000000180025095e-35 0.52000000000000013
decision_type=2 2 2 2 2 2 2 2 2 2 2 2 2 2
left_child=2 3 -1 9 5 6 -5 -8 -9 11 12 -2 -6 -14
right_child=1 -3 -4 4 10 -7 7 8 -10 -11 -12 -13 13 -15
leaf_value=-0.00019965595998750152 0.0013570799598329293 -0.00087126614910051849 -0.00055768573744536837 0.00027036728859816076 8.5640130065463648e-05 0.0012173985212949098 -0.00040294513183335075 -0.0005269139206246651 0.00055245649907927031 0.00046582575053246686 3.3801416734131911e-06 -0.00032639782384975531 0.0017519537335245322 -0.00042032599275556746
leaf_weight=17820 3105 2160 5940 18144 8064 2016 4206 450 1392 1368 102816 21735 2268 15876
leaf_count=17820 3105 2160 5940 18144 8064 2016 4206 450 1392 1368 102816 21735 2268 15876
internal_value=-0.00028974 -0.000160786 -0.0012862 -0.000122577 -9.38142e-06 0.000730157 0.00041931 -0.00139947 0.0022063 -0.000793042 -0.0001596 -0.000975847 -0.00085104 -0.0013642
internal_weight=207360 183600 23760 181440 155232 26208 24192 6048 1842 26208 129024 24840 26208 18144
internal_count=207360 183600 23760 181440 155232 26208 24192 6048 1842 26208 129024 24840 26208 18144
is_linear=0
shrinkage=0.08


Tree=104
num_leaves=15
num_cat=0
split_feature=0 0 12 0 6 6 0 0 6 0 0 12 5 4
split_gain=3.72528 2.89024 2.49037 2.40985 4.06367 3.69774 5.25667 3.64751 3.15533 2.26061 3.16913 2.11345 2.04164 2.49069
threshold=0.078947368421052641 0.97368421052631593 0.82000000000000017 0.51052631578947383 35.11741528649177 30.784501044127072 0.84736842105263166 0.85789473684210538 29.561946726650515 0.65789473684210542 0.59473684210526323 1.1300000000000001 34.917547438186382 1.0000000180025095e-35
decision_type=2 2 2 2 2 2 2 2 2 2 2 2 2 2
left_child=11 3 -3 4 -2 7 9 -5 -9 10 -7 -1 13 -11
right_child=1 2 -4 5 -6 6 -8 8 -10 12 -12 -13 -14 -15
leaf_value=-0.00020891001253813029 -5.9594405079113704e-05 5.4008536407716085e-05 -0.00066683001707893103 0.00052443586581266632 -0.00087893191655590648 -2.0616936093613374e-05 -0.00050591775914266641 0.00023692479571312778 -0.00033186406108958285 0.00055454608641191663 0.00058489907620446087 -0.00055135006329594697 -0.00031075273103207978 -2.8951848183771171e-05
leaf_weight=12960 81648 2430 4050 7272 6912 15936 9792 11352 4128 3360 12312 4320 19848 11040
leaf_count=12960 81648 2430 4050 7272 6912 15936 9792 11352 4128 3360 12312 4320 19848 11040
internal_value=-0.000268906 -0.000166669 -0.00182716 -0.000108063 -0.000408313 0.000171715 -0.000108236 0.00106118 0.000366923 0.0001618 0.000691587 -0.00139352 -0.000275171 0.000449998
internal_weight=207360 190080 6480 183600 88560 95040 72288 22752 15480 62496 28248 17280 34248 14400
internal_count=207360 190080 6480 183600 88560 95040 72288 22752 15480 62496 28248 17280 34248 14400
is_linear=0
shrinkage=0.08


Tree=105
num_leaves=15
num_cat=0
split_feature=12 2 4 4 2 5 5 0 4 5 6 2 2 2
split_gain=3.45951 4.48241 5.93738 5.29077 4.23038 5.26014 3.33936 2.31248 2.29196 5.99077 3.17593 2.11697 3.04944 3.72819
threshold=1.1300000000000001 0.58333333333333337 0.13636363636363638 1.0000000180025095e-35 0.75000000000000011 22.654045859150042 27.309374908357054 0.23684210526315794 1.0000000180025095e-35 33.863134265069917 24.64233482481993 0.25000000000000006 0.41666666666666669 0.58333333333333337
decision_type=2 2 2 2 2 2 2 2 2 2 2 2 2 2
left_child=11 3 8 -2 5 -4 -5 -7 10 -10 -3 -1 -13 -14
right_child=1 2 4 6 -6 7 -8 -9 9 -11 -12 12 13 -15
leaf_value=0.0001152290407975909 -0.00054005819920811653 0.00064490869875963037 0.00068833742148678668 -0.00036129704391182736 -0.0004703604097466084 -0.0012071252768831311 6.3872415674050183e-06 0.00028822495540501927 0.00018860094548681981 0.0017364460695723466 -0.00012614820552678098 -0.00031579703546985702 0.0002213321540466651 -0.000102007468474023
leaf_weight=44928 10368 1038 126 6342 5184 570 13242 2184 5322 1590 5874 22464 22464 65664
leaf_count=44928 10368 1038 126 6342 5184 570 13242 2184 5322 1590 5874 22464 22464 65664
internal_value=-0.000259647 -0.000825619 4.45887e-05 -0.00146154 -0.00168056 0.000777776 -0.00068791 4.64759e-05 0.00105092 0.00208102 2.08314e-05 -7.09896e-05 -0.000259116 -4.70244e-05
internal_weight=207360 51840 21888 29952 8064 2880 19584 2754 13824 6912 6912 155520 110592 88128
internal_count=207360 51840 21888 29952 8064 2880 19584 2754 13824 6912 6912 155520 110592 88128
is_linear=0
shrinkage=0.08


Tree=106
num_leaves=15
num_cat=0
split_feature=8 0 5 12 8 4 0 8 2 5 4 2 5 2
split_gain=3.34898 4.16271 3.98252 3.8904 2.56061 2.48564 2.44435 2.43306 2.27734 3.49562 3.22069 2.45086 4.77563 1.91991
threshold=0.19150137225601038 0.59473684210526323 30.26085102695907 1.1300000000000001 0.34188454521820572 0.13636363636363638 0.98421052631578954 0.79838814561607274 0.58333333333333337 26.493290452246704 0.13636363636363638 0.75000000000000011 22.654045859150042 1.0000000180025095e-35
decision_type=2 2 2 2 2 2 2 2 2 2 2 2 2 2
left_child=3 2 13 -1 -4 -6 8 -7 9 -5 -10 12 -12 -2
right_child=1 -3 4 6 5 7 -8 -9 10 -11 11 -13 -14 -15
leaf_value=-6.1220866999714846e-05 -0.00034856944212272826 0.00046865019614154076 -0.00053082257118667122 -0.0004623451116707515 -0.00021018227549645139 6.1097862612580339e-05 -0.0012636165679382814 0.00087180906822421412 0.00015969780629572478 -0.00013727602172969634 0.00063327042776784481 -0.00044569226918118236 -0.00012102853754964041 0.00037389051518896065
leaf_weight=103320 1392 16368 8496 7530 21960 9264 1080 1896 8880 11730 126 3396 1698 10224
leaf_count=103320 1392 16368 8496 7530 21960 9264 1080 1896 8880 11730 126 3396 1698 10224
internal_value=-0.000252317 0.000199998 -0.000143074 -0.000480838 -0.000508652 -0.000190823 -0.00121719 0.00078136 -0.00109593 -0.00166148 -0.000323406 -0.00190039 0.00046491 0.00116666
internal_weight=207360 69600 53232 137760 41616 33120 34440 11160 33360 19260 14100 5220 1824 11616
internal_count=207360 69600 53232 137760 41616 33120 34440 11160 33360 19260 14100 5220 1824 11616
is_linear=0
shrinkage=0.08


Tree=107
num_leaves=15
num_cat=0
split_feature=0 12 0 0 6 4 5 0 6 6 4 5 2 6
split_gain=3.28306 2.65276 4.34849 3.63592 4.92503 5.29122 3.67207 3.59334 4.80862 3.32102 3.02281 3.21756 2.60657 4.09921
threshold=0.036842105263157905 0.82000000000000017 0.96315789473684221 0.41578947368421054 35.00177475663768 1.0000000180025095e-35 40.665243647325205 0.88947368421052642 29.960999727822102 29.688635523226925 1.0000000180025095e-35 28.510728856626674 1.0000000180025095e-35 37.563555625583611
decision_type=2 2 2 2 2 2 2 2 2 2 2 2 2 2
left_child=-1 -2 3 9 7 -6 12 10 -9 -3 -5 -12 13 -7
right_child=1 2 -4 4 5 6 -8 8 -10 -11 11 -13 -14 -15
leaf_value=-0.00041340555533672928 9.104739281324295e-05 -9.8490153511841707e-05 -0.00047247483270658973 0.000498521965936929 -0.00051504006157894943 -0.0017673817064736037 0.0005241319027965188 0.00010849070653983783 -0.00060218285848628991 -0.00052758617020145875 0.00070602361444741305 8.0831610717499913e-05 -1.2745082918018591e-05 0.00075865127764700949
leaf_weight=8640 74520 41835 5400 7770 12540 1140 3750 5640 3720 6765 615 22830 11850 345
leaf_count=8640 74520 41835 5400 7770 12540 1140 3750 5640 3720 6765 615 22830 11850 345
internal_value=-0.0002419 -0.000175525 -0.000401934 -0.000301012 6.72346e-05 -0.000716964 0.000199003 0.000639801 -0.000735045 -0.000832924 0.00105206 0.000598846 -0.000422949 -0.00358249
internal_weight=207360 198720 124200 118800 70200 29625 17085 40575 9360 48600 31215 23445 13335 1485
internal_count=207360 198720 124200 118800 70200 29625 17085 40575 9360 48600 31215 23445 13335 1485
is_linear=0
shrinkage=0.08


Tree=108
num_leaves=15
num_cat=0
split_feature=8 0 12 6 12 2 5 5 8 0 0 2 2 2
split_gain=2.99951 3.59318 3.49013 3.48627 2.20435 2.9209 2.48562 2.88557 2.28238 2.15776 2.21137 2.06459 1.98376 2.35331
threshold=0.19150137225601038 0.57368421052631591 1.1300000000000001 29.73350195717769 0.52000000000000013 0.91666666666666685 32.838924492491053 36.759245327969943 0.3913216682145641 0.97368421052631593 0.10000000000000002 1.0000000180025095e-35 0.25000000000000006 0.91666666666666685
decision_type=2 2 2 2 2 2 2 2 2 2 2 2 2 2
left_child=2 3 12 11 5 8 -6 -8 -3 10 -4 -2 -1 -14
right_child=1 4 9 -5 6 -7 7 -9 -10 -11 -12 -13 13 -15
leaf_value=9.586978059095197e-05 -0.0003944209708705023 0.0022252354925544043 -0.00041862306895429835 -0.00014640705619783795 0.00066146449721660378 -0.0015414356697933448 -0.00029672756374720955 0.00043762312893493813 0.0045849445193396083 -0.00094250321549877369 -0.00011581852525970244 0.00036579329472606734 -0.00016361428124102742 0.00014447611096752948
leaf_weight=30060 1200 1260 5400 38544 3171 306 5712 9219 1020 1620 27420 9168 59022 14238
leaf_count=30060 1200 1260 5400 38544 3171 306 5712 9219 1020 1620 27420 9168 59022 14238
internal_value=-0.000236113 0.000191952 -0.000452383 -0.00018188 0.00107579 0.00326063 0.000763671 0.000331657 0.00424561 -0.00114983 -0.00100914 0.00112037 -0.000219901 -0.000444446
internal_weight=207360 69600 137760 48912 20688 2586 18102 14931 2280 34440 32820 10368 103320 73260
internal_count=207360 69600 137760 48912 20688 2586 18102 14931 2280 34440 32820 10368 103320 73260
is_linear=0
shrinkage=0.08


Tree=109
num_leaves=15
num_cat=0
split_feature=0 0 12 2 0 6 6 4 8 5 4 0 5 5
split_gain=2.63388 2.41631 2.00505 2.91132 2.87607 4.91883 2.63073 3.29519 3.30396 2.46552 5.0007 4.39275 3.88137 3.30535
threshold=0.04736842105263158 0.99473684210526325 0.82000000000000017 1.0000000180025095e-35 0.37368421052631584 29.792536269536985 30.66789794876432 0.13636363636363638 0.43977017562660831 35.110213769505684 1.0000000180025095e-35 0.88947368421052642 28.55886275847314 41.932593331801648
decision_type=2 2 2 2 2 2 2 2 2 2 2 2 2 2
left_child=-1 2 6 -4 5 -5 -2 -8 -9 11 -11 -6 -13 -12
right_child=1 -3 3 4 9 -7 7 8 -10 10 13 12 -14 -15
leaf_value=-0.00033300192961395589 0.00024035039090706823 -0.00069649742319478501 -0.00027952557844869821 -8.4240928328843125e-05 0.00020739469186639194 -0.0010859707620416463 -0.00057836505570903229 -7.7637827732346032e-05 0.0016808554863633198 -0.0004581424162269569 2.0006469091205249e-07 0.0001028759918593802 -0.00045712450461831929 0.00088982444429124648
leaf_weight=10800 36855 2160 17550 33345 31905 2460 23841 8460 3744 10005 12990 6270 5250 1725
leaf_count=10800 36855 2160 17550 33345 31905 2460 23841 8460 3744 10005 12990 6270 5250 1725
internal_value=-0.000220681 -0.000153848 -0.000124282 -0.000323294 -0.000162388 -0.000742915 0.000207406 -0.000278543 0.000790559 0.000142635 -0.000495148 0.000505698 -0.000833335 0.000443083
internal_weight=207360 196560 194400 121500 103950 35805 72900 36045 12204 68145 24720 43425 11520 14715
internal_count=207360 196560 194400 121500 103950 35805 72900 36045 12204 68145 24720 43425 11520 14715
is_linear=0
shrinkage=0.08


Tree=110
num_leaves=15
num_cat=0
split_feature=5 5 0 0 0 0 12 6 4 8 0 12 4 4
split_gain=2.60472 2.71504 4.65707 4.90194 3.41607 3.14876 2.01618 1.96557 1.89773 2.37963 1.99274 1.85613 2.97284 4.44303
threshold=25.876686167607698 30.26085102695907 0.90000000000000013 0.37368421052631584 0.96315789473684221 0.3421052631578948 0.82000000000000017 26.33863757197113 0.13636363636363638 0.45469976110161309 0.59473684210526323 0.52000000000000013 1.0000000180025095e-35 0.13636363636363638
decision_type=2 2 2 2 2 2 2 2 2 2 2 2 2 2
left_child=11 4 3 -3 5 -2 -6 -7 -5 10 -10 12 -1 -14
right_child=1 2 -4 8 6 7 -8 -9 9 -11 -12 -13 13 -15
leaf_value=-0.00060496068841820144 -3.2368531118586332e-06 -0.00090534839659213776 -0.0010058194911796799 -9.246275620600207e-05 0.00019012698064060855 0.00074169446898269067 -0.00043515554447999305 0.00024876108104101473 -0.00050043727208493082 0.00039606870302157543 0.00011635160710495867 -0.00018408088999256997 0.0036462424338603457 -0.00029147498131717428
leaf_weight=1890 29400 4680 3768 61728 2115 672 3525 25800 4896 9768 17136 38388 1917 1677
leaf_count=1890 29400 4680 3768 61728 2115 672 3525 25800 4896 9768 17136 38388 1917 1677
internal_value=-0.000207949 -6.10706e-05 -0.000314272 -0.000208376 0.000358692 0.000548108 -0.00151773 0.00118102 -8.19453e-05 0.000420124 -4.067e-05 -0.00075529 0.000621442 0.00197217
internal_weight=207360 163488 101976 98208 61512 55872 5640 26472 93528 31800 22032 43872 5484 3594
internal_count=207360 163488 101976 98208 61512 55872 5640 26472 93528 31800 22032 43872 5484 3594
is_linear=0
shrinkage=0.08


Tree=111
num_leaves=15
num_cat=0
split_feature=8 12 0 5 8 2 2 4 4 2 2 4 12 2
split_gain=2.3275 2.87754 2.87012 3.35538 2.57719 2.36348 2.2847 2.99643 2.91888 2.36826 2.23384 2.4634 4.32985 2.05382
threshold=0.13255526571103443 1.1300000000000001 0.58421052631578962 30.26085102695907 0.34967450091932278 0.25000000000000006 0.58333333333333337 0.13636363636363638 1.0000000180025095e-35 0.41666666666666669 0.41666666666666669 1.0000000180025095e-35 0.52000000000000013 0.75000000000000011
decision_type=2 2 2 2 2 2 2 2 2 2 2 2 2 2
left_child=1 5 3 -2 -5 -1 8 -8 9 -3 11 -7 -13 -9
right_child=2 6 -4 4 -6 10 7 13 -10 -11 -12 12 -14 -15
leaf_value=0.00011206235943749095 0.00019926820470846774 -0.0004105917376627052 0.00030722101915146594 -0.00047285681026975056 -5.3895640618342158e-05 6.1909811368860654e-05 0.00012948865455553443 4.4800026516018735e-05 -0.0001558957704560123 -0.0010678337639687435 -4.7462444489843899e-05 0.0011037347173282381 -0.00062882883002701479 -0.00039853920543412024
leaf_weight=28332 14472 5052 22536 9336 31104 4356 8634 1788 12330 1392 54972 1629 8145 3282
leaf_count=28332 14472 5052 22536 9336 31104 4356 8634 1788 12330 1392 54972 1629 8145 3282
internal_value=-0.000197147 -0.000404091 0.000149983 -0.000162007 -0.000536105 -0.000186713 -0.00105622 -0.000270872 -0.00162949 -0.00300931 -0.000439005 -0.00133617 -0.00204134 -0.0018146
internal_weight=207360 129912 77448 54912 40440 97434 32478 13704 18774 6444 69102 14130 9774 5070
internal_count=207360 129912 77448 54912 40440 97434 32478 13704 18774 6444 69102 14130 9774 5070
is_linear=0
shrinkage=0.08


Tree=112
num_leaves=15
num_cat=0
split_feature=5 0 6 5 0 0 0 2 12 2 2 4 4 12
split_gain=2.258 2.435 3.52018 3.37022 3.53157 3.17035 3.14801 1.5071 4.59753 2.39907 1.83304 3.33319 2.70955 3.29888
threshold=25.876686167607698 0.94210526315789489 29.893552987076848 30.26085102695907 0.37368421052631584 0.83684210526315794 0.3421052631578948 0.41666666666666669 1.1300000000000001 0.25000000000000006 1.0000000180025095e-35 0.13636363636363638 0.13636363636363638 0.52000000000000013
decision_type=2 2 2 2 2 2 2 2 2 2 2 2 2 2
left_child=7 3 -3 6 -5 -6 -2 8 9 10 12 -12 13 -1
right_child=1 2 -4 4 5 -7 -8 -9 -10 -11 11 -13 -14 -15
leaf_value=0.0029695914843813421 -1.3206748065872465e-06 -0.00010991452670526857 -0.001203832760273604 -0.00081779023594122282 5.5846624192507931e-06 -0.00037452764719900434 0.00029141750761023209 -4.9835140212748902e-05 -0.00043281916774094476 -0.00032494783257962456 0.0004682062617237729 -0.0002253063501374188 0.00055004731223190137 -0.00075943814732029678
leaf_weight=507 29400 7944 1752 4680 85296 11136 23280 23352 5130 5922 2952 2358 1116 2535
leaf_count=507 29400 7944 1752 4680 85296 11136 23280 23352 5130 5922 2952 2358 1116 2535
internal_value=-0.000190974 -5.422e-05 -0.00128383 2.33023e-05 -0.000247015 -0.000142859 0.000542139 -0.000700585 -0.00120078 -0.000509424 0.000280522 0.00126553 -0.000977395 -0.00221433
internal_weight=207360 163488 9696 153792 101112 96432 52680 43872 20520 15390 9468 5310 4158 3042
internal_count=207360 163488 9696 153792 101112 96432 52680 43872 20520 15390 9468 5310 4158 3042
is_linear=0
shrinkage=0.08


Tree=113
num_leaves=15
num_cat=0
split_feature=0 0 12 2 8 6 4 8 4 5 5 0 6 2
split_gain=2.21197 1.89053 1.65053 2.34686 2.1587 2.11776 2.7999 2.64854 2.40593 2.30808 1.80569 1.76939 1.6939 1.81134
threshold=0.036842105263157905 0.99473684210526325 0.82000000000000017 0.75000000000000011 0.89740197898730634 30.66789794876432 0.13636363636363638 0.41650226108818839 1.0000000180025095e-35 43.774092683067259 37.551528120246189 0.62631578947368427 26.767541126904895 0.75000000000000011
decision_type=2 2 2 2 2 2 2 2 2 2 2 2 2 2
left_child=-1 2 5 -4 -5 12 8 9 10 11 -7 -8 13 -2
right_child=1 -3 3 4 -6 6 7 -9 -10 -11 -12 -13 -14 -15
leaf_value=-0.00031272493948849504 -0.00011433815587632842 -0.00061754163808684854 -9.4506492188005134e-05 4.579588373941035e-05 0.00079026517079873156 -0.00043979118236436534 -0.0012987600624612078 0.0014342805163488498 -0.0011550311438983153 0.02265728020773156 0.0012096541161751681 0.00027178165051580064 0.00050514285562197028 0.00034915619337002837
leaf_weight=8640 13257 2160 88725 33855 270 7956 1890 3951 11043 180 4842 6183 19206 5202
leaf_count=8640 13257 2160 88725 33855 270 7956 1890 3951 11043 180 4842 6183 19206 5202
internal_value=-0.000182101 -0.000127619 -0.000101752 -0.000281321 0.000282489 0.000197529 -0.000240812 0.000744672 -0.000745273 -7.07641e-05 1.24829e-06 -0.000270533 0.000617017 6.97744e-05
internal_weight=207360 198720 196560 122850 34125 73710 36045 12204 23841 8253 12798 8073 37665 18459
internal_count=207360 198720 196560 122850 34125 73710 36045 12204 23841 8253 12798 8073 37665 18459
is_linear=0
shrinkage=0.08


Tree=114
num_leaves=15
num_cat=0
split_feature=0 0 6 12 12 5 0 0 0 0 6 6 12 2
split_gain=1.99275 1.79285 3.67792 1.75048 1.68924 1.63684 3.68557 3.01155 2.89645 1.39519 2.55427 2.0085 2.11466 2.00272
threshold=0.11052631578947369 0.94210526315789489 29.73350195717769 0.52000000000000013 1.1300000000000001 30.26085102695907 0.3421052631578948 0.37368421052631584 0.83684210526315794 0.52105263157894754 35.11741528649177 32.995378610687418 0.82000000000000017 1.0000000180025095e-35
decision_type=2 2 2 2 2 2 2 2 2 2 2 2 2 2
left_child=4 5 3 -3 -1 6 -2 -7 9 10 11 -9 -13 -11
right_child=1 2 -4 -5 -6 7 -8 8 -10 13 -12 12 -14 -15
leaf_value=-0.00011260238872393202 -2.6890865097925304e-05 0.00079491850291103024 -0.0011107365122385875 -0.00014680770669789952 -0.00031561751731812846 -0.00073780206255292559 0.00026085551658353202 -0.00015512891614278415 -0.00034401554128541382 -0.00021800451222736141 -0.00059633891951493931 -0.00037071744554631589 0.00049261666878006971 0.00014426029713119552
leaf_weight=17820 45792 1374 1968 9618 5940 4680 23736 9672 11136 9048 7992 2394 3990 52200
leaf_count=17820 45792 1374 1968 9618 5940 4680 23736 9672 11136 9048 7992 2394 3990 52200
internal_value=-0.000175928 -8.67121e-05 -0.000993829 -0.000423583 -0.000865322 -1.78172e-05 0.000280978 -0.000223279 -0.000127097 3.13243e-05 -0.000485032 9.66598e-05 0.00119799 0.000234063
internal_weight=207360 183600 12960 10992 23760 170640 69528 101112 96432 85296 24048 16056 6384 61248
internal_count=207360 183600 12960 10992 23760 170640 69528 101112 96432 85296 24048 16056 6384 61248
is_linear=0
shrinkage=0.08


Tree=115
num_leaves=15
num_cat=0
split_feature=12 2 4 2 5 4 2 2 5 5 0 2 4 4
split_gain=1.87153 3.30797 4.8041 3.97487 4.32394 3.77633 2.27868 6.19803 4.10317 3.05839 2.56499 2.17305 2.61542 6.02083
threshold=1.1300000000000001 0.58333333333333337 0.13636363636363638 0.75000000000000011 22.654045859150042 1.0000000180025095e-35 0.91666666666666685 0.75000000000000011 26.720469706521925 26.422981025692454 0.31052631578947371 0.25000000000000006 1.0000000180025095e-35 0.13636363636363638
decision_type=2 2 2 2 2 2 2 2 2 2 2 2 2 2
left_child=11 5 6 4 -4 -2 7 8 -3 -9 -10 12 -1 -14
right_child=1 2 3 -5 -6 -7 -8 9 10 -11 -12 -13 13 -15
leaf_value=0.00035410561481345992 -0.00040270107938942672 0.00099543035565359712 0.00064288288035116718 -0.00036400116809755251 8.1535066961384853e-05 -7.6406810437649946e-05 -6.7540473073763357e-05 0.00011436838581863942 -0.0011432142318645955 0.0009578876560147147 -0.00023838331066614553 -5.4819467184305095e-05 -0.00033679640434060033 0.00029218902514315773
leaf_weight=17280 10368 930 126 5184 2754 19584 4608 1296 684 3312 2994 110592 13824 13824
leaf_count=17280 10368 930 126 5184 2754 19584 4608 1296 684 3312 2994 110592 13824 13824
internal_value=-0.000162425 -0.000578706 0.000168858 -0.00138294 0.000999998 -0.001125 0.00107407 0.00180035 -0.000274307 0.003875 -0.00147472 -2.36645e-05 0.000445511 -3.70389e-05
internal_weight=207360 51840 21888 8064 2880 29952 13824 9216 4608 4608 3678 155520 44928 27648
internal_count=207360 51840 21888 8064 2880 29952 13824 9216 4608 4608 3678 155520 44928 27648
is_linear=0
shrinkage=0.08


Tree=116
num_leaves=15
num_cat=0
split_feature=8 0 6 12 6 4 2 12 4 2 12 0 6 5
split_gain=1.77115 2.38499 2.40244 2.02965 1.95984 2.73446 5.09882 4.04326 3.83588 9.15299 6.60019 3.13038 3.56599 3.0639
threshold=0.12985801453114029 0.58421052631578962 29.73350195717769 1.1300000000000001 35.404714906562425 1.0000000180025095e-35 0.58333333333333337 0.52000000000000013 0.13636363636363638 0.91666666666666685 0.82000000000000017 0.80526315789473701 24.500531633455537 21.867282967595553
decision_type=2 2 2 2 2 2 2 2 2 2 2 2 2 2
left_child=3 2 -2 4 5 6 -1 13 -9 -10 -11 12 -12 -7
right_child=1 -3 -4 -5 -6 7 -8 8 9 10 11 -13 -14 -15
leaf_value=0.00030117853334519584 0.00018400247374999158 0.0002867193130788383 -0.0001152091734240655 -0.00014236968945859795 -0.00045001872503421507 0.0019095880255454464 -0.00014001430385649801 -0.00028731550396735099 -0.0001312284711127923 -0.00048509698525244931 0.0001847891151949388 0.00044826363975074941 0.0010779461330809518 0.00049845479501746252
leaf_weight=16704 13344 22776 41736 32376 11556 531 10314 24840 20385 1428 279 684 1179 9228
leaf_count=16704 13344 22776 41736 32376 11556 531 10314 24840 20385 1428 279 684 1179 9228
internal_value=-0.000156252 0.000145292 -0.000139435 -0.000337536 -0.000154684 -2.26261e-05 0.000643125 -0.000329817 -0.000627115 9.51766e-05 0.00383193 0.00664052 0.00873525 0.00115667
internal_weight=207360 77856 55080 129504 97128 85572 27018 58554 48795 23955 3570 2142 1458 9759
internal_count=207360 77856 55080 129504 97128 85572 27018 58554 48795 23955 3570 2142 1458 9759
is_linear=0
shrinkage=0.08


Tree=117
num_leaves=15
num_cat=0
split_feature=0 0 5 6 0 0 0 12 4 12 2 2 0 5
split_gain=1.76337 1.54866 1.33858 2.12322 4.14855 2.6437 2.79015 1.93131 2.51203 2.4097 2.29359 2.29305 2.63302 1.74219
threshold=0.036842105263157905 0.99473684210526325 24.308296661500126 29.73350195717769 0.9526315789473685 0.41578947368421054 0.83684210526315794 0.52000000000000013 1.0000000180025095e-35 1.1300000000000001 0.41666666666666669 0.41666666666666669 0.28947368421052638 34.998069903465364
decision_type=2 2 2 2 2 2 2 2 2 2 2 2 2 2
left_child=-1 2 -2 7 5 -5 13 -4 9 10 -9 -10 -13 -7
right_child=1 -3 3 4 -6 6 -8 8 11 -11 -12 12 -14 -15
leaf_value=-0.00026581342873943192 -0.00014660234546770703 -0.00055495026480021335 0.00060936969786682684 -0.00038350550014646837 -0.0012396436723405241 0.00015428533723774269 -0.0002145568330245259 0.00056449217476366154 -0.00015146899725626174 -8.5374780330882592e-05 0.00010646818395047601 -7.29816004808971e-05 0.00026297934738882744 -5.8451790488317361e-05
leaf_weight=8640 21192 2160 8292 10560 1176 36936 14544 5715 17871 5118 7080 10710 11550 45816
leaf_count=8640 21192 2160 8292 10560 1176 36936 14544 5715 17871 5118 7080 10710 11550 45816
internal_value=-0.000140434 -9.17893e-05 -6.8378e-05 4.19498e-06 -0.00021293 -0.000161402 -3.09179e-05 0.000361069 0.000197917 0.000985651 0.00157249 -0.000153699 0.000388138 0.000148683
internal_weight=207360 198720 196560 175368 109032 107856 97296 66336 58044 17913 12795 40131 22260 82752
internal_count=207360 198720 196560 175368 109032 107856 97296 66336 58044 17913 12795 40131 22260 82752
is_linear=0
shrinkage=0.08


Tree=118
num_leaves=15
num_cat=0
split_feature=0 0 5 0 0 5 12 8 0 0 0 12 12 2
split_gain=1.53361 1.51852 1.51242 3.36321 2.36626 2.49777 2.18833 2.17434 1.9533 1.58533 2.53463 1.55618 1.44823 1.42237
threshold=0.12105263157894738 0.98421052631578954 30.26085102695907 0.90000000000000013 0.44736842105263164 35.110213769505684 0.52000000000000013 0.21678390714828746 0.3421052631578948 0.66842105263157903 0.60526315789473695 0.52000000000000013 1.1300000000000001 1.0000000180025095e-35
decision_type=2 2 2 2 2 2 2 2 2 2 2 2 2 2
left_child=-1 2 8 4 5 6 -4 -8 -2 10 -6 -5 -3 -10
right_child=1 12 3 11 9 -7 7 -9 13 -11 -12 -13 -14 -15
leaf_value=-0.00014609026269374786 -1.7298379048424341e-05 -0.0001419733931006306 -0.0015956637097084983 0.0011167144263401962 -9.7800761804235361e-06 -0.0012096380153381594 -0.00079547242940194789 9.1883923766254531e-05 -0.00015517171074519995 -8.1472277892290066e-05 0.00047261685798543593 -0.00090232375520954455 -0.00090523974839656603 0.00022153856236710443
leaf_weight=25920 43632 3240 1587 459 30264 2592 2016 9093 3792 39864 12792 3213 1080 27816
leaf_count=25920 43632 3240 1587 459 30264 2592 2016 9093 3792 39864 12792 3213 1080 27816
internal_value=-0.000137348 -5.51165e-05 -1.89721e-05 -0.000219868 -0.000130989 -0.00104553 -0.000583493 -0.000186517 0.000253055 3.76247e-05 0.000374208 -0.00259695 -0.00153704 0.000731965
internal_weight=207360 181440 177120 101880 98208 15288 12696 11109 75240 82920 43056 3672 4320 31608
internal_count=207360 181440 177120 101880 98208 15288 12696 11109 75240 82920 43056 3672 4320 31608
is_linear=0
shrinkage=0.08


Tree=119
num_leaves=15
num_cat=0
split_feature=0 0 5 5 5 0 0 2 5 12 2 12 8 5
split_gain=1.49306 1.42881 3.04735 1.29132 1.13421 3.29697 3.94046 3.03099 2.96687 3.83005 2.12871 4.16037 2.3625 2.00437
threshold=0.05789473684210527 0.9526315789473685 28.72712228603368 45.349083655819506 34.49990858548248 0.46842105263157902 0.77368421052631586 1.0000000180025095e-35 38.158051999768823 0.82000000000000017 0.25000000000000006 0.52000000000000013 0.6787747082990746 41.233528220406733
decision_type=2 2 2 2 2 2 2 2 2 2 2 2 2 2
left_child=-1 3 -3 4 -2 -6 7 8 9 -7 11 12 13 -9
right_child=1 2 -4 -5 5 6 -8 10 -10 -11 -12 -13 -14 -15
leaf_value=-0.00020568416760023217 2.0263577570968163e-05 -4.5778630179958077e-05 -0.00083894645869397389 0.00090755100451837801 -0.00085330346233278439 0.00025238926731851595 -0.000642381965277482 0.0056924283168000569 9.9634629142957338e-05 -0.0013983928546283731 4.9537763681273449e-05 0.000267562050216223 0.0079436409473992251 0.0045308667953112523
leaf_weight=12960 130632 8328 2472 768 4824 1179 7296 612 2976 1965 27816 5376 75 81
leaf_count=12960 130632 8328 2472 768 4824 1179 7296 612 2976 1965 27816 5376 75 81
internal_value=-0.000131561 -7.61336e-05 -0.000970372 -2.35313e-05 -3.7282e-05 -0.000352492 -0.000149614 0.000161675 -0.00147713 -0.00319084 0.000457006 0.00180469 0.0073125 0.00585281
internal_weight=207360 194400 10800 183600 182832 52200 47376 40080 6120 3144 33960 6144 768 693
internal_count=207360 194400 10800 183600 182832 52200 47376 40080 6120 3144 33960 6144 768 693
is_linear=0
shrinkage=0.08


end of trees

feature_importances:
Column_0=684
Column_12=369
Column_5=241
Column_6=118
Column_2=99
Column_8=90
Column_4=70
Column_10=8
Column_11=1

parameters:
[boosting: gbdt]
[objective: quantile]
[metric: quantile]
[tree_learner: serial]
[device_type: cpu]
[data_sample_strategy: bagging]
[data: ]
[valid: ]
[num_iterations: 120]
[learning_rate: 0.08]
[num_leaves: 15]
[num_threads: 0]
[seed: 42]
[deterministic: 0]
[force_col_wise: 0]
[force_row_wise: 0]
[histogram_pool_size: -1]
[max_depth: -1]
[min_data_in_leaf: 20]
[min_sum_hessian_in_leaf: 0.001]
[bagging_fraction: 1]
[pos_bagging_fraction: 1]
[neg_bagging_fraction: 1]
[bagging_freq: 0]
[bagging_seed: 400]
[bagging_by_query: 0]
[feature_fraction: 1]
[feature_fraction_bynode: 1]
[feature_fraction_seed: 30056]
[extra_trees: 0]
[extra_seed: 12879]
[early_stopping_round: 0]
[early_stopping_min_delta: 0]
[first_metric_only: 0]
[max_delta_step: 0]
[lambda_l1: 0]
[lambda_l2: 0]
[linear_lambda: 0]
[min_gain_to_split: 0]
[drop_rate: 0.1]
[max_drop: 50]
[skip_drop: 0.5]
[xgboost_dart_mode: 0]
[uniform_drop: 0]
[drop_seed: 17869]
[top_rate: 0.2]
[other_rate: 0.1]
[min_data_per_group: 100]
[max_cat_threshold: 32]
[cat_l2: 10]
[cat_smooth: 10]
[max_cat_to_onehot: 4]
[top_k: 20]
[monotone_constraints: ]
[monotone_constraints_method: basic]
[monotone_penalty: 0]
[feature_contri: ]
[forcedsplits_filename: ]
[refit_decay_rate: 0.9]
[cegb_tradeoff: 1]
[cegb_penalty_split: 0]
[cegb_penalty_feature_lazy: ]
[cegb_penalty_feature_coupled: ]
[path_smooth: 0]
[interaction_constraints: ]
[verbosity: -1]
[saved_feature_importance_type: 0]
[use_quantized_grad: 0]
[num_grad_quant_bins: 4]
[quant_train_renew_leaf: 0]
[stochastic_rounding: 1]
[linear_tree: 0]
[max_bin: 255]
[max_bin_by_feature: ]
[min_data_in_bin: 3]
[bin_construct_sample_cnt: 200000]
[data_random_seed: 175]
[is_enable_sparse: 1]
[enable_bundle: 1]
[use_missing: 1]
[zero_as_missing: 0]
[feature_pre_filter: 1]
[pre_partition: 0]
[two_round: 0]
[header: 0]
[label_column: ]
[weight_column: ]
[group_column: ]
[ignore_column: ]
[categorical_feature: ]
[forcedbins_filename: ]
[precise_float_parser: 0]
[parser_config_file: ]
[objective_seed: 16083]
[num_class: 1]
[is_unbalance: 0]
[scale_pos_weight: 1]
[sigmoid: 1]
[boost_from_average: 1]
[reg_sqrt: 0]
[alpha: 0.9]
[fair_c: 1]
[poisson_max_delta_step: 0.7]
[tweedie_variance_power: 1.5]
[lambdarank_truncation_level: 30]
[lambdarank_norm: 1]
[label_gain: ]
[lambdarank_position_bias_regularization: 0]
[eval_at: ]
[multi_error_top_k: 1]
[auc_mu_weights: ]
[num_machines: 1]
[local_listen_port: 12400]
[time_out: 120]
[machine_list_filename: ]
[machines: ]
[gpu_platform_id: -1]
[gpu_device_id: -1]
[gpu_device_id_list: ]
[gpu_use_dp: 0]
[num_gpu: 1]

end of parameters

pandas_categorical:null
